0
-0
5
-5
1 2 3
-1 -2 -3
1 -1
2147483647
-2147483648
2147483647 2147483647 2147483647
-2147483648 -2147483648 -2147483648
2147483647 -2147483648
007 0010 00
   42   
1	2		3
 	 4 	 5 	 
10 20 30 40 50 60 70 80 90 100
999999999 999999999 999999999 999999999


   
		
1

100 -100
0 0 0 0
-766522 -947549 	555144 -423222 -486425 -531894  -707368  544492 -785053  419141
362906 470785  142825 	-120204	-537703	-57941  235779  -416592	697498 823054
-203235
-247166
-278673  266105 -445260 692670  -908878	530358 -36517  124551 -738221 	934193	-206156 	-834745	157713  -385161	739387	318353  297129	856926 807130  -241597
529089	-486595  -657321	-30571 -204225
723444
688303
-158697 -438507
914985
837876 	505575 	-340073 	-554090  374554
-707174	-482785
225965 -101510 882871 223757  -162397  -240839 	-540052 -709898 	68554 	34977
-18429 109633 -472747	160198	805185
-384486
-668320	-48473  -993195
913919  -776841  825609	311349  -374116
999633 632898	934484 	112232 926220
948461
842813	744129
-878523
841319
985896 -834835  -820372  534921 	19195
-653704 	-444136  106612  829624	272119
408629 	362893 	-216881
-480105
-865728
-955888  233772
-538171 -984920  -851117 484450 323518
-307042 	-851402  78263 -500869 -415991 	402948	17987 	-550713 	130855 	-722522 516980 961915 850491 	197564	208403 -8738  -490398  645466  -8104 	693443
-115251
-415849
-476118 833929 	936228
806379 	795092 154115  -794671 	-893909 367646 	133695	753276 	-969051	-804414 	942732 	580341  779843  -504277	-651221  -147688 18463 9481	-551740 813303
225109
54553  928094 788283
-831995 785394  -610297 	-856301 247879
-483649 214081 	246797	-916656	298937
404517
-341109 -499440 -442966 	-169977 -725529 408636  353713	-370861  -41131	-336929
843963
-225046
-669181	-81061
692611	371487 109269  -983594	400610
865862
556960
-674003	-428845  -409115	268420 	-558278
898628 904547
330190
739269 -419760	-907544
-725652	336123  -450640 	-661139  554473 -73404	156957	479891 -103076	176306  -979722  -765384 -842203	981915 	852008  449173  895675  -687411  144185 	-924444
-623854
938790  -303357	640783  952062 -136575 	682409 404897 	812073  541527  700264
926133 	-34675	-266714 -359969 720789	667960  827296	-522698 -532496 -950373 	384189	-594978	-164357 	-311585 -415728 	812679  -854415	621783 -414633 	-263594
90351
129215	440443	508754 	971874	555982 	545680	406409  -586788  -236173 	-95504 	-853255  989934	393007 	930996 -307521	306851	-341672  391224 	778416	-738642
-73508  -72724 	416893
889913  669384  543423 -644132 381710  -822171 	-404857 80981 	392202 	327373  298684 	-297060 	-804153 	716358  996487  575250 -507445 410954 	-349004  -528895
686340
86236 	-25769	-894685 	168964 	-477394 	924074  779090 	-745493 	-42731	-720368
-481501 761320  337272  -418436  606027 	630902  93244  16273 314386 	-498266 	-424128	-77521 	-837506 	496412 -400785  -508232 	-430173 	-295677 -329521 	872813
-987636	977072 	-262309
869907 	999488  752650 	-121249  128730 567653 	540639 145322 677445 	265112  882846 	-537497  23891 -539840	-427614 	-85986	18465  -939131 	-184508	-295086
596414 	844738
577078 	994819
750935 	-828231
570817
-890769 996320 -266080 -529773  363450
759990
303035
-499735
-6871
-760108 182729  987590	-542896 -24754 466884	-462619 	608301 	-226371  -648121
241719
741834 315422 -490708	-786298 	462119	620009 -367536	783194 434995 	259154
28027 	-778669 	-90836 	-240437	332918	869768  737925 -35857	483333 	-679155  -86718 	-630615 	538880	94182 364108 	-433597	291661  694916 	928578  128630
673175	-458196
846164	250227
-978712  83445 	988231 	-599326  -820457
-1561 	354556  492841	29326	-60110 	662900	-963839 	-804853	-382944	-535279
-48428  -431848  -356965  -472769 	-516527	-746967	512642 -596122  -338248	-749276
-243178
-366099
484822
-734537	-424728  -904547 	-885651 160477
-974278 203899  -403698  -15604	3936 -76270  -285488 -613362 	-892256  -470515 	973553 	807164 	1870	-760742 	724101	-862965 -159656 31267  -844639  210101
385018  -829738
-635487
-842578 	-671728	-994389 -143277  -55226
482593 	-407097
441550
937581
652195  659366
-759297  142030	-528541
-701709	-850243 	-874930 	-652035 662262 -354892 	247897	570678	728557 193713 931880  -394740 -79029	-739212 -17070  444262 	-362275 	467447	-155879  976935
-85883 	331240	707595 	31223	-808651
405371  -780639
-136718 	454739
389538 	982214
594883 153636  -923041	-46161 	-815326 	-340410 -470682  -322046	-756895  620150	-152384 	813848 	79186 729997 -997587  379213  823195	137901 -31166 	-133358
-528769
914552 	-762055  -32274 	986130  -753656  358345 745130	-677100 	45169	955915	502826 -387922	67181	479355 	-426587  -128654 	750542 	11874	-9684	-488860
599859	139655  -208934  -45074 	956332
795189
-138543	-908465 -332736 	561759 -8097 	478970 915601  701647 	-200501  -190335 391856 	661769	721232	367382 	-681013 38779	-922365 	-735243	53380 	237698
134592  -924715	294906 -856512 -507652	323640 435289	931328	-397323	-522927 	566082  -810461  -89896 	-793550  594610  329065  476166 829931 	-789222  -69539
914341  222969 	-699861
-467371  -36211 -464542 	398466	-980293	885147 	687437	-24294 	889973	-396793
-193240
13360 -776332 	-502544	-200222  199408	-247209  205467  -379511	466494  -380857 -953990 740714	380407 	-169936 -424373	-983018  186839 814177	438225	632237
-128627	-631657  -578903	-722841 	649436	131220	838071 -232742 	113278 52339
581570
803845
518792 414332	-166568 773654 	687342	168769	-232915 	-810622	658180 -172518
-509640  -11242 -947520 	299283	854374 	977969 177356  -312121 919430 279435
33108 -756478
860717
-715492 	-184951  -48641 	-221933 406111
26235	291116 -144119 	969337	995485  -413343 -931389 	447623 -222943  -544353 -70159 -67406	993458  -504836  794009  -239393 -791639  437975  -229643  141827
623968 -690557
800208  -696568
-474341 674604  -634054 -769468	386338
653460 -501022 	234914  -321003 -966905	-634580 	-443484 -890112 -734169 	555495 	-117182 	103281 -761661 	563773 	-866710 -1240 -59899	631619  -240750 76338
-423250
327658 	227598	149986 	493492 	-318037
663243
-760057 	788435 	373032  365071 	840683	612631 	156233 	511710 	815068 -549064
-105012	-344591
999828 	-679893
-808688
-820978 	-804483 -94290	-797490	561516	549367 -218503  702403  -727129 	166794  -874211 229906	177732	177935 -308683	405119  -743663 	-138472 -258452	832087
-621641
473666	598888
-263851  -987196
-699580	187661 378551 -159495  -854069  -702468 553924 327857	-935708 	-807571 	564709 	112502 	-548834 	-211064	-119548  -48636 -285090	-669889 	-223943 -346450
422326 	422888
399078 -353198 -904753  -537540	-171073
609248
602561
-392986 -311878
43092
-96851	-631542 -729078 	-202648 116906 	475705 -517423 	49126 171728	747670
-99726 	202506	-151864 487927 	342474
-318912
680494
-35107 744884 	446217 928896  -241140
234952 -160196 	98829
-349308  564066  -287990 -535330  -301505	633928  -647401  -839821  70561 327968  -760869 	112758 	69446 	-593355	899857	627868  -267307 	-263691 525424 	717459
324110	-364940 670024
63962	-844411
-52268	-921132	-880693
351963
793680 	-810635  289766 245875 	63398 -193682	-29624 217038  162485 660562  549629 	878789 	-913970  -56841	906415	698307	198850 	367002 	-605234	-325710
253857 	-890182	655128	323065  357497	-298190 -861773  -308589	-801807	170133
464818 	388598	-178005  -729569 247891 	486532	967133 -822332	-350760	172144
994746
-283336
19784  -597336 	-524905  -711505  -675057  -838174  -379680 	770894 652807 	-787893	64702  616641 	131981	751373 	549048  853215  104216	-920838 	388166  -293754
422512 	986275
613629 	-409082 	631844
713145
680362
-709758 	830817	-475706 -890572 344649
-824102  600371
-57710  898564
-82554  -807663 984772	909467 -534353	712750  -53917  855203 -266867	951341 	-944069  -129899 	-888313 	-168576 52785 -215746 -505538	-190151  -828861  -213752
971796 525121	276914  106817	-112371
-899863
-119563
664927 306128  -41364  -868284	-767515 	754661 898230	48217  251452 	124186
393287
-820455 97826 	-243760 	-858067 999432 	103226	141022	63943 649226	64561
-858318 	-276897 	-494323  537088  378047 317550 	-782602 617955	220339  541798 586870  -302658 -720220	-907022	-261176 	145073 	-290015	706051 348040  -632812
-251371 808035
375168	-303904 -427024 	-738957 676342 	-228208  -83647	865388	-161094 558829 -77806	876190	-189148	-288989 	-608216 	40613  451372 	43382	-229618 	938419
524240
911778 -260630  289437 	-87864 -424216  341064 659849  987899	-879712	-842628 	407574 336960  -148116 	-238082	76019	680020 	572650 424827  -664484	998144
-340686  362227 -415546
542822
46571
-188429	915837 	177913  -753038	-451015
921995 	30121 -580196	-742811	-715357 788506	-844702	-51998  -637914  884666
-241896 66938 -529732	-745485 	-578514 	661082 	-708755 	-503529 657532  36039	-944879 -243146 	161867 	200152	-226338  -19779  685400  156887 	-727851 283348
-739616	86538  -679104	-362205 -654690  -660331  -323332  960287	487577 -527155 -274338 987016 973218	88207  876795 	-404308 774051 	-834619	-474443	-588326
-486454 	687553	693134
-846965  444127 	-874354
15548	-25995  -572133
806665	506516
805180  -275706 	-163831 -725764	595230 	-222921  79991  177867 -777317 -330766
982615 	-194380
814681
705986
958218	211497
600381
44938
-21018 45974 843555 	-352944 	43061
-548810
-259926 	-897957	-894010 -409953 37868
-719119	850643 	-445361
-905120 -159920
178215 -591779 	-239733 	160192	-394759
307032 426899 281450 -750836  -730174	-797245 	-173925 	-217347  667020  -288887	169858	969117  -233268 	583276	-697450	-582546 	263456	67707 	-158231 48739
-305341 413074
224112 -354753 	670915
374873  641868
-892301 	223737  7574  -642411 99394 319161  512430 299680 	624466	764055
-682426  -133960 	448084
625234 282362  930472  -10972	830431
3216	102005	-209742 	-342014  -636811  -36016	912863	118048  -282089	145617
-393915 	478284 	-565307	447538  478467	25513 -335118	6220 -268507	175427 	958111	959757 	668085  513439  -426518	-396462	-744412  202668 418979  139153
-893538
898308 	113674 -526733  337866 -511707  -889919 	-789870 	-133245 	-307325  504408
-397604 	-326463  -401441 354546 	-875928 	904081  612133	-812388 367969 204044	-512999 122295	549137	516487 	783277 	964338  -921780 	915181	932464  -632863
-763763 	-306506 	-659225	533268 -37587 	359552 -460477  507009  -609513 	-970464	544799  -293025 658359	-381290 	190723  414321 	588137	-594912	-631961	281264
515994	201410  -976018 -451484 370873
-356581	-665050 -149780
921264 	972655	-381262 	-229205 	288962  -536846  -540455 -719886 	2820	-678747
923601
-764682  -870484  738065  148503	893493
91235 -73394 	-756228	426682 -569242 	503485	222949 25146  -809282 885107 70334 	-65756	695950 -883324 -49084 -723293 	76358 -128792	-42025 	182607
612651
606057
529430 	354510 	-118438 -214699  869262	-197883 -59350  823725 	923329  901628
-532985 	750747 	-992716  585823  -952321 	-374288	-29011  412431	508049  141784
605348 -763348  -932436  697598 384534 -120789 289587 	606530 963433  853371
-907229  -156389	-79429  -508555	131958	-544354  582061	811373  627523  -881629
-369804  -422961 	-872163
39392 	-901677	-277710 	974649 	349131
-371089
-614378 	582125  128117
-527419 -369311 	798394	483896 -697273  689835 -28966	918351 	-879154 179408 -134553  -126520  168715 	111473  -718788	-185427	-490689 -465236  -573572  -307389
-753971 	566319  581946	4369	917722 	-491246 	458834	267521	475909	-571105
75454 	851390
-793204 	683628	515011
-222576
-131926  -904128
-693978  -965985  -453118	160378  960330 	224803  214550 	509974	-124276	-380937
723003 24712 517410 345730 551041 28853 	-33572  -647189  536734 667184  -261434 -645025  -706486 	510606	146190 24073 	-614024 	922877 865132 136943
156880	-137361	-975147 -964923 	110269
970718 	907933 	-624051  -775571  925287	-798016 99715 -687740 -494652 	-597490 	299774 	104058 	-470641 709628 -256684  -439380 667102 	-167648 	-834285	-217655
799273 -800012  876513  107630 	927601
-902353 938102
941092	-412016 885993  138817  181765 	380155 -931000	-623867  947764  783475
750389	781409 	-183880  419845 880150
563335  -274681 -887391	-795139 	-83360
-315539	-937871  329852 -426792 643219	-55128  28870 	-521560  -253810 	159804	973719	-212673 -94350 -610480 425423	228669 	385529	-202930	-820287 619352
-816925
-96171
168082 	163374 74666
-812056
162283	-804831
-192098	-974120	-387952 	-132178  -186726 634036  -822373 	520107	889819 	173433	898357 	-490933 199487	92835	-644359  437211 	-201548  -644530 	-708832 -436037
-361086
989827
-303291 	764991	300637
-298008  -96933	710176
265025  986587
-341110	-627468	-164832
457432 	327292	29716 207706  639919  -491600 -316568 	-211355  -412168 	712313
-389035 	743324 452980 	-854964 	717495 	777940 	668613 667331	-141968 411336 47114  -708121	328201  -364914 -492445 	-470089	381316 	-676739 499959 -112637
-457387
70965
87997  170197	217435 442136 	206356 -536463	-65135 	-215415 -179733 -28887
972740	531237 -702886 -269502 -345919	-280538 -45099  644733  -566168  92857  12769	-269562 	-1415 	-795270  -81100 	514131  461218  -51150 	-331199 	-859126
546415
851989 	-586181 -57173  241940  -99163
577740 475891
-786611	676677	828673  125937 	-607917
-449806
809079 26522	106698	340307 	-342744  251938	-184965 282006  -176776	231038
-499677
-754741	-616128
-703550 	71277  -185334  -122890 	250795	-710872  205455  -195302	-112824 	-610447
-887570 	815131  -247041  996157 	-979903
59980 	369586 	38027 	-141984 	435912
-826628
-935281 669083	596051  -537517	-387444
637330
186254 	557173 620149
-760492	-438197 625529 	138976  726549
-785218  543480	740784
-932408 	-56843  -448837  -268982  808163  712803 -817584	-79204	814645  -753824	626617	702654	-503089	-559854 700166  546886 	232965 445217	-264674  805749
816298 	-721728 	-476389  -693306	491903 	-324515 	737452 	-480841 596925 769064
81319	572449 	-416519
-313625 220449 	-994814
392810  462320 	-248753	782802	-867186	668657	120769  -165930 	-543178	-98974
598562  -898479 	-903651 	-791177 313193 	643935  754691  -36188	-965856  -739456
956067  838353 	-425340 -804252 372770 -244113  -474896 	-827152 -220188  393575  895406 	360865 -652869 -891395	-168812 311987 	-359301  522507 	466834 583836
-196645
532521
-785195  -783571 	-342855	-229168  847567  -372417 	-712420 	-197376  622064 705756 579486  833953 -720773 	345482	420059 	-700416	-856531  112556  181307	-982228
-823318 -479557	160556  260386  258307 	512423	274215 -402478  633617 	974005
-763560 -494415 47700
958581  -336309
805257 	759454	191980
432233 -637675 599552 -12211 615576
-547555 -916478
-165386 62439  -399192  318208	494491 	50775 608746	-128776 	-111699  471803 -156364  -827137 343304 	125257 127545 	291944 -679806	-418108  -824685 -350079
484575
471151
-1443827844
948180690 -1430383227 1659638772 -2021399492 1319018173 -1873155544
-16546054 46307824
287273739
-1471842432 1173938936 -1652129589 -2136451981 -2094706755 -1949994489
-1502874902 1535387232 -346306187 -765354516 946129416 -546284763
-1377205512
1950256200
1619165046 1572096476
-741736871 228025799 -2113256297 -1285607591 527067749
2026613580 1184921174 1271196686 -1500805962 1857133266 -2044789867 178435273 -708594981
975881177 -1701026006 -1124561632 2134423832 909040457 -1747937264 1809359793
-547642795 1374230161 291287835 1993802312 -1130556790 1291998427 1010832890
-202903486 -1144131069 1905052892 -1679448893 -1693687061 -216609180
-401525534 154294771 -1255692856 -823312092 -1632458824 799099477
1531470530
-619580129 57808864 760996808
-1400727393 1941740145 1523001014 215267594 -1740641680
-1547077090 -2096129047
-1586065961 1390166728 621417436 1343238538
2135292066
-1594328158 -723487695 -167525524 317330212
-16636996 -314975627 -627308935 1753653265 -966445929 -1509116601 502413102
-4760489 -90061465 -1770722459 -502445537 -346883780
1266355002 2101972512 -605108880 -65801094
-479398759 -1375180351 -1206799079 1196312831 2111110945 126410733
2035728021 -1717409937 673727554 1277283291
-1401396145 393257947 1925728067 2020299834 180923795 -1393473077
-1759831168
436638357 -94536574 490205110 1316173042
931740038 -757680263 -2053368460 1791964073 1178395165 1549063579
-1713553780 -851412184
2043806026 -784761850 -614929591
-522336271 -882541620 312823044
478378414
1875559799 -1543424982
-1125298913 2071804833
1988911846 -705450672 -2098539809
-1856307284 -2141981111 -489896444 998942787
1651638265 -520925508 197671426
1412215214 -1178613192
1485038584 -880860797 -778604939 1939874080 -1828795349 -534904303 996368373 -1747602077
878340787 659858079 -282607175 -1917463487 -725443236 2037525697 172337413 689762706
-1127221525 -1934301039 1459663969 -1487819898 -597735212
-1771122717 -84488895 -1730928072 -1258627359 593524353 2048947203 -1651376583
-124792627 -1009298413 -483067350 -509189052 -1346116023 -1955855416 -258812927
-1882744557 719271570 178022135 385372151 230218463
1639190897 -101952708 -1808374283 920435973 516569115 1104617290 2080344701
1324828713 -1605518886 -329102292 -277483894
-1039870157 -1859669497 1604025375
-1664218903 -1504774755 1200635333 1227268129 1632670757 1623040494 -1013025460
-115763876 -1407891452 -416723652 -422109801 1627610652 818250360 -547863037 1261225989
1584413554 -1570302237 1399400551 625153166 -1340305997
1251941721 -1865660924 -414957640 294945310
1429923199 1447303837 -1075931116
-1292313685 1817087163 778137962 -1108367430 -231483985 220476665 -668945422 -1759253285
-487196734
-1259580828 651062650 57042486
1292204514
613064968 -649789050 -1065157414 -143030913
362869590 1457619209 -933395684 792048395 -78432866 -958271936 650543536
1140203830 1716642785 429639769 689472508
950404098 667440356 2136613534
1747671862 -409744631 1016756632 1357272805 916414123
738169478 31417076 1483564381 -1369511062 -1728281673 -1763943826 -621553062 -828562455
-551119770 367523348 -1641616079 518207999 776090984 128155408
1521448233 -1287216334 -182229298 926288975 1198043263 -53339857 -1388029192
-2127239317
1174855108 -1467009995 1201527650 -303182939 -97065080
-1328962882
-1078796473
-807057595 -1706355194 -832729326 -1951124813 1926135531 103584509
2128037822 1723930192 -1338199989 -414929708 -1166434566 -1583959115 1005351453
-1618506958 1254676606 602674476
1443624451
814968965
-239168317 -1061980936 867017402 -2107520902 87227508 862113109 1712068152
-933267320 1223035193
-1281303897 873754186 -878959884 1860254894 -727551919 -2135724017 737158718 1747536487
50274094 -1154657781 -876078058 -153427564 -899507106 -804416857 1024522364 -1950391500
-1415138984 523157244 -1748260771
-1362065452 -426157323 1985606024 1506122969 1288056813 1275216838
972428347 1478971331
389769591 766192687
478129318 1199001518 478280774
-51012257 1664703258 -254743605
-797841936 279225377
507832716 973462799 -77611455 607327504 484962001 1865611050
1511275079 1586628074 -35871725 -1112861164 2019257610 615543182 -1138166308 -175687392
-6630793 -790009720 2064465114 -2071165824 -414723510 210877715 1399767485 590721736
-683526014 1397200076 1359738076 1478832144
675028011 927341426 -1657757040 -1195087048 -681365986 94425225
-1442441719 951589071
-1306007336 1512663301
1208691447 931097017 -367347043 381440813
18028456 1992241010 1014531107 365590669 1761716072 1353963346 -1702722756 1638060007
1126890570 -972398299 1991119080 2020746259 -1574655994 1549227117 569440890
920774572 801489422 587884120 903458102
267491462 902474131 145611441 -1690196450 -511658102 -1904367976
-1071332316 1457633792 -879864567 -2008728785 1348732328
-73135 61510 77086 93854 47295 -41199 94620 69639 47134 1945 -37715 33936 82486 -24597 81650 74194 -87684 30 1596 9201 79608 -18039 44737 -85896 -96601 94949 -34112 -46761 62677 16147 -40873 66144 84715 86004 69773 -3598 97947 54242 43292 93581 58175 -48496 90032 -49275 -22883 17655 -53488 78955 -80478 -50985 -54440 92697 34702 -68712 -1119 -89347 12331 -26832 45909 -30731 -65903 -57813 53089 -33149 -98520 -13344 22246 86041 -59418 -89529 -59707 -15424 56469 -86668 63937 61379 73511 -21054 28595 50124 44222 -6130 -80894 85515 -16675 37730 -42338 -51799 36474 -82127 32420 -58221 9034 42366 40781 5754 -75897 -8406 -42014 -44070 73890 -12998 -13212 -5419 -23041 -42735 97305 62079 39068 24481 47151 97168 70211 -97692 -69926 75359 -9296 16829 -36994 68366 60879 62826 -36082 -89546 78927 -15868 -25 -70279 1156 -32736 41620 89786 -25858 -93523 35494 -1706 34824 33362 16801 27613 -88504 -22291 70795 -49534 -16031 34715 -78413 -74845 -56118 41027 39777 -98078 64347 -82836 -44744 75725 65024 -44117 79675 11204 -72756 -46108 40970 84220 94348 14095 69493 -81094 95793 79843 -59694 -93773 20384 87923 -13042 -90068 -77056 -80798 -85773 -53340 -33963 46299 -81534 50723 -40324 -32196 6859 1721 18260 65208 6024 13515 -17056 -95572 2106 76502 -68986 40204 -98453 68146 88819 62097 -83422 98171 95547 53514 -88068 83733 -80971 -6231 31816 -72177 -24021 79799 -21002 59008 -77323 -26201 14735 -14 3577 73205 -91920 24254 -59020 39846 -42363 -64248 95758 2497 43059 -22673 66212 -62231 -21866 77548 91189 69854 -2186 -97077 45104 45509 -62939 -67694 -89049 -98681 50135 56410 3307 40812 43531 -77684 -20127 -44935 96162 94362 90301 -9861 -44494 8175 69328 34363 -62656 -57806 -51767 -42121 61713 -33745 -49058 -69952 -52458 75893 48713 -85742 96882 43879 20918 68998 44092 -80825 -23807 76079 -82341 -34283 -74256 -48248 90209 52200 27715 -13269 -6378 -66389 75977 71829 -38518 -73773 -25253 62403 -81700 -49275 -16694 27366 18135 -13926 61571 72864 -19869 81786 53137 -60050 48257 48600 -4450 -17075 12279 -55792 -98733 -17892 -35466 -41928 86699 93939 67992 14328 -27470 -5762 -64792 78148 92145 -13082 25818 21333 16748 -5958 -19922 27657 44618 -71470 -53922 69228 59024 -78511 -26438 -63299 41196 -48506 -30994 92295 64265 -79955 90691 -80234 -95116 32954 65578 -91822 52540 51756 6204 54675 -44226 -90390 44598 -31680 42468 41474 23760 71419 -61036 -4102 2892 -41461 54561 92212 -23716 -64903 21819 31367 33802 -76261 4015 -4614 31641 -97223 73718 -37378 60966 79349 -56525 98498 34778 -63202 16975 -58260 -53038 48468 48325 72862 -61674 92917 91891 26748 -5943 -89404 -42637 99616 27833 -39248 -83521 -30700 -3154 -38653 -88778 75266 -45795 35761 -5300 1737 23123 19183 -87826 -89539 70007 -15046 -72940 84481 36675 66086 -28304 94488 -30973 51685 42699 49465 -54426 -1260 71358 -773 -4239 54057 71269 -79595 35441 -34048 -1347 -41568 35364 6390 -7489 -9551 27628 26383 58391 -98270 31554 -63570 15317 -56587 -39709 -79791 34884 68684 -26387 -44552 -60615 -51003 -58749 -5045 57817 88037 -68980 73306 -39616 8689 -13433 88811 -70288 26227 77008 25519 25573 -44765 54873 -57730 69676 7715 -94115 -36123 -88689 -66475 50337 55281 -57760 -64682 65031 34387 -89726 50017 -61500 -85343
-56394 -32298 -52804 35435 6288 57118 47746 67149 -95118 88626 90835 73473 -25694 -77521 -43221 17756 58998 23579 26267 -55286 -42495 7681 57507 -62588 52738 -52320 63372 72923 33905 -30657 -56032 89842 79724 -10170 18875 56378 54822 -81953 -39755 -854 1047 -65341 -71538 -95658 -46955 37026 32215 79403 10047 -60793 58732 -74755 -53489 24747 61153 57238 -89766 39312 31945 97233 -69193 -75570 26417 72856 -65835 58198 41371 -99685 77881 70193 13115 36851 10280 -2907 -88612 82883 38889 12449 -39841 26386 -61 -8113 54416 94352 99633 82638 51027 -74384 11540 -64903 -33279 25080 -39048 -78027 -25743 56839 42536 7125 -32417 -50449 -98566 85900 94943 -98135 51516 36981 -69111 36253 -98114 -1688 71586 -46150 80294 -17188 7177 -5033 -72059 -59425 11693 70807 53452 -33511 -31501 40537 11035 48025 -4148 60401 -27763 78417 4191 97912 -46602 8326 44731 46162 26477 -53149 -2950 46564 45467 26815 -33473 -19612 51428 -9729 84942 4368 92881 -63806 72828 -68782 96036 -39766 17073 83321 -57586 -73712 -43781 33260 5005 -11280 44331 60964 82730 79455 85281 -86354 -57863 2002 66692 -98613 -76121 -61903 23646 57351 14132 -76894 -83201 -31032 -41864 -2787 -79018 59654 -90102 89922 749 5027 60948 72013 36579 -24903 86544 56624 -84936 -54053 67849 29596 15074 -97192 -47123 72199 35831 -25025 -48948 -91189 57160 33838 35218 83095 -39268 61269 -55571 76692 -90546 -5696 -37280 71710 -99924 -58726 -77234 -27664 4710 -7429 75548 3585 6287 53638 -47489 35724 -95971 93181 84451 -82012 -76363 44073 -25421 90353 46569 52813 -8748 -8911 -27515 -40677 58955 -49006 19213 5895 50709 -98780 -31552 -54115 6728 32708 -72090 46442 -81024 31903 -22863 -10879 -69326 34556 -32447 41009 50705 -34426 81979 16070 -1150 47632 26781 -36227 98568 -10959 20285 78676 20776 53834 -92830 26346 -69520 -32414 -82291 316 66111 -42228 77449 83810 -39725 -17233 8115 -7437 35399 40418 -97451 83716 -30964 -34920 -24688 -75618 4578 76606 96291 -10348 -80069 45373 -53211 24927 -17720 -7322 -42704 50396 -29463 -52084 95601 79073 -50148 30810 93230 -47658 -38432 92789 -36546 -30425 -45794 -39914 -46845 -34543 62162 -6669 -59106 -72032 -68574 -79424 77161 73913 29150 60912 -98263 41945 -88920 26430 -2693 62705 -17315 29065 50607 -27980 28662 -52061 33991 -26529 4302 -41779 96653 51170 -66381 -85805 37819 10934 25389 41760 -91463 31721 -8960 3211 79920 -54177 19852 -68446 83041 35845 20605 -17253 80673 -97793 -96901 76713 -44752 -535 52308 -73589 -14688 -5208 60637 -31921 -50939 43803 -31095 -37835 -29376 23561 60717 -10059 -4075 -51788 30750 11135 -44810 9863 83688 97184 -2401 -4296 5013 -26696 18156 -52843 49792 -65622 50967 79834 -40082 -73819 88958 -29234 -38185 45580 13304 -153 -48603 -61767 93605 -60796 23991 -97446 -53703 10500 30967 -64749 65322 35531 39981 88891 -17233 27565 -21347 -34208 47362 48855 -87493 4439 -74054 81022 -57180 -84261 -43516 -33339 24922 65115 -74755 17927 95191 -12271 -31903 -5375 -5547 46893 46144 -32441 -9785 -94800 7941 -68218 -7963 78150 58749 -47844 51219 50968 70359 70166 41149 -54245 -25391 -6910 -14779 76474 33810 27794 93076 17161 -79445 -104 60869 -24889 21570 65600 -62028 -56071 67925 -11555 10577 65485 60514 49852 6109 -81297 -79261 -57532 -9920 -40174 -17822 -16932 71184 -23622 86236 -29883 58699 68990 3667 -28893 16628 -4798 96057 53858 36561 18041 8525 -56138 -51795 -93944 -67221 90782 -38493 73546 -34032 95003 83684 96540 -79011 -44799 -56245 4084 -72996 -74951 -83277 24043 43769 -85889 -93088 4075 37359 -78176 -72755 -31199 62032 -59295 -77898 71661 2196 -18900 -39875 -35146 93356 -25505 16172 64229 -66861 -65586 38083 -55276 -92510 -90784 73946 -6456 -14750 24822 22472 41711 -28588 43798 16614 -64580 82878 41372 -53590 54883 56654 19681 65426 96323 66685 47846 14027 37222 67717 67649 39929 -18824 -8991 26263 41471 -40459 -76523 15832 -19294 -4112 8057 -31893 -59179 -20420 -97232 -99975 37185 98783 -64269 -9852 -24826 22998 40273 -97819 80295 28957 98043 25061 -21458 -97605 12837 -23212 56501 -39388 -98107 43711 -2051 -50567 7935 46946 14585 3482 -34491 -57199 87417 93232 69343 2164 -815 -42173 -31061 -79235 10688 63925 -37200 35427 60751 81909 79475 -28732 -25373 69990 94754 39446 -29529 8241 -50716 -82052 -52183 -64184 -24084 -71070 66958 19366 61935 18691 -28661 83625 63252 28974 -50772 -15945 -94915 -60114 -86989 40240 -94198 -51257 -73189 -26045 -29432 -67221 87485 14929 90607 -97849 -38970 -76355 -60499 -96139 29389 -43065 -10369 10165 -18322 30652 -2640 21553 82698 -91680 -13427 -78969 96758 -61703 -85309 -30137 2872 -81286 42395 23247 -52393 -49617 -34443 29 -96692 -68028 87350 -34736 873 16120 -35207 93363 -91215 -47786 20806 92761 -75368 36614 74590 -45356 23949 2007 78637 -18182 -15310 -58420 64932 90903 -88941 95226 44070 36558 -67981 -33595 26152 67385 -21667 -47905 -5516 -86345 74771 -42908 -70396 -38142 65914 13813 -14930 -96050 -56127 -27622 53275 -68634 3759 -36275 -97659 -88991 52326 81077 24590 80462 56294 -59369 -2640 -76543 -34798 -58660 31051 -76039 79817 62175 -11284 99115 63875 -84257 -84330 -6803 68972 -59651 83849 40602 -71847 -67015 27886 -39005 -16968 46369 68991 98364 -8952 15008 92202 -49415 -94402 80683 -970 -6108 89897 -64680 -34281 -89648 27220 85238 14689 46545 -22742 42275 82725 28475 -50251 48558 -51076 42507 -8861 -15149 91995 22787 -27825 56941 45365 -57966 -81944 39235 -59361 17804 -22491 -30964 41979 -3763 19035 -99811 67255 32634 -636 92324 -51363 -95092 62460 -4559 62582 -37403 -15931 89007 -83395 72567 41285 1579 -50226 37382 79104 30430 44564 -59595 60705 -25779 -15432 7428 68010 -15583 -71042 -74766 37154 72725 -82520 -88524 -65980 -53170 -91801 -47026 -71936 27237 -49768 -74112 -91659 49688 68232 1869 72471 28427 37841 63571 83846 54744 -32907 -87132 -3962 -42138 58848 88179 -81420 -96569 -45280 71901 28820 -79039 22699 67489 -84087 -5385 46282 94899 9040 -3250 85712 -84716 61726 -30318 38680 -89343 92493 -81548 -20333 -79569 -43403 36180 -74540 -73464 90100 -39440 39372 1013 -50334 -49374 37939 72197 -34788 49430 63926 -53102 46388 96397 46314 8839 95588 -72340 67412 51143 -6162 76815 20251 84170 74390 11956 -72710 -56271 -52710 44171 5266 32303 -11523 72369 -58534 39959 57265 16133 -7640 -17384 44201 -14893 -2555 8094 66001 12877 90282 -15209 59492 -36896 47626 43033 -43920 -1679 44242 95187 -33392 -5625 18595 17310 4095 -99948 90399 -90913 -25424 56176 -95726 35689 -64588 -20874 -98278 -21269 -41833 -43685 -17449 -94311 80806 -27659 45140 34027 45837 49598 49845 -59442 -75283 -90107 20684 -6766 -59077 -63717 -30534 -3771 52609 -34501 -38921 -32827 -21277 -75907 49550 4805 49177 -43000 92484 -79762 89683 -14883 26494 -54674 27999 80774 84248 51056 -75000 56037 68364 -21253 -90203 91573 51070 21 -79427 -85340 -12341 -8792 13851 9189 -68401 -40567 96000 71123 57890 -97002 66170 65726 267 -85810 -20102 37464 -89204 -16293 41540 48089 -60788 -14323 31702 82916 -42119 -59840 -86756 76590 91779 2992 16816 97353 56011 50800 32312 -76385 -41781 13230 -24035 3370 -61199 -65347 -11875 -78361 24743 49800 95380 -87073 43695 4646 -31172 -77697 4472 31550 13900 82943 -65822 99763 -64644 26071 46617 -48067 27890 3631 70984 49771 -48593 47107 61480 92851 37429 -35448 -36478 -81218 -30202 12740 -15219 79500 51000 -76513 -70500 76095 8419 11029 -4247 -8693 -50064 -15920 -9684 55682 71812 -93654 -20093 -55630 -8323 61539 15923 63364 -61774 15465 -88235 -38792 -47653 79663 -2005 -59107 98636 90969 -77504 -70542 93877 -85703 -36286 62793 -61287 -24585 -96399 -10013 81875 -70829 -20015 17981 23520 -94036 -13000 -45209 93990 41035 -44458 -46574 43242 37172 96702 -32194 43865 26623 63327 91346 -62946 82209 83175 75181 -95179 -1274 52832 73940 38098 -88601 -33033 -55351 -84242 -25547 -47388 82591 61996 -28885 -86084 21887 71641 -97815 -82541 1881 73113 -28877 73797 73042 -5570 -71716 -94998 -23324 70240 1325 -39400 -201 33311 86041 -73889 -17305 27052 56528 39346 -76925 -51131 -47866 31243 20059 46981 86770 -94366 -89579 -35147 38784 -20065 -12556 28433 3128 95138 -58842 -95183 -9093 79389 -7748 -6839 63901 -20746 -38080 31401 -27680 -83744 64048 -32450 1495 -92275 45475 -26548 -40864 -60230 -10402 2983 72211 -64017 -76985 91337 194 36504 77733 60550 63978 79968 -40381 9402 -36990 50182 -59957 11796 -18110 58694 -13679 17748 42144 -65456 -45799 71042 -63672 52314 41913 79320 -46965 -63795 -18997 80495 84848 37313 -64544 12739 -61949 72028 48071 -58568 -16770 -82222 46104 39713 88598 -68965 -51730 -16743 -61852 90600 -92271 -16457 8539 7808 -20479 16131 95458 66946 93552 -28225 -60165 -50734 -72010 -65516 -51569 -93132 99872 60428 61729 -30043 58756 48647 60528 -39467 56333 -39134 -39467 80192 -93162 -5821 -79165 80393 24939 -64849 31682 58522 22884 86652 70281 -1968 -51771 1571 28830 24217 -63951 -57064 -49338 -40683 -91551 7110 -96064 -29258 8278 -41658 94607 75988 -46828 98647 -46375 -82662 -53580 15156 61759 28436 80320 -14830 19943 -35307 12082 6134 -89035 59366 92763 -287 88797 -17975 3325 60303 94634 49930 55663 40551 37687 68138 84579 -89904 36486 -71343 18387 19774 -88880 -35585 35975 41000 3708 92721 -89710 46198 1555 35300 65321 -87077 -50231 -23669 15227 4344 -20162 -25049 20940 -56356 10746 -22819 60730 -85700 80868 35521 -62712 21525 69372 18410 -76291 89438 31245 -70332 -52874 53472 82483 43238 -64530 3041 8413 -15206 18198 -93469 -53108 18930 54748 86813 -47064 19193 -76359 -34442 -15045 81330 70021 86508 -57009 88318 92221 -67613 -76094 -70072 85134 17808 66219 -4856 -77637 37316 85409 687 90546 34131 60452 -58083 -731 44270 -226 -88490 -55203 -12131 48241 72892 -60654 -57500 -62092 -53111 86659 -86549 9991 -19243 -18861 91408 16984 -24297 64221 -52631 -69183 -65509 -46823 -99073 63201 -33648 -96799 20231 30451 30717 42476 -98492 59380 29360 -37641 -43147 54367 72877 24706 18945 7519 15835 -79184 57606 57314 -98276 -35849 43483 -27094 62468 64794 46159 -45569 -87176 -51545 -61135 -85565 71253 -8506 -90373 -61890 -91498 74850 51544 58148 -21765 -13201 -77009 -87146 -71455 9303 -53273 -57706 76185 -25451 60194 73258 81277 83461 55968 50021 47372 -53490 19365 96434 51773 -5578 -90604 -75587 -21541 -15374 -3381 -663 -82261 98822 12021 44303 -82980 -23235 23422 -64729 -68012 82091 -28062 -13699 38164 8465 37533 -44990 82408 -45198 60447 -84747 -71347 49781 91294 64883 38661 -77017 26790 89812 80527 58539 85285 -24715 11950 59605 -17034 -31931 37729 50771 63380 -7239 -65996 61033 47492 30128 36238 91152 65638 30480 29108 -52838 59753 -38993 85752 -23850 -49260 -99585 -69012 -93712 21867 63961 -69086 93323 -45649 61300 8694 8539 -88074 -12498 -8341 46910 67118 -44336 -97038 67935 -47259 80884 -26173 -33305 -82217 -19319 -21282 32826 44178 -15085 -98392 -70158 79788 -12631 -10514 3822 89897 49140 61479 -92367 -53959 -49139 -13357 -11411 76285 25596 24388 -90678 69254 -64412 26222 -59266 64417 20749 40763 -12153 21234 8516 94665 -85314 36597 -21528 48097 90046 77786 -17292 45537 40480 -95093 -45405 51362 79698 -13041 -7307 -82642 -60860 -26479 -91828 -11093 -1632 64237 40057 -56492 49680 58778 2123 -50879 56026 -69369 97012 -19185 84882 -17555 86081 -91708 -28828 8494 -77246 30300 -37703 -2591 18465 -20667 -43340 37652 -20749 -54121 -70579 -1901 -90197 -47021 -75724 16333 32644 -93463 26528 31087 -59609 -50137 -10840 26740 92006 37266 -18641 -14190 -62436 -74243 35305 77398 -65208 -46211 89942 -90417 20421 1604 87087 36930 -69634 -98922 -18478 -88457 80107 55789 -77173 -12630 22389 -87904 -72972 36467 72749 95443 -18085 -94106 51404 98835 -18173 67471 -44990 -15883 -47425 -49525 -24878 -27477 39533 -16336 15636 75932 -69158 -28525 -60856 -58713 -28267 -69994 -96000 63302 46703 34758 -73162 -45846 42221 -8166 44013 -16511 -28945 -62891 84643 -25743 50493 -35820 -55101 -81324 -18374 60764 -11201 41710 16300 -86702 -65901 -92399 23401 77078 -86773 -72231 559 -85896 -77424 11796 2739 -53080 84728 56270 55388 65012 80913 83335 16874 61564 -6775 -18095 -12881 -48056 86883 98811 75865 39850 -79409 98114 22080 48843 -65450 -75642 83134 22756 -74503 19429 -18632 79432 68931 86179 22001 23351 -39262 -41333 -62324 61728 -32353 -4723 2781 -51935 83400 74374 -13406 -14865 18826 27797 -92066 -82864 24607 -70407 -7871 25476 20912 -55225 -26007 -8612 58451 50649 -66604 33156 -73016 6349 87243 -71955 -14575 45792 70250 -81407 -20801 39657 20842 5072 54806 8382 -37458 62759 -36117 43642 -58313 26452 616 -82682 -10683 -45411 81944 54920 13023 14126 48692 -10294 42745 81963 -38093 -54626 73700 75533 -79580 93821 86623 50521 27568 -70030 55233 56258 21349 -14704 45513 -74400 16711 -53817 -19250 6377 -81752 56831 -71493 79702 56345 -670 -14171 29577 69081 73059 -83882 -76267 -42954 -63583 52245 97916 66759 -99951 98464 -61536 73247 -60883 18745 39266 -23584 2232 61369 51502 17221 -48707 -46087 78656 -17005 -21426 49495 78143 -20164 13962 88165 -9753 -76593 52759 -97871 60299 33805 5958 -66562 -22881 -83639 -3210 43887
-86072 -99778 84381 46809 -5826 -71243 -26020 -91825 -38332 13172 84084 54708 3356 63897 -16604 86588 347 6440 25 14083 42900 -44630 73668 -54541 24485 -63543 -50657 45601 820 -5552 9376 -59559 -24379 75654 -67088 -64799 -96958 -81192 69972 -95882 -62252 89095 27586 72472 14488 -64407 -77805 -64028 68361 9015 19546 82293 58448 11596 63381 -52867 19117 33541 11182 44717 17977 851 -6858 -40823 -51295 11352 58486 -98052 51504 30589 91605 -37937 86681 31526 -29417 7699 43175 51088 -3801 -91228 -90073 48938 26686 84781 -3379 -70334 52114 26231 81010 -79011 -62752 91414 91705 37995 96761 -26751 21881 35516 -79491 37195 59927 -76814 -35714 23851 65325 94429 73995 75301 -79531 79326 66118 41348 51947 -18080 60705 -86165 -9941 40256 -97173 22912 19023 34392 23007 50462 92366 -13095 10367 -7485 -22767 -24185 -56088 -90739 82204 56667 96458 -20289 90572 47773 -31726 -83899 64968 24037 51557 -55676 50172 -86468 72051 -23518 93300 63661 -92843 -24812 27077 -78370 -66754 32539 -79851 -27163 -33926 -65255 61428 -26344 -27853 -32640 -96276 94362 -70757 58289 -54226 55129 93716 -60380 72794 17088 -3067 -54020 -31514 83704 -38082 27119 -52601 38252 -91325 -10124 -77874 -61970 56119 -59590 30010 97332 8252 445 -37623 73190 15392 90317 67137 -56147 -44725 51456 92509 -9540 -85758 68365 -30690 98046 -69592 -86231 -56064 21639 4529 24842 -20998 24851 95599 97245 39598 -38747 -437 79179 84971 2255 24411 -31154 -61949 39053 13963 -96890 -24294 17656 141 77863 -17244 39003 79012 -89247 -74476 39276 67097 -7246 13191 60036 70936 -28542 -12190 -29135 -29984 -74237 -33063 71533 53139 2539 20877 77024 96370 -36614 92496 76132 54331 -48901 36303 -11550 77660 80953 -52835 -17878 43554 -97227 76371 -97778 -82186 -96864 7807 -74388 37695 -72761 79700 16902 -7852 -42481 90121 -25735 -33966 -49385 -91076 -93787 62372 -75898 -85088 55750 72126 -43160 57126 67270 -68073 85618 -68548 -77354 58515 -65945 -1444 72070 69845 48392 -51564 -70942 82362 -51696 -33589 -22780 22410 73141 -80151 67453 18868 -27547 11932 81462 75002 -15221 -32540 -57541 -80602 -27310 -83645 349 1867 -12796 -84255 -32304 -30619 -53356 15495 -81807 28902 -47395 59987 2927 -53222 69210 28990 -71575 -62284 41724 13051 -42751 60948 68648 -72147 15758 87538 -32105 -72923 -90861 -80884 -81541 49775 90722 -34307 16886 -95080 30470 -60978 71145 67861 -99772 -90081 74223 2363 -30155 -60257 83516 -13536 2585 50639 -99029 35105 85495 28629 25342 14310 5884 90780 -81623 41592 -40795 -99132 775 80686 26371 -68227 48700 40327 -5911 -12590 78740 -20615 5019 -85531 65747 69627 -76232 -4224 40150 -10854 -78908 20492 99349 -23989 69815 -46753 -53700 45353 -89689 707 73208 -49929 -21652 82422 2264 -72011 65313 80576 -5821 27534 -77753 65883 14815 92761 -50333 -63314 -90641 -49381 -93350 88676 55438 -37482 28250 1914 -83486 41703 68666 -19330 30990 39970 17784 -95696 -90289 -11058 -85305 -11469 89009 -88776 6302 -69017 -44509 71403 74933 37133 20160 77755 40657 -60952 94263 51873 -38924 -81116 -90332 92797 -62882 28161 71399 -95002 23528 62103 -87993 -36382 83841 70076 -65780 -96234 -54845 65849 -86903 -19433 -74495 19587 60230 -55254 54939 -83233 -72125 -70068 30324 55970 61384 -42178 -83456 -46878 11729 -11567 93444 77838 5385 -15003 -68332 79330 50987 43101 -63999 -15697 -44102 -88049 55474 -54531 -12049 -83426 -68347 -28200 -62975 98588 8831 -55946 82530 -3025 45073 -56744 14993 -36130 52565 -89331 -65037 -73794 65727 60548 -1399 -58645 -95902 27656 -78839 -98335 -98106 -52967 -76632 85268 70854 55643 -25621 9111 81798 24784 81498 -66735 -45956 -62490 67727 -28972 37125 18075 8012 -37281 -54243 60049 81319 -90137 56310 -52813 88010 31043 60446 -76925 64415 -21042 -8812 9783 -98801 46201 -38228 -49693 -69196 38989 -74917 62247 -5129 99526 41486 33049 -42518 21692 64224 72839 -45445 -27536 -86088 -49217 -70461 -60883 79633 24365 30421 -53777 -58119 75674 -88697 -85836 69047 -4528 -25272 -45057 13947 -34101 -12366 61696 98813 18790 -88644 -72626 94096 -86248 40866 -53892 -58569 -92380 27156 34979 -69574 -81424 -38317 89112 16608 55375 51982 -14548 9856 -47898 95845 77433 -14623 -39690 -71129 -14506 -40288 -74293 -37840 93397 8160 -47582 -1556 -42154 -80724 23468 53379 26985 -85755 14260 -62004 -43333 59760 19274 -53322 1537 -2093 -64242 19994 88697 -49103 65681 -5997 -29301 -46991 -11948 -66652 -91586 81459 49073 -84362 -26441 -64216 -70873 22038 20214 9635 -55120 99319 -9933 -42366 -22625 58240 -58898 67248 60309 -55452 51552 44902 -39784 -77331 7924 36779 28245 -43260 55080 24123 21311 -26817 -96197 91370 12227 92985 -35341 -35032 -14201 13836 51904 -41697 55130 -60948 50393 -98668 9517 -88406 -89498 23379 92277 32178 -91186 11595 39231 3369 25638 82624 -74310 18605 29837 -36951 -78218 46405 97416 -96743 81708 91834 6593 -42850 -65210 -6046 -22460 -37331 69775 -76215 -95824 25773 75384 -20088 -57584 84368 20399 49522 95897 53003 -93600 19234 21573 -63660 84323 6263 -51517 -2896 64315 21713 84524 66043 -99642 64445 -81466 894 81077 -12730 39178 -91424 -22250 11648 97366 -29276 82991 60564 42197 50793 -45697 79481 -78777 62649 -11999 92876 -85631 34936 76857 -4582 -86483 -70910 390 -4162 21990 62303 -89285 -4167 -3941 -54054 69915 46484 84779 -82434 47000 85949 -46335 -63717 -12200 -37443 41462 -70231 70142 25435 93300 97205 52075 84247 -45003 97440 95302 99462 -40902 -15992 -7538 -29913 32007 78318 10869 -27348 -85723 -83388 -2269 -9500 18597 27462 31453 38067 -67832 23251 86077 39436 77815 39685 -23384 18484 62779 -3492 76504 81725 -82796 -50624 20029 -77112 -78983 2416 -53125 -24404 -79828 -71330 -56807 -27663 -70633 82736 -61214 30110 -60547 -46455 36496 64437 -94051 -23147 9193 78888 41934 -65389 24232 -9114 10135 16356 93387 69001 -94368 -23580 -50438 -83498 -94223 -39096 36216 68997 -11951 7923 51704 -10139 71904 69359 -14460 27441 55546 74550 82679 38980 43778 16722 20064 -20286 48702 -65408 -19654 -54980 -31840 -40550 26942 -2508 -24464 -87595 -61113 -7431 -25450 19519 -56388 62171 -57849 86598 40331 -25224 -52216 -54030 85628 81629 74682 -59764 -57728 -37634 -69350 -89212 -16998 50609 -66845 15577 -31735 -3092 -51635 -46219 47453 85372 -90906 74471 -16915 -9862 -61217 -2242 17553 41523 -57376 39892 -20947 -68152 -93466 6054 30920 -61888 20073 -16056 -59091 -98874 93593 43169 33015 -13156 69672 84930 -22521 24233 -24023 97699 50400 74821 -61442 48173 90984 15896 -11215 80656 -70557 91796 25563 -89493 -63451 77736 44431 -69361 -19238 -93499 5285 61880 -42232 16910 -6311 -75756 -14444 -85573 59424 68117 -48842 52944 38002 -41766 -27143 -48694 -94089 -78087 41142 16775 77489 76045 -77094 34163 3396 -49026 28573 -16701 58118 58618 34102 -85307 74789 -5349 4218 -61216 87686 12104 -3103 1218 -2264 -96804 -25380 -9581 -7894 -19237 16806 47072 -77036 -43456 90803 16450 94388 8950 16000 -24336 -57063 90842 11106 91000 8579 -63413 53926 56746 -77435 -62345 -45530 -20509 24417 37705 -12072 -82668 54843 98211 -1493 -76813 -98264 7338 67460 -28348 8663 -54152 45704 21142 86187 48876 97983 -64105 -47765 -51239 79 -24118 45193 28605 -88928 -20834 53409 -20330 29526 46613 93949 21492 -41143 -92964 -99358 -59623 -31140 -21312 67918 66871 23874 -67447 71394 74566 -24584 9356 -52978 28946 80314 69027 -35840 -92543 -68711 -27329 29251 -82508 56996 95446 -5166 52323 25957 48262 14313 -32390 64626 79808 24792 81993 -68651 -2167 34356 92141 50802 -95400 -31963 -57310 52478 -84661 -61691 -16197 20860 81740 -64480 -6313 -57189 -86135 -28521 -5323 9974 66789 -6680 -87229 -24015 -23542 38835 67496 -79860 34708 -49192 64635 -51962 -75225 56962 97298 -56186 42531 -15430 -17107 79561 -21075 -28838 79685 82968 80446 -4966 -74877 40096 52056 -7822 -62325 -96618 -64099 35836 -26228 -2216 27114 8002 -10788 -57262 -73151 -42885 -59484 31959 -42036 -50607 46449 60807 80789 37797 39486 86790 44471 84095 98262 -70124 9405 20716 -79972 -69443 -65598 -95444 25703 -8718 -18322 81155 -4954 -63558 15852 56671 37134 -10334 -54856 86095 -20128 -92460 95156 -68910 -41710 -66258 81992 -62681 80368 -40604 -19409 -67141 -44991 -65864 -79394 11361 81094 -70712 -79622 -95070 26945 98531 13049 -88854 -48527 -71736 -91403 72960 34606 55498 -84463 22968 -68825 -33674 -88654 -82633 -20925 75004 -97307 97801 -74702 -67548 57757 -46155 54037 -47564 -51560 75794 -7847 -92329 -76202 -61843 95612 -27287 51979 -8816 -7672 -57910 31239 90987 60683 -36607 32359 49484 -82085 -74020 51555 -96334 38632 -43115 87646 -49786 -26112 -54970 97662 40805 -98865 90146 -74130 -43897 32172 85535 24444 -3933 83012 54503 -51470 15256 76561 -71865 -52591 -6985 -486 11174 -43829 34808 -40348 6845 -70418 99599 -17613 -67594 22134 -71081 36244 -64371 29976 99826 -5300 84741 -24431 46049 89304 -89354 -78439 -13986 29424 -69664 869 -25652 19786 57389 92984 -18209 80106 16381 -40788 45206 6767 -23823 12188 -50511 -81752 24696 78031 -3677 -52998 -96648 76727 28883 76186 -72429 3906 14835 37013 72635 77346 -77716 -68747 -62417 3498 5022 82200 54812 -73334 94362 -55770 -83036 -4655 -47810 -11229 -47502 55966 5982 -67818 -38954 11334 90107 30839 -26988 87039 52547 55622 -28441 98261 68777 4920 -6651 24736 74766 58117 6023 27018 34065 -26890 -61366 19180 -71678 -67968 -34283 28278 30358 -39491 64724 -64713 -92208 -73889 93410 -86145 -82114 30584 77762 -92987 -53051 305 58489 78050 -14290 -59961 -20635 63045 63377 -74746 99275 -79941 73299 97030 36302 29025 22165 -47064 -23044 73564 30522 28517 32329 -31406 42197 -9923 41697 43294 -95367 -91716 12829 -68769 567 17996 -17540 -1345 16014 20497 -90567 -91386 -53634 45927 72861 -20558 85090 -56970 28839 12901 -64744 -18090 87623 1996 27784 -71326 49122 76954 28596 73036 45172 79667 41399 50002 23161 24758 47392 -59024 32825 -85388 2600 -30953 29681 54939 -962 61728 77338 -7525 -25436 -15987 -83898 -92621 54787 -88172 -66393 -3947 -8544 94526 53084 -92948 63881 -10541 -234 -74480 12237 -9522 -6318 7985 -7916 -85202 73341 -35976 -35089 -38495 69892 -18184 55329 -77733 80353 -82829 -20069 -69992 -11501 -55493 -94832 41143 -14510 -90201 20825 72430 10749 48911 34942 10408 -30107 -94651 82442 23130 54138 -94170 -17027 -978 49515 2316 -15479 50088 -74381 28021 -73770 81106 76977 -46022 -11928 30216 31798 74952 -10991 -56319 61174 -21482 -4754 14293 -47110 30273 66578 -80255 40466 -43880 -24671 -30491 -87539 -22059 50346 5390 -40785 63728 94744 -75893 88143 51570 -75166 55154 -11699 -28339 -82365 48486 39216 24589 11964 -45018 -8953 -79903 70797 -20872 32289 -21380 13485 73922 41545 -17856 -47551 8610 5461 -34132 63831 35101 18812 76046 43541 -52656 -95123 64586 84375 35326 -51099 51217 30864 -44175 73227 94566 22499 -29762 67229 39650 61068 13699 48405 90478 64301 -84302 36910 -47401 -4507 21239 -61269 -36987 -60554 95674 79650 -21284 14135 7548 -16466 -83110 66181 -46638 8119 -30024 -24752 69357 -57903 -32774 80055 57610 -38099 6396 -37483 -70231 -60688 -49690 -92737 -35620 -18593 21677 27241 46755 14330 10630 69587 -90299 -47049 -58225 -28510 -64235 -92360 -32262 -27183 72667 44365 -53866 68898 -88929 89393 27361 -94781 -85496 -77998 -17711 57706 -21886 -83332 6695 -4727 76075 72342 -76326 4044 89854 -63152 -38123 -70657 49678 92540 31138 -68374 36829 74121 52154 37694 -33990 30142 -76341 -37589 57240 -67945 -17841 -13679 53178 93263 2224 96182 95025 -38150 10853 -42850 -62178 -71999 -54084 -43872 -28029 15206 7054 -33335 54529 -85339 28545 39846 -1773 83401 -70387 -17034 43064 11092 24481 78976 -35421 -27193 -62012 -4842 24577 87609 -3599 -19214 -94475 69188 58811 -90874 93843 73598 -85667 81059 76056 -37170 -33682 44895 845 -18927 67497 83663 -4879 79634 -68004 40224 -38033 15974 1836 -97937 3017 -33013 -21123 -76341 98356 -38275 -22032 -44848 -57997 15041 65506 -16852 68934 6507 -91118 -28162 -79003 28895 23494 93185 8256 -12778 88059 10721 -73681 -57966 83103 -31588 32733 -82602 -7762 10329 57842 91164 43584 93407 -14339 18820 82246 -92830 99748 -86342 68133 68190 -51833 65192 16236 68061 -64324 -99193 5032 -47551 64705 -19902 -17759 50945 -78443 -70947 -58627 -34567 35363 87057 70179 -65896 55718 79767 7562 -16271 18356 25401 92721 -65001 -31664 -54523 80216 55457 -14126 -26128 -47921 -77875 8658 -3635 -52318 3153 -1087 49525 -41152 -94564 -93978 46416 69636 60433 64267 -40045 -76675 21222 -48025 -31375 83832 -55761 -86949 5129 62007 12435 57390 -31801 -60874 -76653 -3551 -55403 48700 -69237 -96299 88373 37846 14075 18937 76583 29539 -68932 -41152 87057 -46746 -50049 -30216 -24512 95676 29544 159 -65869 13065 -45839 57309 -43490 -25821 90503 77521 -50359 9663 -52717 7093 -61741 -92457 -23927 -31370 -38268 61922 18221 -34904 -3101 52805 79377 69669 20105 -77524 -97294 22915 -65081 -15263 81672 4217 80055 -44368 86997 532 85717 10964 92966 56552 -32831 -80848 -75023 46015 -84598 -86338 -12742 -38437 23453 -7121 58958 75844 56823 86009 96148 -88069 -98594 -33505 32263 62440 -139 -20699 3468 75968 -2770 -65334 46686 -89219 52172 -52978 -31766 -55470 32055 29196 -11086 22706 -65418 -76499 -16817 86190 39048 13490 -62829 -31736 -69370 -17878 -88423 -66479 30866 -26337 96038 -5472 12745 -25832 -30999 60677 99640 -30857 35522 -17946 14236 -56750 -17282 93166 28785 -60346 45667 72339 66895 15341 -86048 -50475 -61039 -85695 -39743 -51990 -90598 23273 -31783 -57125 85064 22457 14408 -69584 29738 -89306 15742 -6540 85868 47025 27193 19999 29234 -70511 88682 -61188 -67584 -8353 -75469 -46592 -25520 -52642 -55882 96592 33363 -28489 47652 73838 53532 -44321 52974 -98918 37892 49629 -52664 9162 -79858 -35471 30577 77448 -75278 -13844 -93194 -25477 78602 78426 -68020 3330 -2073 54754 -72194 -15186 -59688 -92430 -78749 20648 85522 72895 25792 19028 64720 -29399 55768 72493 -98478 -13642 -88505 72012 63150 18778 -14825 91771 92498 49202 -66099 -44591 -87238 68728 -25825 -15282 -85441 94983 -81460 43434 57888 -20 -75738 4559 -33110 -53335 -37064 4574 -76619 -94622 -45415 -57286 1844 5486 -25305 69652 97279 71460 -59594 -68384 -21737 28673 13341 92909 -18708 79559 58208 -65583 -5878 74463 -74804 -3673 34389 -47604 28352 16771 1736 24896 -29619 47603 57376 10906 -76348 98310 10766 -3469 60922 -51147 13799 65331 11678 -75634 -89399 34570 -10413 21511 77325 -41219 69768 79893 87076 -59349 29846 38223 65036 69667 37542 -77987 -23793 22741 14651 -79242 25203 -21253 -61043 -66500 79389 -21249 -34816 37126 12128 -22541 49039 -87488 44440 -79937 -88178 34589 -71784 33865 11389 8271 -75231 21807 73240 88825 49024 -33577 -6818 -33189 53504 -78564 31975 -95735 -70132 94122 73429 21341 -52931 -52235 3012 -88135 -78165 9118 84649 -21973 -17700 53934 89818 19276 98536 75705 17952 63529 -30512 -10521 -50928 -44669 -51480 -79494 95830 58349 -32021 76531 -72126 13718 40084 -95303 -98467 3530 -69413 -96512 -54980 71915 25075 20629 81353 6193 72417 95100 57782 90294 27592 -20622 62136 61676 -5437 81053 76634 80957 76975 3547 -20660 -77026 -67208 -64580 -96362 -49982 -70662 -95835 82461 -50658 -92970 -45151 26122 70033 -61948 70326 -36618 14240 64118 41187 -49952 -77431 -21116 21485 -61159 24254 10594 -94280 -69471 -56456 -60043 93668 84182 16724 27153 23599 -94854 17838 53414 -36396 -47220 -22711 49273 2691 -86651 -12483 -97935 -73087 65259 86934 13191 8970 29946 93221 51693 56196 91648 45308 -23775 -90296 27795 4774 27429 34574 54938 89954 60300 77909 27901 -39207 87247 -84086 38493 -95014 10626 51101 -17201 45033 -83351 -29785 69949 9351 24083 -69344 29706 63237 69393 -9097 17526 82850 14356 -94545 -57707 -24499 90372 -49615 23009 -9862 14849 -39155 33074 -42406 54052 79562 -11093 57837 87486 72218 22806 -65617 -23088 89529 86486 2334 9278 76452 71050 92567 -5561 23818 -57525 63013 -45681 -25955 81063 96413 -77405 74865 26587 -66158 -54572 -47706 -59023 58794 29024 -73548 9048 29428 -20399 -38469 -45098 45970 -87666 -95247 -5946 -31630 -6403 77453 -58422 -54199 31984 -91619 -83310 -11464 12885 -70123 61891 -40574 -68362 47321 -41254 27498 -32413 -10786 -6875 -87764 46021 -29878 -60369 80915 35106 58411 75502 -72699 85180 -86782 14774 19836 98120 -70920 -72241 60058 59818 -73295 47449 -88997 32988 -72367 -56209 65132 -69051 -46159 -5198 -58834 90933 -23421 85641 15742 99745 32618 30651 92035 -73970 -59552 69632 -4648 -12284 -63883 -67760 -47075 15110 8987 -98273 -35691 24169 -10524 -24828 32389 -55104 -77656 -30265 -2368 87486 97879 8793 -5459 65005 74325 -35656 -60256 97449 97528 38845 10552 -40183 -63825 12414 8373 7298 20260 35308 78835 -5163 -92197 16020 -61835 -97392 88122 35620 -81759 -77775 -11315 -17475 5291 -56923 13790 -83886 3093 99018 -90276 73062 68157 -60428 50617 -84845 65573 87006 73110 36257 -22477 9919 5383 78487 83708 45126 -20223 89151 94694 -17766 -9781 -97928 -26657 38358 60013 -61501 83579 5890 16966 68790 -46225 42718 63673 62055 70928 15906 82838 -9494 70068 6039 -48280 -20955 -77906 -90308 40885 -12314 2235 90081 88451 94001 -66968 36439 41765 -25570 -43970 -75667 34132 44648 -18144 36666 -10685 98456 66642 -58049 -93860 -92688 41541 55322 -32185 -36734 -20323 90451 10821 32455 -71048 91886 -84285 -2225 -31906 64362 33038 -7076 -67543 -87487 98328 70646 -67297 17634 -21891 50061 93164 -98633 18790 -11138 -38108 95497 52462 48268 87341 64560 74463 39799 56120 -38700 -8161 -21566 -25410 74830 87395 50148 76275 -63307 87263 -997 36228 93335 -35084 -72415 -14056 35385 52665 -49522 -5295 19095 -74313 -61581 86553 11593 8018 -78518 -75817 -83696 11382 -65904 24847 -43695 16960 -79533 -3191 77425 37955 5580 54204 46531 36039 3490 -30874 53172 30765 66845 10998 15365 80622 28331 91816 9294 -57311 -62160 32589 -66675 27079 86424 19987 -66082 84687 34529 38712 -69051 82052 -44257 19389 24088 -91452 95690 -58885 46546 -3181 -68866 57706 7118 -71076 -68315 -3115 49885 -24085 -89440 37043 -59812 -69134 -2622 -20065 -1837 -20502 -22934 27383 -92665 -62547 -62738 54567 10562 -87246 -20003 -25686 -43486 -52007 93898 28135 -99453 -67932 43534 -8603 -82288 -88286 9465 26138 50225 -18813 48312 18588 -11441 -1091 24579 88753 58784 -65184 99741 -63687 32321 66845 20832 99670 17947 74908 17723 -60945 90806 -14746 -76586 63780 74196 63471 7382 1512 -38967 3651 -11133 41819 -87988 75753 16156 92916 -27287 69324 -76792 -56585 85391 -93497 49946 65180 85441 -19037 47075 69125 -67551 68799 46631 -77677 -49556 62190 42039 51220 98605 -86139 49487 36775 -50351 96755 24738 31764 -95107 -68468 72558 39424 -52881 -95026 -27920 -46049 -35699 84974 51927 16453 -77810 39866 59084 -16000 5329 54375 -88207 28837 -93901 -10882 14562 -52680 8774 -93693 38387 -16800 142 -32582 -76138 -69946 -73960 42025 -55918 -25196 -62242 -52114 -33007 -76504 -59570 -19575 6766 77894 -55647 -84556 61082 -14726 -52431 -92877 86988 -84664 -21874 2221 -74114 -16103 -62654 8220 -15008 -32384 -1561 -68289 -86400 -46900 -37184 97168 56502 53625 -38005 29232 33333 97235 32232 939 -69832 -29407 -84105 -16550 21851 44998 6713 -82840 26923 -92422 6823 66080 -38726 -95118 -29441 45248 53662 76973 -73389 -35429 45414 70801 -67082 -20147 48963 6627 16912 -78003 66671 31186 -46664 -62679 -2140 41674 -55910 -35732 40912 11085 45530 18422 -89044 -99737 21806 62721 -24174 71196 -56121 -99857 -84225 26403 -28355 56728 -34230 78258 -345 -7877 65730 -44227 53396 33780 -26255 -88076 -57685 93773 40009 47609 -81666 -21189 -76481 3627 83090 -67762 -63391 90074 45878 -26741 13237 -44726 60025 32336 -16558 78809 -10180 66506 -31485 97315 85534 18678 -28431 -35531 73612 -15684 -10443 -44786 20534 57159 -13896 -95838 81364 -64944 69462 -99463 59590 24920 -98878 -97489 76346 -54508 8309 45698 82581 84366 28183 99876 2968 41068 -78727 70157 70726 -79677 41204 -91887 76060 16701 76226 -67647 -7464 -1335 57631 -6161 1385 -53551 82723 -97789 -67293 21293 -2880 -49408 16544 -97545 -41929 94811 -94814 98816 -26302 78404 85912 -6199 -49796 -76415 60811 63903 -20523 88170 -42027 -38590 29449 -4841 -90354 -26401 29195 84562 85328 58867 -45189 -98129 -48597 67363 3832 -70916 -27295 49187 31158 29503 -55310 44648 -49204 72973 93676 48297 76207 78883 58066 48149 -53986 -82866 54184 -66380 95553 -82947 -66594 -31941 49397 -40240 37123 91077 -28086 -49707 77729 -93939 81663 77665 39708 61077 -33698 78437 46832 18995 -99487 11966 68026 76450 70402 -86404 -15327 13390 6661 -28163 -68092 78304 35868 22313 29912 -5242 35596 98973 -88605 89064 -41136 -87688 -27141 10117 39569 17667 -17099 -98647 2724 -48984 -12258 -78554 49900 -93348 93317 -40852 80762 11102 -80485 -34468 -48389 -56882 -13695 -18524 -83525 64101 63918 -74643 -92693 25821 13233 -93702 55329 64181 -12364 -34356 -35210 -71730 24146 -37515 -10660 -85730 -12551 36230 -37939 -80886 57278 62416 14958 -74920 63932 17036 51765 -67277 -77577 -84091 -91259 -1068 -17875 81762 -82953 -66567 -83746 15847 -85637 -20971 60102 64151 13205 -82753 -73306 77620 -85374 46607 -86315 -22689 -3 5299 -74878 61823 97123 7770 -38891 57176 72943 63580 -97219 18860 643 21690 12226 62585 62328 -73450 -10971 70636 77151 -93191 19034 35585 -13965 54092 -49542 -71686 -73080 -96778 56022 86988 -82293 55422 -49245 50265 -66974 67082 33405 -32816 -6836 10365 26196 89956 62753 16556 -51261 -36259 -63909 -88447 -84142 -66529 -18298 53230 14255 34513 70841 97755 -6219 -18423 53005 41858 -61825 -61357 23083 -19082 58160 -10110 -23699 -3313 -97881 35707 53732 72407 77813 -62093 -84974 -37770 32936 46657 -85685 10641 -9870 -48775 -47473 67918 -47240 -82068 -10464 -50361 75076 24709 82133 81362 22527 57225 81513 -13192 51627 48399 -12008 61508 -21453 9759 -13854 -57459 -72514 19093 -88939 30006 -42484 -99030 67449 -41535 81724 -39635 22300 63557 -44127 -37342 26025 92568 -13095 94008 -1456 -46177 4940 -51701 -98236 -4889 -97406 -80671 -6182 -92131 45410 -69803 -62670 -23827 15451 -49038 65501 53535 -5651 -88490 -92218 -47801 -48141 -25524 -54348 -42604 -31318 88439 -54312 -10918 45361 -35521 -53196 -48623 -94365 -53842 -31373 -73473 -94496 77591 -64022 -667 71671 -70910 -11294 -44887 -20027 19592 -37046 -3100 -2390 73254 -55079 38131 63370 13697 86370 -82861 -68937 -62137 -65712 -50286 -49751 39607 -858 82021 -1891 -16650 57169 12602 66762 -35892 -87890 61489 53964 -50428 40370 -22881 -61054 -14100 -35205 -86038 65009 -26580 -66849 33240 53114 28186 -45149 90657 -78659 23383 73934 61189 -82993 -56108 33331 1743 96951 69102 96906 33473 -1888 30702 36025 21705 -53076 -15635 86775 -1989 37751 82062 26694 87604 29707 24193 -29657 52355 5106 67276 53088 70325 -90404 -45683 -42452 -46784 18511 -38557 3783 -42696 -19784 11418 -1149 49782 -58788 -1930 -33276 44324 -77780 -64786 97034 -77972 -22654 16525 36006 -7836 -39660 53083 -89214 21964 34287 62825 -11821 11701 18267 22566 13379 7205 -3658 30428 -16894 -28429 237 -93520 -52927 15786 -38713 -30368 69176 -80106 -5865 -78394 -22793 31535 34426 43302 68731 -79511 -27536 -40298 -74202 -68912 -81296 -5566 -89964 43138 -47490 -12507 -48450 76976 -13691 -34457 -20644 95353 79186 -28050 -50024 84980 58344 -63859 97233 87744 93940 42378 -31544 -97762 -21494 -26115 -9132 5857 6368 52032 98655 71786 -96882 23734 71467 34388 99534 -60866 4204 -40341 -40512 89619 96382 -44982 24372 -38730 35221 53880 44865 98606 22877 89402 20954 -10698 -77488 -17929 -50757 12406 82962 9495 -45058 14998 17958 46394 -92108 -1774 -63575 51391 -66354 -19896 93412 -97462 31020 72714 -7027 -10917 -40888 9877 11600 79769 97297 5741 99975 81016 40930 -21451 -14520 53867 -93907 48788 -91556 -63526 -59710 -13426 48948 65109 58074 59341 50439 2469 -39 -46468 2403 -83299 40114 1302 -50628 24461 -71521 -13796 49295 18368 67511 -20139 -75557 -55062 -72654 76918 44942 -53433 -91595 80624 58169 28088 -92964 -51059 -47833 -81783 1160 -25598 -46026 -38910 -23688 72903 37468 -81655 19188 -84938 -3360 35930 -97104 -54956 -14338 7705 2526 -58834 -70969 -66147 40628 9685 25371 94811 -81974 1973 -45872 -65939 -46083 -18799 13299 86037 74272 24461 -58376 58259 50757 -18653 54008 -46791 31721 87898 79526 20313 -27794 -47124 -98048 -62594 16846 -83230 4658 58558 -35292 37851 -13783 49220 28702 20640 21293 51030 -89754 93277 -76117 -24525 69424 19619 -9093 83584 86555 -22025 2522 60702 -54091 8804 -34690 -52924 61936 92216 13267 20017 838 72774 -51911 83114 49060 -74956 3168 83146 -88553 -37165 -58599 -28231 64649 40965 -23482 74761 -82503 82989 90458 89376 -43047 29365 7815 99718 44920 -68220 -3339 -79937 98023 -72416 32225 -14537 7505 18211 -56788 -33738 -45638 32662 -88299 21155 -92996 -80812 67476 82056 77111 96539 21086 -82 -9912 95549 4686 -49038 3986 -90097 -97185 -34305 -69936 85887 -64222 -14249 75714 96261 21700 27077 20942 -82112 -78360 43768 72235 -36484 87062 14747 -63232 23415 -26824 -57698 -55281 -95264 59119 -73650 -53538 -22891 -67454 40157 94366 2459 -55840 -79661 76002 -97061 77572 -28368 -59761 15516 -6129 -53354 -43200 87279 -90970 76959 39539 -43333 15883 82647 -87481 66407 37069 68038 73681 87803 73026 -73053 2399 80971 -19174 16389 -86259 56816 -98776 -87242 -1068 -47115 -34542 -1789 -37468 -47574 -76043 -95795 10542 -92674 -96183 -11626 -49628 78248 75362 -83439 -42179 -74676 74093 -55990 89796 -56209 -88462 8969 34349 -71771 -14241 -15411 47340 64309 -50311 63755 -45704 42005 3564 12167 -68331 -39075 -43958 -72242 -6525 -15231 -54486 -96069 5419 71441 -17099 -96859 2023 -44224 20266 -42303 -82694 72481 -27004 70380 63555 -3274 -88481 -82349 -42705 7767 -20954 56990 30961 -73310 86786 40557 49214 -55053 -33955 -75163 57252 -14972 65380 82535 1861 77708 81855 -65152 -12955 -54038 66555 99680 80257 -16646 74686 26388 -82301 -12154 -95373 59524 53364 17680 237 33963 67928 94463 -39071 31969 54002 84715 -96515 -39023 -94439 61573 98952 -67479 -19037 -38030 93440 12329 98508 -36155 62468 -79188 -84291 -63940 -1820 30739 -22244 -47043 -60240 -1499 -46421 68307 -90062 -37592 90136 56782 16321 93792 -13835 -64802 -27090 -16759 68717 99359 -89617 36544 8762 69882 -24383 96753 -93788 -39966 92119 -13159 -10155 -36495 -46046 41378 -85824 74328 -34899 80185 82526 88614 -41687 59401 5 36701 -15684 -51884 15963 65094 -98415 -83061 28882 -81653 -49546 -86340 66296 -62898 -46464 -67084 -75945 -54471 55355 43877 -46424 -38052 33019 -79509 11737 90052 22441 -18351 -56966 89183 -48217 -35794 11154 -53748 58821 -34734 -20543 -25196 51106 17512 66620 -47203 -28733 26137 -79024 -5737 4398 -983 -56021 23395 15705 10808 32460 59750 92657 13622 99315 -59137 26354 -94806 99736 -13 12040 -78181 98931 -21296 56024 40824 -59944 44927 90487 -53941 -32552 -267 21544 -19823 18910 -25754 -1657 47363 58866 26051 -81141 -12644 -64176 87398 23014 -48694 -59439 -50290 -98904 -96635 31256 91462 90145 -1890 28832 6052 9005 3456 94562 -2182 674 28333 -19309 68048 54222 -81326 7162 -89821 -67368 880 48271 -57437 -49084 14373 -33085 97022 89333 -8622 33591 85894 28090 66457 80484 -3483 82572 -84873 70632 1013 11160 92850 -35305 -36468 25233 -90954 -5257 65401 85221 77321 -92592 82838 74503 69171 -61233 -31493 58712 19399 78538 -61368 -33339 -35141 57850 51609 73698 -57682 -96765 -69399 -75802 68925 86545 755 4246 85092 53659 -78937 35932 -50501 10873 -56530 11902 -33711 81361 -20774 31242 39776 72619 346 53638 -19265 92397 7901 97254 90750 -76702 -71354 66771 50107 -9719 -62588 -29477 96276 -45074 96160 4326 83242 -19233 -98316 -55855 28903 -99586 -74605 -81691 82536 9535 37616 9273 71579 -24413 92163 12971 -55269 -53757 -1787 -51136 84562 -64785 -48090 27526 -52293 31758 -71101 18139 48660 -44275 -51336 -47324 -84538 96586 -52098 99011 -49698 -32012 7163 15535 64322 63689 -71375 66838 -56451 -79078 -23158 -77532 -980 -67315 -27448 -83153 -10306 -92223 53524 -38453 25278 27191 76372 99370 -73573 -97507 -83994 -30248 97080 -98105 74411 52685 -89026 -74613 -44669 36927 -98096 -1521 58069 36335 99587 -30312 27383 24055 98420 -11649 58433 12579 -11775 -2800 78746 -10064 -17365 -37191 -5310 74347 4457 -795 60120 -84994 -6669 -13425 -73739 -99191 19779 83058 5332 90113 -63597 -93268 57787 -67783 39102 -26739 83309 96986 -34847 -3418 18468 62098 79880 72721 24571 34982 8299 73075 -50733 -99179 67268 -15541 -95640 66141 -5574 -88005 92889 -14665 77716 16473 -38774 59060 27019 4901 93779 60588 -78669 -8686 12176 24813 72580 83370 -73666 92487 889 -22965 59167 -48861 86632 -62471 36330 49919 87870 32288 -91678 -66481 30529 -77169 -21003 76440 43851 22370 -55945 16992 -69675 26398 73708 41733 -36849 -36205 -44519 -55322 97461 72949 83477 -76555 -72351 14005 87634 -92339 -57995 -14409 530 -26505 -42229 88528 -32464 74571 24860 75795 -67730 74451 -64412 40128 66081 90164 28965 -76291 81348 -12758 -41330 50988 57465 -83047 68818 -10025 -1169 88074 94765 92939 90062 48 71422 68324 47299 14548 -38824 -41397 -32080 -69672 -23722 -77015 -70801 -76632 -10808 94139 55242 -50675 95198 -69563 50167 -3599 -66598 -17851 -334 51236 93179 -99559 -18525 -83777 54681 40406 -50229 1751 11071 -16207 -4311 78075 -66889 36250 73997 57711 54869 -41766 -72059 3629 -97591 41111 20745 -17181 -62067 -22189 -42615 31029 78253 19482 -61353 57671 -25710 -61760 95838 74418 84279 -90996 56993 -16077 -19025 31696 80513 -67634 -28316 85211 50464 25379 65434 -43454 29768 -23586 84587 -1248 -84582 -12668 -59970 87896 -44789 92062 -40998 83608 92867 -86220 -53070 27797 90683 2711 -21592 72819 -58268 -94346 43640 2836 -11549 10740 77708 24105 -8693 98631 2594 2515 -81171 38372 90515 -25802 -25979 82551 -48857 83792 43658 3226 -74488 -65685 -15217 97203 52145 -85811 86015 -20288 19940 71609 -57088 51299 -63939 15838 82441 26470 -23694 -62035 -45011 -42816 96184 -48710 92760 70719 -97605 -5044 90306 50912 -73274 77817 -61306 -1288 11965 78113 -55901 -85233 -74821 -6785 24224 -52910 -86244 -69238 35119 70420 -11267 55555 13724 -61053 64358 89413 5905 -35774 -91088 -68856 -36861 3979 28091 -20651 80351 56279 -54783 71127 95350 -1598 81350 75830 72627 -76508 21550 70476 166 -27853 65763 71232 16686 -3708 -96958 -68542 -69426 -78337 -68004 28246 68142 75320 33628 -41034 -93963 53840 50204 50112 25698 -28244 81857 95392 -75213 55420 -52526 653 26928 68978 84219 13681 -21785 49796 -67170 -73932 -14743 -83354 87111 40906 -51532 6255 83696 -94823 3232 45768 40619 38960 28074 -83240 36027 53282 41291 87106 70840 -67470 97528 97392 -45614 72644 -69243 -52639 57052 82247 -52830 -98604 45417 17240 -17609 -67744 -89738 -66231 50755 -45938 71086 -57739 -76978 47456 -32691 97413 -90823 -77819 -67306 32684 -21729 -4695 42719 -55015 10901 72533 -99977 -34899 -21199 -87897 36169 -23087 72795 40012 16634 -63337 51276 28567 82217 -17965 37014 -7694 58905 41089 33849 -44991 80337 -74045 73702 -88272 -37845 -90370 -50697 -62862 -21433 -43583 -64818 57849 44723 -43366 55133 -5873 -27282 -66316 91131 63136 10629 -80507 44140 -33161 -31665 82 70334 -57186 4874 19556 -78175 -33368 77348 11502 82064 -62449 40485 -46584 -81503 65038 92067 -29378 65969 82663 69233 -49503 87288 -2445 47756 72312 69810 34068 58583 -56997 10019 -59763 -17068 13673 -662 -93207 58233 -35119 -79677 -29188 -67331 39322 -71166 79302 43752 6636 -82709 -13660 67819 -76675 -4889 -12570 -28368 -61640 -40816 -28265 -97414 -74323 -1130 -41744 -743 -72474 -67624 -53933 38013 90927 -19639 54358 28351 -74954 38664 -8537 83621 49988 -26076 44584 -28944 59244 -74030 -87426 -55239 -16639 97099 2122 -52637 -9514 94327 77685 39378 44618 55876 5553 25007 55271 -66557 -32088 -97510 80004 34629 86968 -59238 72377 -66873 -62599 -699 48783 92787 -29910 -86141 90165 67561 -2967 85468 -34696 77791 59568 9641 85280 20007 -52000 15071 -7200 22858 31657 -24811 -27694 12137 36471 88342 -40030 -19996 66628 -77208 -19872 6566 -18017 -76370 66377 -79166 -79895 91353 -37075 -75454 -56716 50816 -84949 -77826 94881 -25065 45270 29198 -97196 11145 77481 33349 91575 -64236 25739 30497 35008 79601 77413 39568 82946 -67312 6292 -96356 61556 -50144 95538 -98088 87213 11406 84181 40071 96521 -9544 -35977 93720 73323 38442 79327 59697 -88896 59220 17612 -55820 76822 37237 -40999 -54173 -80307 -3779 -65051 34660 -7386 -86655 10815 29895 -622 -55308 -2145 -70316 -11406 78013 -34525 41327 -69102 -23961 -21572 26649 -23048 -30597 -44146 -99414 93470 65460 49119 3186 -42993 -20093 68552 35143 -90712 21388 61940 27997 -84927 -6743 -98455 61358 20680 -13872 -21789 -7229 -71907 -98648 -8322 89382 -51199 5400 -7061 -97676 -73434 12933 28987 -48214 -77784 38700 34826 -59705 7668 -67535 27773 -98188 -59202 72133 -34428 -40730 23391 3641 -1877 -21544 -4449 12288 -52242 40622 -29356 -71506 14970 72040 15175 -57576 -63332 -7269 95846 13761 -98476 -5828 85918 -47973 -70989 -50306 -25315 -89447 -64956 3428 10378 95016 -13174 -91714 -57975 74642 -47835 25645 74390 -30322 -68859 10388 28207 44212 29911 78714 87255 -66593 -14832 96894 4826 31560 90316 94483 1935 -65549 -71234 -71720 -94455 -66937 -59225 -9790 31073 -96422 79422 -38001 -86358 77815 -10309 12635 56523 93314 -97895 13857 25880 -24118 -26016 27384 -78343 99466 12448 -35054 61904 -60024 91169 34019 -51015 -34603 -26301 -69848 -30917 83752 -35157 74675 12502 -47987 24229 85195 -72982 83801 91485 31684 60197 -52502 -50541 54979 64865 66325 -61012 -39868 -68421 -65319 5194 -89942 -28208 -49621 -61672 11753 -95370 61604 -47664 -76161 -86642 -292 6771 37619 -19667 83543 66019 -39332 -41862 -11872 11694 25619 -83917 33658 11955 68788 -86458 -20232 -71149 -29418 -4690 -26453 -7981 86538 9596 -35258 -16155 -87533 -52354 -89281 -99859 -86334 73128 95233 -15684 -44431 -25205 23748 -26557 58997 -73585 12960 -51545 -33870 28788 -4689 -12369 -20214 -70763 -74601 75361 -96418 79035 44643 -65840 -13174 -5479 94326 -5265 94756 54380 38639 58523 -2589 -37543 70459 -27662 -44941 53178 677 -77132 -72116 -65794 65036 94665 57768 -68449 -89241 53764 71536 -50078 -49425 84723 16856 -74142 -80370 43283 62270 -10111 -20969 90147 24309 99489 -47047 39869 88946 -59715 -88515 -66489 -49745 9632 44310 86543 -33801 99061 46892 -8947 -4052 17567 65116 88043 -69216 14328 -82250 26569 9840 37302 32087 -94265 -56238 57065 -28133 82638 -66200 -24068 -88086 48420 -84063 81877 -50142 94175 4201 29769 79489 39584 34608 -80342 -56610 14753 96799 33505 703 47456 2301 5081 59179 -28829 -45755 -51748 -99056 -58056 49920 -42903 55219 82642 -97677 34427 19392 32073 85534 88896 37645 -32148 -20462 -42240 -22310 85665 -29610 44744 -68777 -55144 -41298 -88042 39872 -37552 -23495 -89752 67672 -61166 -27187 -65142 -29107 -86494 68405 -34724 -44956 40141 -69542 -99633 70039 -8914 65855 58639 -3239 -14918 -78177 84933 43990 -30783 89289 -64974 7045 60297 -22694 -14898 -84988 64091 -97271 -6812 -42517 91491 -26680 -53669 -32894 -95900 40874 72312 52899 -72096 89426 95500 80386 135 71397 -32538 64163 66280 58425 44410 -45956 15917 -42160 -14996 -29537 -46543 52480 65099 97368 3669 -59199 16931 -39255 91316 90392 13746 -3363 -61115 25569 -75439 30014 -52417 20427 -51496 -53833 -50491 49333 28587 91229 -52707 69756 -26063 -94482 -18693 -57291 -53408 3337 80190 59337 -50756 -81793 -62376 -81112 11777 -35708 19282 69115 5515 -73724 89873 38092 -64009 90517 96725 -96909 58150 -73856 -942 661 -94569 -71154 -96447 68948 -88533 -65350 -34898 -78085 -29835 -62608 64466 57192 -96461 -97536 -72123 42180 92973 -11293 85456 -77726 -46962 -63501 25941 99144 47549 16478 -57232 -19420 -13032 25543 -59495 -36086 -85352 42483 81415 -29887 64492 42505 -67736 -94440 -88327 -73047 42775 -22211 -73112 34098 8865 -62818 -99682 -41197 -93708 -40578 11971 1026 -61366 -7381 71800 -24804 -40785 79416 859 80032 87394 -70532 28928 -55551 -71128 -41142 -73330 -26124 -6333 -80001 61402 -12516 -68975 -5498 -77769 -88636 58468 -60389 -53320 12363 39063 -12222 57185 -52456 78110 11476 -60620 74922 80136 -20946 63777 -24763 -8672 -72757 -28934 30876 73469 -3239 -30426 86465 -79980 -99428 -61034 71929 -61572 -16046 -61260 2394 17099 89096 25419 -82354 -70334 51479 12055 90503 -26999 -62076 -76289 -15313 -66567 -52323 931 -7565 -16293 29554 11106 26167 81777 8514 57744 66882 -12584 -63766 71431 -35536 450 9750 44006 30313 41230 39925 29133 39585 40565 -39676 828 -78080 52297 87413 10584 38136 51487 81797 96159 -42502 84312 -77127 -38345 -5180 -99248 -46711 -95503 -4999 46375 24237 -64979 -71123 -84382 -8420 -5403 -63470 -22746 20689 -62214 44573 10383 -36430 -44756 -41125 -85355 95821 -63876 -69267 82395 84540 -62493 -1050 92173 -93093 82485 11335 -2565 -85822 83869 -72210 73736 52465 -80661 24998 55695 -58535 -92086 -61494 -4253 -62964 -79292 -35762 -79797 -96729 49208 9182 -60752 -52178 23147 94920 -63270 96112 38268 83125 -21485 23257 7879 89415 -11569 16386 69043 82255 -96537 -24825 -70832 -59135 -84271 68416 -91580 58381 96905 -54496 31936 -57965 -97151 3912 11050 78233 19092 45269 86492 -32352 49964 31563 -19775 85953 -40410 11063 -58895 -28742 -75899 36709 -1024 -67197 94809 -44461 4964 62279 -85320 -42614 2837 -51845 95559 46616 58619 -79760 81516 22798 25152 -17899 71102 68268 6195 -262 -56792 -85668 -2619 69515 11208 -48952 -29242 -71583 -72632 -79602 -4919 58123 -12058 -92647 -37208 -26021 -57333 41969 -72090 -82876 -44449 56530 -97122 98318 -18966 -50784 44623 -47118 67350 -91515 -36997 -29439 -77707 49455 48059 -88236 47781 26828 -88025 -87404 -17534 -75565 -19101 -97777 -6506 97049 -25969 4370 31129 -48912 -17562 97091 2405 90235 -6719 -66047 84198 76865 -74472 -13146 6768 94368 32011 -73522 31643 -60629 -93791 53925 169 25031 53711 -90193 -23946 -57736 -60275 78881 21401 -79355 64090 -75544 88341 -39295 -43469 78641 71500 -63073 88365 -57782 31497 35346 91030 59578 70760 37177 -10500 17305 -65607 -11127 -23757 -5545 63440 12959 -89510 86847 79012 1616 -37318 -45258 60010 59090 -80339 -60048 48610 64572 30423 -74465 -96083 -62612 -18855 43429 -77149 30787 -75328 19226 -17760 -55509 -22508 -57670 -82131 -26568 51130 -4755 -7366 -76609 -81352 -53027 86294 20781 -32381 24063 -32884 15880 70471 -63182 -67502 49091 27995 -89621 -4717 -24862 5104 7226 62447 78412 -66187 15561 -3863 34344 63744 -17779 -2041 -78113 78835 8317 32630 17989 -31101 78928 -88812 62691 68786 -85042 94260 -35822 83435 47011 -97917 -59482 -72396 -23805 -1480 -58527 49458 4669 -80869 -41528 1771 21184 75414 -75488 -8528 22128 22812 68424 40278 21859 -71395 -77502 -52742 91832 -71597 4057 13539 -47709 5257 -13827 -83099 -16825 -10235 58432 27480 -44258 84102 94324 24839 -70030 -27025 19166 -89964 42890 -59173 23200 -61854 67829 -44040 -16064 48952 -91788 57569 -310 -83642 -5236 12751 24102 -44053 -85823 -44558 -93985 98867 79221 10867 -29260 -33921 66642 -53834 -78087 -62844 -81844 -28197 6187 -78580 -21792 86701 18338 10028 37568 -43873 75544 -31987 -51744 -85911 -75767 12338 -10341 97441 -22168 -56868 -47936 -8439 9865 26256 24650 40380 80573 -57876 82634 14501 -7019 81640 49506 2011 -97396 47039 56534 -47948 -79602 89458 75103 51648 61616 -62089 -15135 74081 92508 94731 93127 92185 -17027 -96281 -60545 20235 -61337 30927 -17055 -70218 76671 6532 -31107 36497 89343 -99036 18112 -67043 66277 17789 67489 51619 -74455 -90435 -42689 95483 -50806 10147 82570 43154 -56457 57534 -1025 -43340 -8751 -45011 -49888 78161 51215 -96232 -2939 -4633 -95755 -20847 -19530 31619 -67298 83322 30845 70109 19538 8542 7581 -7796 -7669 42205 11634 37146 -11965 -70278 -53911 20278 12299 -2188 -53627 44902 55948 -57360 42283 14263 25 -25281 72912 80500 78332 14687 66228 -25748 84050 62628 -73988 -77030 -72786 -76501 70296 -95693 61549 7815 -72822 30130 96594 97061 63533 42799 -73863 66075 16420 31954 52367 -91444 75037 -24003 10269 -44459 -41573 19179 44596 -102 -69984 -48735 23097 -67378 -8088 21621 8249 69047 84507 94289 3759 -98006 -1789 -41296 33055 -25654 -29847 72670 -30663 -19417 8716 76502 -36677 -98910 8674 -91434 -95928 -93119 -59793 -1851 36044 94314 57273 -16776 -12158 -55327 49996 12728 -36605 45684 2594 -49495 61551 68935 3106 -86478 51481 12487 -66217 66796 2345 90871 -54461 5676 -16605 35602 -58464 14663 -39452 -73896 86129 -66883 32188 -68969 65529 51240 2764 99799 64448 -31782 44941 -58305 -15483 -46584 -75553 -75551 -93278 14668 -96975 64861 55527 -59879 -92707 62032 85487 42521 -79350 49893 246 -93370 94600 92459 -65777 18937 66321 65545 -6120 -51095 -37158 71055 -41868 -22163 -49188 40357 -35708 90399 -881 -31716 72821 -86434 -27919 -78251 -62311 64480 -93933 67350 51875 -72889 -70919 20358 56211 -67839 -71930 -62818 -25954 -31319 -52649 -75679 -79714 29564 -5261 -45481 2446 -73609 28723 -94244 8461 -80712 27538 64019 -79995 -44872 80182 10077 -1629 -17795 66082 18196 -57767 -52864 -21683 -97341 -53160 72928 48713 65469 59031 -91755 -69274 -10134 -9092 26855 60958 57285 43258 -98685 -58479 36774 94432 -33284 -68124 -49446 58889 -92252 40498 -93960 35790 34151 99482 -60063 -43296 -4346 -69908 -43125 -92267 -14137 -63676 -42390 -78125 90774 81300 -66817 -29852 -28259 26242 -47771 -75890 -8628 85620 44572 70899 -22845 22433 95349 29972 14312 34390 4843 -49391 -34439 -54659 -48127 80108 88062 -26315 2977 -73026 53000 54031 -18319 -56575 -46042 89284 27883 13632 16958 11081 56325 95843 -28782 -16441 63293 -71804 59199 414 12542 -47644 48673 -7485 -1968 65859 -83152 17809 -56156 -91150 34050 -33660 53845 7429 -23067 58305 69109 39067 -7658 4414 -92151 -69945 -52839 -15411 12562 -51263 -6219 -35691 -80957 -43590 72217 -2571 -2491 -61978 -17568 -67938 -97474 -16483 80432 -97142 87906 -13788 -43960 21996 48759 -15704 -39012 47231 -82636 1081 -25652 57759 -44379 38219 -42993 -73020 47052 -27111 87765 59359 75990 -80385 50458 69416 10560 78817 98234 14087 -16695 -16082 -48056 -48325 -86981 29482 30719 -87733 -28063 10425 -68736 -67469 18695 -55136 57662 -14311 54972 364 -38023 51104 -94424 -25279 -95324 68734 50932 -98781 21051 -25455 -65643 5595 -90298 39846 38285 -89744 -11555 69025 -95734 -81793 23180 -75064 8811 89597 -21095 -27995 -16850 97576 -9344 4948 -79089 45871 -17903 29452 60517 -87660 3109 -21764 82573 19166 29326 68060 -68172 -1982 61999 -73066 -92322 -41275 -87460 -97274 -63631 -72439 -15364 80250 89859 14212 -40665 -55385 -76926 -49888 89821 -3300 40918 -98704 80419 -86239 -31924 -88707 -70953 -87416 -20232 -80328 -30865 -13668 80335 60629 -501 -29244 83151 -55346 -63886 52949 20769 -68568 -66894 -16288 -61202 97404 53127 8343 66961 17121 75174 -67920 36778 38305 -36948 51490 25286 73348 28478 -26457 -15612 91592 26539 -40799 -75935 -30843 -22343 86485 -78295 -7460 46412 -36462 72879 69643 92747 -46026 82181 -79548 -80301 29658 -84201 -44300 -96558 75768 -43341 22723 942 -50738 27834 -72596 -10753 -45300 54803 99650 38319 34723 -17854 99358 -18256 85733 19020 71781 -59630 32255 -72301 -65905 -42646 -4672 1077 18603 62655 34602 -46779 4912 -50729 -82006 -27166 10912 -56956 79901 -19483 51321 69970 -73244 -61388 20837 -71905 95305 -71111 -36937 -95651 20809 -50971 -30071 -92506 24844 73510 39169 18658 -7736 -30380 -68981 44259 -77962 -7089 13109 -44408 -60515 4053 31647 12945 33150 -12512 -86065 15695 -28542 -3064 -74358 -87119 70033 276 91890 10780 -49161 -22928 -50336 5564 -53693 55727 -27667 38822 59239 29399 35953 13657 -71377 78563 -86926 69436 -34740 -70880 -42438 -69804 -86070 -90644 50794 -30222 -37408 -82738 39496 -73515 -27789 -40633 62588 83373 87649 6053 2737 2993 -73443 -42357 92394 81321 -29675 29807 -46075 -55165 -46633 -8870 66960 -24504 85036 56320 -24508 92383 -99185 -75294 -51482 31922 83625 63085 24980 93749 -19961 80339 -37447 -55374 -17395 78637 -81792 -56314 -50888 -12927 19333 -62819 -96661 74597 24414 12178 -12429 -94540 -53465 -30837 -79820 -55245 78049 99298 -97448 55715 -7687 24212 52872 -99736 28007 -35116 23881 -71325 -88157 -95441 48706 78271 -23805 -40155 37697 31897 -56142 97917 -61574 -75382 -73787 -20150 92987 -12004 18651 28625 92628 -8044 43056 -32539 73909 27532 -33536 -4503 20259 -96445 -7561 -21059 86164 -12512 35747 74048 56171 26971 -70440 -29237 79775 36134 90898 67720 -94566 -61228 7563 -42261 72850 -62871 -6363 30504 -91898 -35940 51411 94252 82402 12911 -5780 -45917 95131 -76597 -49185 -967 67441 -71706 -28192 64336 77944 42847 17774 38126 -54137 -30450 78014 -8552 -13179 2506 54442 9392 -27583 -18912 -50042 -89225 51917 36336 83983 -10012 60529 -67766 13629 19283 48548 -9036 -24395 -71114 -97815 30791 79707 -61430 22243 78500 -60618 37151 -24035 63525 46314 74148 -57373 -20401 27619 -24434 -83061 -22739 -95912 18977 -89264 -43029 -25808 55471 -67642 -86055 28023 -19830 -98665 12807 -7658 73082 -99831 -86918 -34088 -63897 -8192 -25743 31595 74412 46998 -59357 -77454 86961 -29045 -62606 92166 -48429 13260 53414 -78840 -23767 -42627 -91575 24041 -7035 -34797 77865 66998 1251 10773 4626 -74273 -31512 -20826 56511 -18542 -54569 47825 14247 77976 -15463 51564 -63515 79129 -47700 -34458 -64429 9134 45303 -47696 -21078 -20047 -77561 -22055 48548 64711 20889 43087 -51930 -1442 14529 -74823 -63664 38038 15842 81963 -17880 32073 79612 86804 -6268 22783 -7150 12111 22304 10234 7547 20923 -92745 46515 -93073 10342 -76818 98144 -63146 61274 -20730 -36391 52129 34272 -2191 -66635 62763 42415 48262 -23101 -85965 98007 2934 -66986 5629 75658 -98439 21323 35793 20645 -85753 -77807 -85662 -29175 70363 -71937 -12579 55803 -74467 -23827 48228 26214 81035 -13149 -84044 -68164 94111 53254 76794 33909 93820 87945 -86101 83914 -46243 35336 -62211 47338 94098 29842 -64242 -41399 77126 67686 -59426 -21122 64690 -18501 88519 -98308 27129 63490 80297 -47387 -69929 -82399 -99990 -59886 58281 -68271 36269 -74607 -35196 -46445 -72840 24189 -93536 32594 16344 2424 -85410 -68067 -21376 6053 26805 -51753 -38415 43320 -31771 60632 78605 15116 72533 61785 -67704 13339 -61662 66776 -94322 -51553 -62857 95193 72351 -36906 -55232 34091 94423 83404 43310 -47479 24823 25952 -23968 -24122 74991 -73780 54341 29228 -3704 75034 -27862 2548 1141 82886 -71862 21626 9287 11368 -61159 -92667 -25702 19822 -68509 47905 2087 -97111 52185 -20632 -91065 69112 70505 72279 62497 16518 -88824 -7010 -63482 22660 89548 20154 -27411 -97609 -58498 -6218 31240 31913 -44745 -8555 85133 37641 2400 34492 -83546 -54256 71946 -60310 -7760 71950 88537 47626 -11056 20451 87481 -63289 -27034 99914 72608 -20588 3267 -82119 69119 26811 -1296 23668 58818 72746 -52715 51006 85730 32902 72729 37740 -32045 -66072 82916 -15045 54365 52234 -8748 53222 61868 5847 -82286 -88222 -92261 92120 -58272 -39260 -74692 74395 -72154 30924 78081 24889 -15154 99206 -39304 92060 -37972 -72361 -54387 90884 686 98133 10116 -83125 -83766 60407 -34337 -69991 -90191 96591 -80894 15745 -1873 59000 65490 -92277 -54369 -15810 -71777 83167 17837 -1006 -65078 67090 50413 45875 -47640 -48693 -33809 28740 14692 77957 -25003 -40887 -47258 94552 -57509 13788 38551 -49590 -77450 52597 -93644 64919 75285 -74780 -46643 -91286 -63152 -98627 -5743 6962 48976 43283 -81134 -10684 -51423 78877 91360 90916 68358 38453 30070 -50156 -45611 49520 24187 31295 -7697 -6549 62131 46460 -63857 -82395 15050 12070 63964 -1402 -81422 49200 -79515 -66657 35594 -21821 -73546 -69086 30735 -39556 -86505 57677 41699 -13251 -94090 -41274 -24005 -34101 2348 84359 -6177 -82186 -58617 -24484 -80397 40096 50827 -36718 35728 60235 31085 -18148 4654 62175 -85150 43116 82851 -70934 52771 23465 -31042 71241 -92141 -91539 -11383 10469 -31611 -47437 -12302 -84430 -63486 -46461 43416 92381 -13594 98534 73890 -83660 -38234 29383 -80886 47812 59909 84312 -90730 -9338 -81449 9115 56801 93801 60546 -78872 44553 25508 -66061 -29087 89617 -89057 -72720 -90667 30180 33066 -40953 70482 -8182 13120 25199 -20460 -40295 -94378 -85488 -93091 -48574 40034 59420 -545 78767 79201 93443 -95256 44834 26399 -86331 1483 -1111 82306 -67169 12649 83852 11892 44060 -63884 -69700 14807 -69068 61390 -3607 -7780 -49236 -10051 14433 -84815 -37565 -39173 -75885 54303 -97365 -40460 8283 95947 97282 40567 48911 -87999 -96094 88699 -34484 -85088 -79916 -85148 -66782 14965 -52658 -25919 -88539 -17653 -8336 57920 71760 -35972 -23345 -65995 58892 4286 25489 72382 -67919 72122 -79866 -79977 -34411 42514 -46034 29743 84879 92734 -6425 -42253 16272 86944 -20644 -3810 44548 -23274 71349 -35982 38110 -29867 -16413 82917 41930 31976 -72637 -85844 -9131 7698 84944 63020 27457 -26656 -79435 -46639 -64051 36576 -39566 -20062 94487 44957 -44748 -67822 -2380 90032 -62785 -90597 -38368 83067 15417 70370 18952 -70053 -94419 30786 -91151 -29142 -27132 54204 710 -21248 -77850 -84344 -26837 59842 647 29855 -95058 294 838 16398 -88356 -41162 -46069 -561 -51653 72996 13007 39590 -86300 73121 -20007 -91793 41964 -8825 -93186 59578 97782 -11862 -31178 97478 54917 -43234 98510 -92831 -10623 90261 62931 13791 12080 91163 92785 97238 -85026 -71371 45043 1741 89084 77726 -24654 40185 21505 11106 50105 88540 48978 36030 -31816 -57388 -46 22509 95464 -37550 -65430 -96019 -26416 78940 -28069 -77577 -34481 42293 -22451 -11517 49706 3443 -89879 61363 -28101 -5183 -29549 72814 -34329 71189 59384 -96765 -67413 -19549 49014 73219 -15854 -30658 -53132 16342 21301 -95473 15320 -97674 22275 -90299 -5962 25884 67181 45912 -42893 7115 -84642 51931 -79147 -27531 59994 44559 -17679 -83211 15459 -52865 -32365 -27610 -31962 29743 -66649 -40383 65240 -54257 -61490 61992 71961 -87002 -39006 -69998 71600 -89906 -51698 79423 32834 15425 52015 -16812 -89001 45073 88052 -40243 -84058 87315 -32090 -32512 -95774 77836 -7375 41674 88304 -88273 57439 -38475 -8320 -71383 -79689 32891 16343 -70329 33965 -79696 -37877 -46511 -14596 49518 -2650 78525 9044 -81284 68267 11798 -25791 -62492 -93526 -14399 59113 -5552 -12185 6991 70913 -1770 23388 -22913 63032 -91832 -57974 -3451 -88305 -23749 -60661 54987 -93306 -72151 59656 -44561 -17921 33903 87635 94523 33217 52434 86867 -9808 -43673 -689 52748 -91454 72245 90385 -60658 -99 99915 70188 -79436 -79733 -41127 48217 31989 50586 65236 43716 92401 9598 41288 92164 -68217 38349 -86517 59149 23819 72805 37481 36403 15611 -16916 -29435 -48875 50797 -23174 -36029 -13837 -36279 -5113 -39473 19491 -17472 96134 -69744 81685 -36811 16657 92099 7460 -5135 -79109 -7729 46921 32552 -79960 -5026 71267 26919 58655 -39615 17695 9800 -39768 49250 -67158 40933 -35789 6855 76713 53291 74563 -63787 58741 -31769 -24794 -10459 -17727 -69076 -78633 7087 10369 32390 -61098 50999 29552 65841 -48068 -52836 19032 -95933 -56281 -68335 9741 -30957 45380 86485 23172 94735 -73524 -66865 -91067 13095 -93726 80892 -56238 -80859 -65297 34978 38756 1742 10719 -7104 -66588 5466 82696 45999 -36709 86643 -23089 -68797 -11707 -11751 55053 59583 61646 -71748 89316 -88141 -80666 93659 -6949 17676 7185 65369 17901 94170 14214 -24164 98617 25071 83531 -64713 92268 -51909 89716 54550 33530 -78035 -60086 -97959 55597 55465 -3039 76661 70238 18890 -549 -15999 14973 -53673 33345 89408 54162 -26783 -74598 -39113 -22051 29314 -10578 -87341 47884 35707 37677 51999 33229 11855 -25221 -15379 682 -16486 98522 -53229 -62461 -89007 92578 91624 -44771 12863 36089 -27056 50769 61344 -17590 -73925 -8945 -25343 -56590 -68922 -24543 -28212 27569 15060 -41375 -55613 -24377 -31992 58904 97518 -72181 -39267 74702 -26959 -63036 -74840 -45777 44747 33353 97884 -55736 -92830 56865 -89581 41514 41012 -48847 -98252 28023 -93242 -3127 -46747 -26117 49728 11806 91913 16609 36550 -66923 18974 -22682 -71265 87761 85159 -68558 16499 13316 29304 -31041 -77229 -64133 -27005 91794 75300 -69470 -7274 -79273 95108 -41688 90674 -80509 -14248 -58914 32923 -12093 -27619 18873 65315 92813 34440 76183 -80578 85286 80339 -17474 -89944 13608 -73670 84839 36655 -16762 -50088 46321 73312 64124 -90658 66330 64440 -97910 -35535 -64119 53707 -1379 -42273 76515 -48704 -30456 23238 -60302 27011 -50951 92299 30214 -25918 -65451 -47945 66402 -76744 35347 89605 96463 -43851 -99161 13855 -82367 28632 46208 60227 -45330 86120 -53308 -89825 9618 80351 -31036 60794 -309 65420 53066 -38470 67174 -8589 26939 39058 72214 -52797 -21330 -39210 -23423 75106 27156 28509 65158 2816 56721 -6381 42453 26081 -22558 -74694 -42608 -70543 97909 -24693 9995 17224 -14699 -35146 73649 11376 -69638 -53811 21828 -16400 73176 -70237 -8884 82707 4357 84765 -66430 26810 28235 57564 8005 80152 -38432 -92407 -23734 -29765 33035 -43611 7219 -84060 47393 -15277 -31421 76945 -16738 7802 2598 15855 11464 4512 -31659 -85678 -29662 27273 90890 -42604 -10912 66794 -88038 -19125 17346 7430 -41984 50079 -56343 40513 -45945 63916 -71081 60774 60105 -13575 -66126 58587 41497 -94778 89328 -94464 -598 -76340 84741 -12630 -7541 44938 -83363 71687 -87098 35961 -44828 -5078 40371 -47980 -58845 40431 3685 88173 -39881 -23929 -57688 -1989 -13098 8370 -43477 44953 92240 -34803 -96424 -90543 -94749 97951 38034 -73124 31466 4317 27114 -88915 -58857 -25789 -20972 -93644 -39705 65559 80374 -35169 -91145 -28576 96586 -67587 -947 71777 5055 -65608 94125 -29221 -77739 -79938 -80630 32255 89298 84416 99855 92057 8890 -94716 -96135 94682 42003 58564 -60194 -74950 92905 54192 2531 -49069 58779 -18161 -15136 11452 34311 94900 -93857 -20792 -28159 20300 -46872 -73869 -30723 71980 51048 23575 -1281 -23653 12600 -75604 -41737 6518 47062 -26977 26708 -25440 84256 39777 32801 -35875 247 -95487 30295 90725 3192 -2289 99938 43284 87323 -71608 18560 -41263 51488 -93474 4163 -39152 17201 -3053 24992 47628 -71439 68512 -18575 -12854 -62311 65129 -78075 -74994 47033 -55630 -45557 28402 55559 -34472 -78009 -62951 5696 61609 24130 37208 89539 48542 99382 -39069 -84551 29347 -33933 7967 -18353 94121 -11429 -60517 -90429 -15735 80617 48194 56954 6571 -98539 -29707 80984 -45153 97929 47433 28117 43023 31024 -17944 70921 -38202 -15632 20946 85826 26615 34856 45440 93904 92170 -78652 -72463 11596 83306 -79682 -1516 -66633 98414 -96428 -57508 36299 96123 -68155 -56432 -48261 14715 -70203 -89760 11197 29810 -55246 64146 37518 27715 -63335 96345 43416 9615 4702 -97572 -22208 -69176 14159 -22871 88729 77389 -28930 36966 -15488 61245 -2578 47800 70452 -56498 -62902 -23926 37168 79575 -46401 60957 87296 -2678 36153 58471 -34139 23761 21342 -44787 -13446 95760 88778 -64521 -56945 37463 87455 24223 -97425 -16719 9132 -53017 -60586 23338 -82423 -98531 -18252 83885 -50802 -47763 81940 -75398 40964 20218 -13221 -75171 -83980 63833 22866 55833 -58986 -82496 -8130 66814 46580 -40747 -9571 64842 -96296 -49500 -28020 -25501 11717 53215 91188 -19849 -3721 63710 5715 -33218 47093 41825 68192 72850 -46892 -79690 55357 -60043 -73005 91538 -43261 -26603 -53253 -31072 47761 -73176 -66785 36923 53962 69039 388 -13450 50905 55234 58539 -27323 93270 61452 75243 24101 -45131 -55933 -99299 -39226 -43260 -76056 61199 -61598 -62426 -56793 24641 -99935 -15238 -79608 -86318 -64092 34141 15262 11518 74285 23651 -14255 -20686 31171 99232 -69251 -36882 46839 3088 -1090 1065 85138 24382 -6941 -18273 36836 -16907 39117 -79500 58697 -43927 -56453 66139 -27192 86476 -62543 14621 46929 15776 28476 82217 -34322 79666 -68479 46252 14142 70943 -8726 -53335 -93368 -4137 22179 75647 -9300 90970 11170 -43958 61737 46747 -49934 259 -1904 -53074 95987 -97202 -48662 15889 -5368 37889 -48911 -98528 53666 -18632 -13898 -75330 -3303 -33478 31805 -96593 59063 -28427 -91210 69665 -27923 68212 25498 4411 -88487 82321 84619 -33667 -28126 63911 -84998 49994 -92023 88228 23420 59265 65738 19140 28530 -54446 24112 96592 69751 96762 43023 -72766 -89987 -3128 -92440 60674 86991 -59841 84980 92990 -53624 -65489 -78288 9989 -68692 -85307 16229 67112 86278 -83661 -17624 -74447 42629 -27260 -49096 71732 60958 93320 -95628 -12793 76159 -17036 85942 -55641 53839 89304 -3988 35356 -96285 74194 5690 9152 75040 75543 -83882 -82972 -49421 99569 31472 -61330 91092 -30102 -77988 -54757 16235 -88332 -27772 59523 -47916 80543 32505 7283 -54657 66541 95777 -99154 -18430 -28234 46948 -8070 -69141 -10490 22226 48944 82529 -77430 48424 21375 -76888 -69522 -76259 -52158 91248 -77346 -51330 -16768 54967 64266 -94728 -55609 -97263 -42976 67234 -1819 20678 -78694 89865 -35320 -19316 78492 68380 -49907 95929 98137 93492 -65204 -18607 -86018 -566 85052 -24744 -53337 -26871 -63188 48122 -17282 8524 -40765 -50652 -28487 -47774 -53571 -22685 -32011 82861 15239 -30651 -75774 28421 -6898 51702 -4680 -8548 68251 37113 17880 65420 80104 -55311 -90371 53413 1104 -59183 41021 49085 -44776 84075 13733 -9056 69348 78787 -24321 -45619 -10299 83411 32060 44602 94808 -29496 -76208 34552 -44760 -32310 -42785 22602 -31620 -91756 -69775 35537 72578 65443 -51129 24574 -63348 22486 53832 -15329 -2408 47789 -933 72571 54244 -91126 -15492 83839 -72576 65013 -5920 -97929 -58384 10470 24649 -12257 -11743 69839 -73731 -50949 -6151 -19711 -57337 22380 43335 -51199 97145 -94298 15084 61642 19655 55603 50986 82059 14025 91616 4683 24145 -36144 -33789 89628 -2163 57534 -11427 26500 77880 5160 -21311 -89480 -38578 32897 -71726 10359 11646 -29388 51386 5055 55472 -92514 -57001 34272 -56383 -21204 56461 82880 37386 -47974 48895 97093 -63418 -65949 73909 -12667 -85896 -76302 -18925 -62916 -9271 20249 3808 -56656 20741 -99778 72651 -61336 -47464 -54893 -21020 -19383 -78930 -51609 -38085 -46700 14439 -76363 89828 -35844 -59593 79494 45582 -1890 -98703 25133 -58232 -9635 -73808 23418 44135 80037 3298 83181 -44296 23813 75227 -1357 21500 85133 -36366 -74880 1601 -66313 -16544 -64996 4828 -14249 -25762 76882 91463 11305 56484 3246 40016 -81215 -9070 28008 75605 94100 53729 -92949 -41884 59521 -53296 -38354 -3234 -5030 -10910 31454 -99582 60057 57069 97050 4381 -79744 69235 -39687 -63803 31059 -50724 -88400 -44626 -20848 14138 -75659 -10979 681 71454 -52846 11598 -60482 -25298 -18449 1402 77019 26001 -90870 -31575 10556 -52940 -57128 4390 78872 35620 -72099 21877 -78336 -9222 79848 92066 -73417 71933 6031 -96795 -57825 -16369 -66251 50650 32900 661 79910 19195 -96962 27439 71395 75688 5305 10745 -85710 -20582 11407 -32196 94528 66231 -69602 58240 18036 31613 -2266 24138 86653 -12165 40254 -4353 -70725 -53118 11167 39386 99128 525 76874 -79026 -60576 -98176 -11627 85484 54706 -32409 -48196 34977 61093 90744 19273 14004 -87274 21835 -26150 -89555 -68136 28352 20652 -3765 -86873 57111 79933 -3191 -33854 11596 -11536 76947 -22367 -93831 42279 -29945 -53147 -23128 -6444 9330 -95407 17119 -14899 -21964 66720 -90663 56180 -70722 -6350 91865 -90402 39269 93641 3866 -34823 -54063 -77967 40244 -75208 -66955 90523 -62082 65917 29356 13011 -27990 -9459 20071 80616 61807 -36010 92070 37248 49178 20172 -89346 -79936 -14386 -2273 -89963 -61530 59739 89743 67200 -73491 117 34384 90160 -79352 -11454 66918 96416 -20836 10764 5052 -94132 -51783 95761 -32666 89162 71153 94691 -79216 13623 -69479 -49761 49657 -31586 -20517 61371 34753 41337 -36101 81996 -87199 -1896 50297 23973 -43584 99418 14543 -27966 95788 80582 -51316 -27424 31482 76014 -88008 58499 4510 -52483 77789 -25311 -28518 -98675 6741 -45700 -95092 8613 72285 -65982 -27971 -29993 21227 57046 66424 -16596 -74533 -41981 -41063 -95262 85863 -14905 -42051 -83295 60272 -24546 90884 86656 59729 20756 54119 10301 66402 56037 -13819 41940 1985 24677 46187 -96705 -10097 -10714 -16207 -9202 16493 -60212 21097 94661 30804 -44782 39524 82905 -55432 76420 2253 -32971 5628 -91541 73199 49767 -79393 65514 27544 47149 -9481 -78217 -45591 96087 38830 -3218 -20299 -23500 96833 -17336 18358 76817 22521 -92249 -59131 63805 53338 -56291 63648 -7823 48084 13124 8893 -93863 96972 -25580 45868 95049 28649 -38469 -1621 40927 -65476 -797 59154 -67626 -74577 3744 -42772 -44607 -70998 49618 -24148 -53175 -58288 92535 5151 44198 7091 -7718 96944 -42917 9624 57090 -26893 -16270 -4795 65223 -72307 74126 80053 65970 99690 66780 -16697 31677 40412 39594 2806 -40991 5898 29718 98398 21613 -24952 17823 -58851 -53436 4872 -24395 -99125 39636 -12429 99999 21641 72017 -54840 79137 -74225 494 52085 71208 9603 9647 7557 -50487 66833 -92387 62235 -41229 -63674 59831 62509 31954 -78895 57174 49576 91929 7158 -94014 -14797 59859 -34479 -56363 49241 63970 23710 79402 -76153 -2929 -94044 94764 57639 71473 2063 44719 34044 -49397 -57695 20002 -3252 89546 -37264 -54069 23777 86855 -47627 -15399 -65226 -23196 -83009 -91902 -45734 51415 20896 20375 -35762 79221 58139 16302 -36591 -53632 20955 31129 68134 -70860 58337 -13162 -58249 -35810 21167 89281 -81691 -98195 96244 -91526 78789 77439 6522 36254 23263 1009 -81554 9338 -31834 87689 40861 -68285 87642 59116 69631 40030 87372 -93781 14956 26041 90325 -84327 -23201 4438 90094 -89538 -4743 4709 87859 34103 64959 70297 15356 12352 -67479 -72835 -61731 -31187 98690 51995 97546 -70696 89267 -55709 -3933 8238 72108 -10914 -62788 -36281 26509 -44927 -30660 -74539 -13485 68306 81854 -80583 20126 85882 28864 97265 -35845 98438 -31842 -10230 -22590 80669 16569 -13319 18064 83386 -32387 48959 -27832 55826 -90629 99577 -63294 -61196 36782 -24389 -93199 -42060 -2783 47729 -4914 87120 -23658 -19610 87653 -58501 48804 66172 -20113 24594 86930 15308 76496 -22699 -59514 94966 82212 -66300 -61589 59240 -23366 723 -32548 66924 -40252 -92658 -44514 52891 -20581 -61107 53154 -96836 -31994 -4537 89043 33325 95418 35481 6390 25036 62126 -55328 -9766 68782 -59137 53915 31360 -17609 37190 -1863 -915 27205 69969 -55665 37688 26368 -54023 26878 -418 -96269 75308 -83025 -10250 -41063 -18916 -45885 -41198 -60655 -27041 59552 91041 -68649 70393 -48372 -6545 30755 20409 49267 67415 -96801 95627 37395 -40133 94348 -46907 -4694 74128 -91391 4463 64208 -74089 -13619 33017 -82384 -28834 45041 40183 94317 40963 -79173 -85326 17083 48558 37088 -34995 -35855 -32872 93839 -52110 80801 70606 -35751 -40142 80785 88057 19555 -53487 -89453 59682 -30331 44698 -27261 -76050 94802 -50188 92240 -83309 -65253 36986 -20633 -84044 -45544 -40339 -36052 53532 99670 52377 25117 21706 -74239 40754 -86608 -16413 66175 -80849 -48508 25384 -69484 15841 -78140 24790 -48253 -73818 42179 54502 -43640 56840 27725 -21367 49247 -97482 52493 12658 -70764 88739 16036 68461 -48934 54387 66444 61065 98062 19605 -99870 -34005 97804 6737 57642 -29026 29134 65447 -53723 -13849 32984 26689 34795 -25615 69157 -21451 -30741 39511 -34720 -10571 -27834 77693 47133 31875 -19048 64082 15355 -70778 98342 -52242 27817 -98291 -16321 33575 23341 29968 -57236 -53129 -82813 99345 13251 76417 -20140 -75209 16182 -10233 67218 80083 41189 -52117 -49250 -71501 99978 -39234 -44106 -19469 31539 -19945 -16109 39042 23700 -73020 79503 -21340 59784 -44873 49687 76132 -59473 -15126 -59003 -49693 3872 -54969 -58596 59941 73695 -58808 -14624 35389 24198 71309 56036 9291 90440 -29382 -40041 -31094 23728 -20408 -2799 -61992 -19723 -12516 90503 -7218 95354 -17333 17889 -19255 11490 47663 3165 99936 9347 -98512 99813 5928 -85501 7162 -7302 69291 -63318 19771 -28118 -94893 84639 -46991 -45314 73554 87872 -32909 -22720 -2095 -93792 -15630 12067 246 -14623 46295 46794 93729 -47714 -43644 61889 31844 15371 -28182 -71993 -80489 -36262 -57947 -14676 89491 25746 89076 55436 23175 -87941 72863 2253 80303 85202 27675 -34504 -26562 59045 53647 -1691 -84450 -73408 -85289 67675 -10165 -27636 41007 -3151 14852 -25489 -70893 23691 -64798 96563 -80604 -14922 92008 8470 -60213 -60568 54615 -21656 50494 -47572 47283 -76929 14888 -35715 -14058 50139 43285 99961 73197 -31654 45929 39206 -23606 80767 -94271 -63177 -82173 83305 86490 93740 -17696 -5305 16875 95894 -43688 -51728 -15781 22769 -40314 20797 -5050 -12702 -47837 77647 84566 -32097 -33059 58235 95993 -93934 -63229 -68754 68360 7684 12023 3890 27496 -87408 38517 -84196 34287 -2095 -95752 48299 14612 -91589 32177 -14260 41246 28978 -25905 50685 -12508 66298 -82407 92528 -80194 48192 -75845 46353 -70552 39399 -58522 34612 -77002 50452 22801 59917 70440 -49959 97109 -80841 79295 12971 -27421 22085 18303 93708 -60100 70510 -13379 -80856 -52375 69828 50792 -10920 19026 38338 81558 93845 13351 -94368 5242 50665 -22978 -98334 63497 2223 -95052 -97761 -40957 -15488 11975 -60548 -32143 -41570 53191 76827 -14378 39557 19998 71341 74432 -47484 50586 -7031 87408 51220 -59995 -50494 -61128 -45960 -19133 -52398 -73550 -93125 39834 57791 -89657 -66622 41578 -8637 -81842 -14158 -17336 -39679 72535 -45262 -47125 -20588 -57194 11224 -28938 -38925 -43052 -6848 -92844 -64004 15250 -67727 -1666 -93335 16380 95021 93964 -45320 -276 -87098 17130 14963 4643 -47928 -46094 -252 54722 -67323 -75659 -54099 32830 51599 89929 35397 -68096 -57301 98340 -45044 -68448 28217 94155 58558 -6050 96525 -16931 8824 -49935 -44863 -76199 32884 -5665 25300 -33078 33362 -70641 19788 -95767 -98097 -377 10105 4939 -73768 -7022 -5525 -18740 -82880 13810 70919 -21174 -39874 83820 -77861 70508 68712 2154 23565 -95845 -27984 91268 69702 -15256 -88106 -63106 -34726 -53506 48002 -97568 -66459 35954 -59168 -63242 82209 23159 99830 -89778 -83961 56292 -44995 93948 73265 -23169 -2560 61889 8758 -58716 9902 -54801 -54219 35948 -60316 94503 75288 -52390 -4299 -71323 -57434 -92140 30432 -46502 -19766 5816 63922 -2172 -30484 63031 -15832 -92534 -93228 -13077 -92529 23340 -91028 92663 -62161 6865 -87810 41421 -1162 99886 56896 89405 37680 -55503 -58536 -73755
-96083 -8599 -41620 -75850 10070 -82613 -70532 24700 21749 8810 40700 15453 -64766 58144 66948 -99810 -18360 24845 23074 -32665 -66393 -15359 72065 41555 -4164 60855 75226 87778 -74729 25250 29186 96273 49748 -48544 -67013 -42508 34935 -65971 -62619 -40872 72808 -78454 94822 -75151 88028 5864 -25996 61223 -72415 -34521 -40696 -34288 -51601 91374 72850 -21066 -13852 86243 21150 75206 54871 36294 35504 51301 -30079 99202 -65473 -14031 10631 -1756 73331 -61931 51878 93046 -91028 96067 934 65644 -87412 -48122 -52244 -96245 -62525 66365 -91057 -37654 -57562 4010 -15450 -96929 49970 26033 26838 -9848 -50782 64814 51310 6341 18517 -43681 18802 62874 -31107 43100 15308 -69114 95287 -26781 71826 34871 -11565 -11590 -51157 -33078 -10613 27758 43892 19621 73867 -74702 75116 -10248 36072 -31091 -83454 -4206 11809 68374 -93337 42428 -66910 -75205 -40460 19914 -70866 -68469 44302 86829 -22480 -66891 -8872 -19513 18638 14338 45044 -78250 32311 -52129 4218 33931 -48913 -62851 78409 -41841 -95617 -47917 92260 95192 -7217 37777 57532 -60214 47557 39084 37638 -87680 39764 -4931 41416 -39595 81848 39165 -56286 -1834 -58384 -73749 78362 -56579 66438 66282 62054 -40687 96898 87718 -60140 41774 59821 11154 -46995 -27013 -87177 5087 -22275 2177 36774 10432 24924 22685 -15610 -64316 89150 -21358 -99907 -80373 -34115 85688 45689 75144 -18314 -45276 92273 60726 55710 -82484 -84475 97964 7578 -63220 -62305 26074 -57990 -36439 2561 -58202 69368 9841 2499 55037 -49308 -34838 -8142 -81510 -40675 -27591 -63184 5236 -67632 90312 93897 53598 76244 -60194 -46042 16230 -62668 76224 -27787 99383 -14155 -97176 66922 -69252 36478 -18431 37427 -73100 64770 56880 23499 -39135 73126 14891 -21665 -67267 41888 94750 59918 19110 -59714 -81544 97723 88746 -10510 -28669 -89259 9 -33034 -70420 64338 22297 11650 53349 -55840 86060 81257 27744 98826 -23688 -41113 37060 -72986 -76781 91827 58156 57037 -4959 -36746 74303 29639 83920 13372 10540 -85148 67264 -72425 -26546 89806 92006 -27683 -34026 67842 33123 -13799 10008 74845 -34136 -6503 -78217 -96611 -73489 86934 27284 -36366 53560 29756 -41964 54950 13710 74491 -30334 -72746 85737 27891 46977 59028 48274 -1480 59024 36045 74997 293 -88963 57723 -71741 54755 68475 -74158 50897 -75118 -69205 -37448 -5444 52076 76321 85941 58285 10581 3218 88296 95117 -89549 -8956 69631 15408 20782 50299 37040 -90228 4515 64658 95137 13194 75393 -93278 -43366 48618 -52620 -93670 65288 -13764 -74099 -23381 8042 -92561 91119 19702 -33542 -5998 79048 -9809 -7626 -34804 -27482 16919 -87469 -14931 20116 83267 66411 -31010 -57901 -45112 46402 43466 69945 -15620 94172 5204 97479 -8632 -54896 31030 -76703 -12505 -7776 61587 41096 93950 -40343 -17022 -19827 -73445 89253 -76293 67629 6448 -17968 63002 30337 67635 -51190 98329 322 -47007 -30615 85440 27256 -8093 -11657 14759 -5244 97859 -58262 -55817 -15390 -95824 -70776 -50247 52528 -18597 32677 83561 68378 46928 -22351 98383 46780 41101 -53362 4326 62129 82357 -80094 -47933 -75525 -76264 86559 56755 73852 6074 -30959 -61788 87666 -10828 39678 -7253 4008 -65126 989 -72835 93013 -22952 60805 49451 -78448 -15108 -41063 16009 -89311 -35537 43652 -59364 74987 -28228 -93090 29629 -41156 82211 -42596 -35682 -40799 15437 69842 -43385 -61890 -96744 -22197 -36120 -94554 60490 26688 15069 8666 45837 44501 48921 -49605 8089 -51226 35941 52279 4758 64432 50853 1477 95768 -31451 85270 -4587 -30910 13067 -2946 -4444 -38473 -16073 41655 -6395 -79804 81718 -64743 -15678 84140 -35277 41106 51771 -66245 -74671 33026 85691 24712 40342 -17821 -72525 58359 -40277 88772 -8684 88106 84063 69074 45247 -41289 21973 -29448 50539 -86053 20649 62217 14786 30321 54944 14344 -83050 -55083 -94202 46790 17564 46538 70467 -84914 -8877 24945 85155 -61234 -83281 78785 -7092 -82852 88448 -27624 49358 -33936 90779 -92770 87070 56694 28663 12940 84607 -65041 3874 -43585 73488 18519 -18781 41138 82769 76861 -20134 -13352 -39034 49385 33158 6730 -62190 41457 78605 53846 -17566 -98223 59802 -86113 86677 97779 -6060 53996 -68625 -81384 60918 -83320 38877 8452 91465 -57740 92036 -48981 -34778 57687 98921 -52986 -52489 -92270 70239 29755 91016 -68673 -13023 -76641 -75316 5790 50472 83745 79662 1568 6844 -46 82562 24364 -63690 -10007 -52030 -74870 -18421 -6897 -53492 85405 12817 -33936 30989 -76214 -51617 -31710 5232 -47412 -40587 -7934 69667 65940 -78617 -10944 18418 97084 -75351 37329 -32427 -94652 58902 -84035 46048 -84495 78969 -2181 -74967 -55825 -99546 38706 -96702 -98778 -14315 861 -19714 -92750 48919 47683 -1738 -81810 -54808 -50590 66850 62758 30601 -52345 40304 -42754 -9495 -74581 79092 -59453 57213 -1914 50467 -53619 15527 85171 -53471 32994 -60979 16682 -92046 63076 -89835 40926 -68468 -18298 -23603 -71747 -8497 79053 -52704 54693 35919 -56120 -73858 30457 -49364 58205 -59301 60745 -11553 19189 72619 43650 1934 17424 -69491 75298 45349 -82839 -11305 -35454 -4135 -62937 -37229 28652 -50627 5981 -89097 -6068 -84632 25941 72926 85503 97817 54963 -74105 36274 -76157 73936 71653 -15968 38239 47587 50756 84080 39442 36754 3334 98423 43231 68611 -47326 -25928 -16030 -64485 17416 -48084 -23202 64192 11758 5969 14070 -1154 -78402 28573 -93752 28776 -72653 -15716 47130 26906 59820 1924 -19810 30447 -24713 79321 83213 -85551 38295 -89086 -50696 -76620 -19490 54002 96045 49757 42289 -54555 68017 -17777 93792 -87428 40062 -92669 -87624 -20584 900 -50654 -7786 40972 -86254 79350 13720 93604 33268 37360 -53262 33365 -2790 78556 83287 -88276 -43771 -74139 19862 -51318 -41917 86755 -16032 -80873 87180 -46625 29834 -45805 49723 67883 60699 -95912 -88142 5 -45990 80720 -69504 -23862 -98757 -36983 72909 -13295 -53585 2215 -40133 -2539 5372 -88267 -59124 -62862 56960 -35467 62992 75252 -32318 10846 78362 49564 86168 64153 -18803 -46292 71269 93105 -28535 7271 80954 -97318 9023 8434 -1137 -27101 -50324 27984 -33566 57321 -97265 64243 81541 3670 -89042 82453 17737 -66212 73792 80749 -41548 -81512 67143 -70015 -69780 -58339 28067 -82567 -51933 40756 -14179 -56125 94011 -32760 78496 87440 82196 4387 -25339 40578 -24911 -25366 49451 -31449 -71559 99489 -68699 3523 -47013 -77323 45425 30540 -47364 -66677 35850 -90642 22935 25520 -71336 -70795 -40062 -90030 1729 -51640 -78082 99896 81828 -82331 -36626 14282 61303 -2770 14848 93554 -62576 15874 56501 -89238 73770 32021 -50462 -44836 90031 -16658 -88529 49108 -96274 -59967 -10517 -34253 -53986 -8218 21120 -47400 68857 -85207 2581 -376 -59866 -23504 32539 -83314 -40955 -51775 64421 -49055 -11948 72494 89054 15048 -93365 15483 -81811 -35571 57722 38558 -24553 45976 -57769 -62418 43426 -16755 -85132 -70806 79507 -82926 7460 35803 40057 -95422 62159 88871 -55457 89814 -15679 -2909 -89925 -62385 -72791 79390 -38746 -98452 -67 -99103 47512 -84686 1588 48624 -68636 -41143 99800 64702 -90773 47755 43022 -80621 -94811 70096 24893 49814 69028 1202 -25952 79729 61494 1389 17879 96102 -37696 79014 28598 60592 -34452 -9521 66907 19272 25601 -59855 19072 40629 -5592 -41321 -62144 -24800 67011 91622 -54294 1831 -32573 -57973 -3510 93989 -94511 13178 -21394 -62255 -88844 20569 7577 86303 41951 -40497 5443 -67225 64234 -7478 -45447 6377 10400 9505 20739 92270 18571 16364 1828 21509 -4694 -11447 -14538 74424 4565 -65104 89611 38920 -46020 -35510 -43125 86802 -49939 49000 -48986 91184 72839 62235 -4732 21472 43709 7010 -1744 68821 -19548 -44028 2978 -62950 23269 -71518 42300 70981 18573 -21272 63472 8035 -86660 -47725 -43068 -11478 44624 -58916 72924 740 35660 13190 -52731 16125 -93751 81920 -45879 1180 48739 74849 -54821 -28350 95553 78424 47683 -59143 68097 5350 50751 -48145 -60499 7818 -17033 22836 -35591 93585 -65775 99917 27582 -17106 60002 60518 39091 92760 64649 -90745 77259 -74555 -82866 -77521 -94372 -97727 -86171 -13097 -76420 -17871 -6494 -46782 94927 -60520 -44160 -19374 -82692 -4857 63377 -17293 52948 17078 24542 -11232 84446 -54067 -24046 -20507 -73392 47296 -58106 -60149 -57203 8839 -68951 39541 62081 7396 -58507 47237 44788 64806 23095 83465 -26276 80870 -34623 -70283 74030 -61557 16629 -74553 98096 -89677 -64453 -136 23946 -550 25012 -55315 -94769 53663 80387 -5003 15589 53326 49923 -52333 17266 -94794 28914 76099 48579 -9867 -10929 -77715 -3015 -81940 -53538 -64625 63587 -21329 77570 3185 -60813 -70909 75350 -48323 66258 -15930 -23362 86492 -78222 -7014 58024 29696 -95817 63018 54750 9508 -55681 -4260 -33752 -49662 34591 -26535 36429 -93854 28349 -16489 -56252 -86365 70238 -37398 83636 -19617 -31026 17685 13496 -11521 -89394 -28477 96608 99168 72149 20085 72861 -78964 -12727 44514 -91775 -65750 63623 -97200 92582 50380 -94963 -20646 -209 -47664 23240 -380 1816 -90567 82266 76136 -29146 82677 -1658 -12015 -3847 34371 11284 6744 85410 -10313 -65307 -9235 88513 -31426 44804 -49431 28144 -26169 -30093 -78161 17932 76111 -77771 74647 -16477 33377 -70240 -93968 -66307 99771 -71937 -36309 -80492 -53572 -2118 -82971 -59628 49923 -37886 -77092 -80231 -97471 89559 -96474 93070 -10573 61864 -81549 -59041 52766 64136 20787 65414 -13256 74310 -72256 60581 -68024 -85276 84589 -63636 -47696 95577 -78725 -51352 -75960 88287 -75991 -98993 13501 79727 -38900 -44892 -86893 87952 -79182 1424 -16007 63959 38762 -49500 24793 -48279 85661 29841 58718 85146 -51224 23001 -24485 91776 77252 55140 -83939 16004 -51522 33061 -98344 -79144 -53901 -48168 -30987 -62279 42082 50847 -50364 83493 -67491 84253 99667 -80134 -50664 -50966 -15745 98256 -40305 -57421 3460 66540 55271 -22216 57694 8078 32817 67929 -25183 -42784 11811 -34215 -9623 92793 -36883 39081 -98169 71663 79184 -34026 -26219 97735 -57725 -83051 -83846 -83541 29479 -9763 92130 -84165 62489 98090 12747 -79041 76695 87724 16899 -96854 95106 76817 -76870 -16533 54178 -5240 82997 78542 58730 77785 -82730 49213 -31203 90618 -16359 18172 -6122 94562 25947 -2890 30993 -21292 28212 -17824 43109 95290 -50117 -40201 53939 -55290 -88806 81107 -7490 7409 21883 21017 -14968 5708 21537 21738 18536 -59974 -62753 93426 96753 1074 9995 -93582 -63448 -16972 -3 65726 -60839 4706 -4131 -96343 13871 73480 -54706 -60406 55435 -51789 -43116 -75136 -95703 2575 23808 -60704 -28987 -11574 -48159 -94316 30371 2822 -58498 -20433 44004 -27210 -40299 -50206 27543 59076 89722 30846 13471 14061 -58103 27754 74533 -84334 -7366 -72209 -82460 -15253 85080 24965 59336 -24156 -62912 -38356 35991 29560 -43271 9143 28584 -96600 -19257 65547 -58423 -11243 65272 -18574 79322 62131 12460 60335 -68058 57055 -66071 38842 -26102 -10583 89991 -2127 80490 -66410 -3120 48198 24132 -83452 -95357 17199 -3004 9315 -35483 -45092 -14488 80429 -38805 -18070 66166 24830 -26460 45489 -10672 51315 -13214 83063 -49045 -66672 -15633 65854 50019 -39988 85626 55409 59748 -37867 -34700 28081 47666 23143 -94915 -17828 33946 -74943 701 96659 -61109 63475 -15680 -78685 38736 28698 21292 57968 90796 -30267 -82455 17830 2126 -49358 -27593 86623 -62491 -4636 -84527 24190 -35359 -41454 65956 -99199 -14222 -6632 62701 26499 47293 -61695 -28498 -16104 27061 -17642 58538 40591 -47555 69304 -50665 56654 58619 -68447 -22505 92262 -84123 92806 -48896 37233 32155 -25955 -34928 -1431 10885 83671 -97138 -21834 -31583 -46459 -62235 -22378 -93372 -92444 70823 68818 99852 10474 -79366 -3365 21882 -61303 17096 64074 145 45560 -58849 55673 16429 98827 -17663 -71755 -28289 19523 -27661 -48152 85152 59002 18839 -25351 -57296 53743 -66305 -15378 -95555 -67516 -86257 -14400 44855 25070 -3315 -62840 -17354 88876 -1688 44213 -93324 64860 13839 69432 -15095 3688 -53338 -14381 60716 99369 -90947 68722 -25837 -15061 48274 98310 49037 -89676 34142 -85356 89472 88029 87083 -65431 30201 -83254 -82201 -63323 -60266 -73194 37044 -57170 87133 -38392 -75919 97830 -5545 -6393 -11353 -78724 8172 -9934 96832 -81760 29095 5005 42898 -83707 37542 9145 68249 3807 82082 -59371 43681 -76545 -45669 17572 -58303 -69788 99955 -31644 -40389 -37278 -85185 69020 79182 46194 -93649 -86241 68534 82790 -40881 25487 -88886 -88943 -42590 98844 -39008 -59988 -63909 31226 -16255 -15340 1588 98172 66286 75706 3759 -94952 33759 -24072 29035 -93836 75543 87366 82748 8774 44188 -82184 -89480 -47538 54579 -90561 -45254 -39836 52762 28835 -98125 -8411 83980 -78864 52459 -3500 33471 -56961 4119 -44221 -60087 40570 -98073 64543 95102 63262 -26228 -30362 45821 -1879 33925 1822 -58092 -47155 97702 59284 -32818 -12316 -48679 -14263 -31752 2927 -68760 70515 -25188 18398 -92445 16797 58170 70763 76121 34167 6350 -46367 -51547 -70458 -89079 1569 -72021 94725 -46107 -47533 99167 49477 92861 95894 -21721 80814 76740 -43811 55520 -20473 -5382 21578 -85747 69825 64133 -39756 48596 -33852 -43165 33982 -93757 -18761 -96759 -43265 -52573 -12461 -45905 30966 88729 1862 88736 -14184 20032 2434 57762 97620 -56678 28892 25876 47019 56432 -25199 74857 -34852 -79638 61578 -71882 -99929 -91821 62340 -86885 -97060 -28111 -99997 -20453 16670 -12 91037 48927 -58191 -74511 -85965 -3517 -43558 69286 -49986 10931 94471 -2267 -80050 -26605 9442 71345 -94129 -22020 -90826 -68522 -20819 -62817 -31128 19781 -46348 -68457 66910 95104 78738 -92039 24913 -54234 -96239 -70486 -77430 90005 -38447 19340 51986 82169 46131 -28399 -29203 -94086 84255 47648 25758 -83410 91742 81352 -59814 -43514 -82919 4213 77739 -1060 -92162 -90258 30397 13375 22081 8115 -54118 -96521 51195 -88456 72127 -83482 -26383 86097 -26188 88448 25612 -46863 -29932 -93600 75963 -28706 -50698 -38443 80795 17438 -99489 70442 -88433 47643 14123 46524 84274 28065 -39308 87583 94649 -87602 -24891 -4570 -76822 56775 -3715 19606 23857 42762 -57035 -2150 72649 -2673 90369 44448 41759 -61806 -15927 92727 67593 -9091 6694 -54396 52100 5325 -2453 22549 -8921 -23336 -61298 76334 97043 29634 77134 42153 6910 -5541 13171 -77338 57851 -33625 -63918 -12757 -5977 69205 22305 18167 97579 41352 78347 -56935 -88791 -9965 32738 63857 -61975 56970 -10438 41614 65858 95244 -58206 50391 -63425 -46047 81723 3901 -78571 9833 -70671 31435 42606 -88995 36202 -72785 50855 -98940 -33227 44297 74231 -56824 93911 -40550 79310 86058 -12208 28236 -69349 -14675 91852 -2135 43774 3537 37134 72201 2971 -42571 51263 -7952 96563 6955 80303 97019 -72100 -40804 67896 68796 18923 -59183 81913 97479 -50630 87749 -99843 32255 -71740 29815 -62158 -81071 82174 -19638 -36604 98129 6462 -20607 -45147 42074 67314 -74680 -49928 -93838 -95748 -91847 -22461 -68260 -45713 -51316 78385 -81299 -82430 -33563 18647 -68817 10604 -6279 73431 5645 -97229 82929 56647 -21300 -10040 1646 -1718 -45356 -20364 12335 62335 54584 25421 66520 61167 55540 -89022 78027 28801 -91737 31071 -16210 -7857 -91862 -32948 83667 24151 600 97373 41301 -74308 10809 80511 53912 62591 -7973 79529 28532 -92836 -393 -89862 27782 98981 -77238 24485 -33898 42537 -75869 -78251 -35672 89866 87593 65492 -75356 19194 -424 96360 -11557 -36724 58233 23019 -90997 -15360 -18784 44868 84560 18280 -43231 60883 7639 -75108 -97301 79261 -66344 55564 77011 -92598 32723 16505 -81885 31616 -52490 21420 -27978 82749 48125 1759 40421 71365 89880 -87229 -33624 53528 -69153 83034 35460 28739 -54408 18418 -23089 -57337 -89562 -23903 57581 -13121 11866 -71249 80043 -59421 -79861 -47801 26392 27467 -34714 -98507 1530 95175 71409 -53697 -1245 -88498 -20759 -52112 -41431 -10852 79054 52980 29330 -40039 87126 16567 83706 -69567 -73382 -56894 -63508 -65397 94080 58652 47527 -93792 14845 30062 -3878 83218 12715 -94616 85706 37672 81879 -3455 66418 42472 -72126 9740 24167 -91208 -26887 14372 46089 84038 10692 -82452 -82914 -77129 -31114 74248 -6246 24421 5206 32937 -36238 -63948 -68277 -93679 -57533 -77356 49533 -51033 74232 -48484 16943 72979 43110 -2137 46111 -31054 25274 -82483 72036 -51369 52600 8333 -69630 46714 -89578 -39117 -46929 -61363 -21266 -65078 95728 83888 2423 -97065 -2519 -84272 33745 -96810 -70442 37512 74565 -30299 53505 39073 -97678 -20480 -64070 -16237 -36121 25932 -44016 -50542 74074 24456 25378 25498 -43869 -74035 -54801 1675 44975 66042 64373 41926 -81409 -61697 74872 -66719 33659 -61883 99366 -82175 25224 34581 -80970 48415 -56816 -35232 64349 97503 8399 64004 -5176 -40927 -31195 6534 -84357 97230 13213 -88751 -15986 3450 -92747 -49509 76071 90447 -2041 2440 17920 58974 -41090 96244 -66622 25663 61192 33575 6570 69356 98032 66552 -58768 -36734 57019 36645 -24600 30321 -80324 13441 57240 -91896 9398 -82610 47243 -77759 84674 -61841 68140 -89527 -3132 -27284 3093 -26381 21768 70438 -10482 -20440 40324 58675 -14255 -19222 23185 34071 27871 1213 98553 80474 54550 82256 46850 78831 58651 57114 73280 50468 -64016 23032 -11637 -76148 81253 28366 -10239 39655 35528 61577 65509 -83502 -34046 64921 -29689 -28893 -24254 55828 34616 -40272 -17935 -15022 -37238 48378 -49860 -8639 -19692 -49708 -12182 35705 77236 7883 -26987 -30817 56700 11110 75554 72783 -50624 60709 -63489 80443 -22663 -50201 80121 79826 -5238 86810 42286 44941 -15814 -46400 21292 52503 36345 -54540 -69273 89948 89463 -23595 67404 -35243 -46068 56797 66054 -11559 -52007 69733 30274 -1696 -35608 2664 26968 87969 -29027 48948 20345 40879 -10504 -61637 -33225 58856 -81112 -33799 -67381 -1286 44359 3044 -99143 -82555 -50473 -33202 29776 19213 44349 52983 -27362 33987 48755 10230 -47783 -30348 -86632 12121 64656 28336 56047 -71667 24878 14603 1420 -17911 -68688 -63371 -52524 -67778 -5278 99263 -85712 -89243 -81576 -27292 -71829 43784 40306 -29636 -66597 -74862 94780 80021 10957 -46288 -89530 73093 48523 -84302 -97416 -70788 -11498 63673 88632 -27340 -25501 12671 -36907 -39578 -42213 62087 58247 49584 97061 -30076 44865 -7318 -38039 -60231 -93982 45152 53124 -16974 99846 -42361 -54952 473 -46747 42007 61559 -95428 -57953 -76098 49748 94107 60992 -29292 27470 -67346 -74917 -35461 6536 -42073 -36554 20457 59805 -56577 -54506 -42238 -26738 -71849 -99169 -37407 75941 -19130 14084 51949 57213 1372 16960 -44061 -39135 -73689 -78504 7095 86758 16427 16006 -60577 93768 788 61233 96790 -342 -93963 41890 -28769 -46226 76505 28849 14466 37347 -10271 -15568 -94569 30819 33054 61386 1686 15918 59005 -46137 -2230 -62116 84407 -79721 57537 83221 79118 -997 -55859 5908 -45701 -42871 -17631 -7393 6196 -28135 -34787 87416 -23800 -39472 -531 57401 23133 -93636 79960 47669 -36017 69208 82867 -83040 18554 86927 -94264 1940 49857 -9512 -5753 -130 -94627 28702 14372 89840 16740 11186 -76548 14652 -33172 -8713 -40085 -29451 -3899 -31879 25444 -58555 -55817 -42554 53484 69086 35573 57052 39182 -48695 -90485 -6 -4429 -87422 99416 -40079 -76414 85364 -58383 -75783 61337 82273 44920 -86875 -34361 -79223 37693 -33115 18778 -60932 -23151 -62871 14267 -26989 -51235 -39945 7339 -18316 -56319 36449 -82494 -39230 -75811 62777 -86330 50107 71606 94274 -53877 -24438 43639 23273 10957 -55979 -38069 -95495 -48780 57977 86786 -79802 -82336 -73389 -29471 -53146 39973 -67458 21252 45081 99455 -3287 89585 -53096 -59965 39896 -51029 -35605 -97707 -14677 -54965 -28608 34545 -94568 31312 32255 -85097 3234 -64623 -56221 -87326 22964 -59129 -65320 -36580 59638 -3743 50436 -26789 21217 -35567 19261 -54086 86178 -71196 87022 -34931 -57509 67808 58863 97792 -88918 -82416 -1060 -64373 -99849 -24711 20789 38647 28440 77610 97725 3552 44262 41943 90379 5880 37639 22322 69700 36225 -7217 58733 51381 88313 96436 6221 97036 -34089 37225 6871 -56249 31899 31001 -66906 -90453 -45764 -80754 57234 -3661 -21765 -69712 58439 8112 290 -1448 -21483 -2056 -93741 -17543 27723 -47911 96690 -95794 -43489 14174 67367 96700 -61420 17950 54778 98904 96405 -63340 70151 -20839 3904 -35907 -62692 -95706 -40474 15089 -33698 27606 4659 22251 86880 21951 -2595 -46341 21452 -65812 9000 -86539 -35678 -61848 67779 -73448 -22557 -1948 -86075 -8104 21921 1334 71294 13609 -79520 56825 -22942 -6998 34365 44601 25072 -89376 25688 -82238 -7598 -13111 -49280 -18645 32833 -56498 -97101 -73444 -61742 95124 86412 47218 -29323 -84300 -93529 33565 -42670 65328 36601 -2674 -93671 17535 5753 -12433 60675 20663 -9055 62994 -14398 -25308 -3539 -86652 35528 53518 -67678 14924 98835 27800 13616 34735 -90521 74672 43653 91016 96330 48466 32632 -82360 -59805 -929 -13452 73177 87242 15308 91746 89411 66516 -29979 -62263 -62720 99783 -48532 -75570 61710 635 -27711 3390 -42266 -89018 -88462 -20593 -96824 -65150 -49014 9675 49238 -49232 9469 -60246 11913 43408 48947 -33114 -44788 -99851 -82638 -57167 -90179 -30398 90642 26528 -82675 -42565 22764 -56587 76322 29364 -70053 -79036 75484 20484 -10153 61690 90821 -2451 22927 -32344 51269 46426 43636 94541 -13335 65551 74311 -14401 38074 -59210 75048 78772 87843 54608 36328 78940 -26871 55675 -35696 -40703 -94173 13738 26720 -28647 -13976 33389 -21207 30777 89865 6093 -86555 55109 -21267 -32460 -72082 -61210 45494 -41377 -42602 -34794 21726 -59824 -74153 82815 42137 32604 -4843 8173 94649 4819 9915 48524 -13174 -21596 -78732 -36431 -57415 63331 26137 73771 -82614 -17698 -85083 14197 6411 13291 -59617 8587 24040 -91979 -12500 -2907 -69007 -19257 -38217 27539 28939 3900 54252 -43893 6252 12750 -38366 -24904 -36237 60058 -56773 -11890 -58268 56758 -14241 55569 -1211 -78273 -73612 -78479 -78422 93313 -97774 -60666 41655 12340 29145 -75800 82815 69862 -60183 -86536 -99452 23525 -53450 -91431 -65008 -23605 -3854 77928 79743 83497 -6348 74604 49946 -77057 -89401 -56688 -18796 -13455 -73793 -89791 52795 -78413 -89641 61052 -99944 -49603 -55452 2463 28545 -71809 -29920 55549 -23603 61333 37911 -81208 60626 -25434 -63662 -82975 21199 58904 -31847 -58740 68681 83486 34976 -74802 30133 58987 -41334 80626 -25630 -91602 3126 -11222 74329 -57321 82167 23906 18623 -5955 33399 -19679 -23020 71309 84984 5145 9569 -38363 -18912 74655 -14381 -44806 -36906 20924 -61013 84349 -59310 -90353 -79171 -84599 54058 -69140 -61286 -71773 17682 -66941 -60854 89470 -80747 -25950 -12777 80284 -16126 51853 -37280 88388 26248 14121 7448 -67856 68903 75183 76067 44736 91203 54055 -20689 85890 -45009 24054 72015 -91130 -4524 -58966 2445 -49802 -9537 -82683 -87177 -91774 -33892 2121 -51093 30448 21505 72578 4200 85898 -15175 17864 -65160 -14302 95372 85437 10717 72597 -17480 97005 48523 83463 -51775 -98049 -56961 -34306 9000 -75563 27637 -12298 -61158 -88983 -63210 -37079 34424 58315 29856 -27160 -46979 88950 -52679 9543 -89920 -97581 65554 -5437 86481 -10094 61187 -2214 -11610 -99282 -72580 26563 31355 -47122 -44671 -61253 -12832 78352 72666 93081 95049 32378 -28317 39165 2418 38605 54793 60554 60491 -48446 14017 91699 -89664 19264 88510 54921 43426 -23927 41242 98122 19653 -88331 -25423 -12809 -95303 6781 54487 64376 -83537 24392 9379 21516 59583 49920 -39459 -17377 54900 -41568 17774 -30610 -21282 70933 -89852 -39845 75226 51930 -33378 3498 -30435 -98876 39132 -39911 -89371 -41856 17769 -37352 4066 -99410 12725 -87479 -80049 -28268 40315 43274 9250 -95715 31532 92087 67778 -19730 57351 73884 -86579 30191 52090 -44054 40009 73353 44798 -24618 -69624 -38439 1981 46999 90244 -13862 -53538 42886 71994 -47503 -96274 79591 12591 -79113 -13813 69567 -35618 25794 -94576 -73927 -65953 96454 91632 -32316 -55691 72349 -23370 76112 -32604 8941 -57568 11792 -46498 91146 -57032 -5253 -74413 -24298 -18868 42166 81288 43834 67516 -82019 -80017 -59218 -68165 -99127 -37203 -82703 98823 -29207 -53083 -70280 18304 -11518 -68165 31194 40141 21975 33898 -67992 26155 75112 61053 -27045 -78171 -6608 -75874 -7400 -53758 1681 -50376 42949 -34391 90138 -95221 62619 -77344 -83371 -57456 -61776 -10320 -57967 36862 80757 40198 -49099 25486 98526 65563 -7887 -92190 -10823 2047 98380 13352 -72849 34328 5503 -44331 -56084 -50154 62812 67114 26727 53710 96015 82808 -82462 95206 -40558 72236 29598 46135 20024 1522 -15533 68435 -3302 -47803 -88999 -90463 18728 -50695 -99024 49669 -6828 -95511 74216 -2341 70058 -11205 8930 96538 -98050 -17380 21499 -77658 -64851 -74840 55884 36450 47171 -69461 55422 -64408 24107 29590 45120 44600 90292 99645 -10686 -68607 63826 -91485 67269 -16882 -35502 -18195 40793 11580 -23073 -89792 -72062 -85604 -21303 74280 -64107 82428 -32293 -495 -59882 -26424 -10886 8012 -80497 39189 -4635 -80309 30623 -19158 93628 -21403 6659 -94040 -93145 -25248 -14081 -51562 86595 -75600 -63974 37614 58049 57168 -73753 -4964 -70279 -75055 -30741 -12500 -16556 -67565 -52127 51103 -44344 52628 -79332 -39308 -87134 -27513 -18345 99396 44234 97877 41901 -79116 86860 43901 51352 81006 43148 -22089 44800 72465 -22000 -73671 5815 97212 -89320 -18239 10146 -75629 72464 -12636 -29470 94274 -86354 -64114 -81978 -75275 54221 -98948 -71995 25037 -88852 23005 -5332 6428 42073 -71979 -30719 -58369 54889 47113 -35099 -78501 -12427 -55860 -51469 69997 49164 83684 -72770 65371 -95584 23291 -42743 91038 85641 -66796 -55600 93427 78900 33611 -37455 6932 -98614 78628 37095 -28352 51177 91327 -50834 29146 43541 -37632 -84436 12650 -44685 60762 74820 1828 -49544 38355 -23268 -9752 -64293 6043 54867 7884 51607 -24590 -29388 -34718 61582 -67324 85311 10160 -33153 69958 58665 30464 -99619 -69955 6312 54859 -49887 95766 -33694 81221 -66395 51157 -51671 67988 52098 -68548 75905 -34783 -65279 86403 -89460 -39482 -34465 95266 -87793 91694 -81073 79325 3474 -65144 -42817 -27504 -70479 50622 -99261 70880 -44896 88020 -70961 82511 -96392 8359 -71962 -10515 -45910 17198 -62150 -61468 89875 69860 -67692 -3332 -14773 7775 -719 72890 36018 78341 -27893 16238 73833 -47165 66475 -61749 -45793 2030 -7416 -50716 74551 73619 -36359 28428 28166 -28199 14676 -87172 -33910 -99198 13586 21526 -58422 -83903 -84378 96169 20258 37438 -24221 -46564 8372 -71054 -24709 -63116 -25696 -26775 -53584 11714 -96390 24056 99920 38830 -82883 53744 19126 -8815 -20519 68887 -41196 17793 -47328 80469 -27749 25000 2393 -29315 -57936 25921 -42180 14853 -65007 -95505 -38547 69141 27377 816 -42623 44638 33615 68268 -62069 -71210 -29830 89070 -2788 36847 -33202 80856 -74091 -28746 72568 35393 -18678 95666 5832 -94678 -83493 48677 -71919 -36764 -25862 -33913 -35959 98637 75230 45742 60851 50580 38916 -52041 64501 30296 38498 -99116 -60915 -94869 -14180 80785 45195 10029 48885 -10531 -99617 26097 -49296 -50881 -71566 92052 -19695 88975 11372 -34157 82460 -28712 53667 -47710 64849 5370 75594 57699 48168 47855 -6444 -74810 -405 23694 63741 -48549 -35805 -14877 -87992 -11880 -6445 23571 98949 -36779 39589 -12593 29277 -40341 12938 47440 -95692 80809 -80006 -72948 48154 -64087 -39364 7672 -88497 -46271 22443 8098 40242 93624 -80967 -73100 78510 43804 15680 88333 -64421 -42136 93469 -43761 -42729 -2776 -74609 -90401 -32771 -96933 54010 7254 -68469 -26491 68564 54305 17923 -45189 -75494 -10657 -37948 60373 -68862 -75486 -34380 56847 40743 95669 64917 99469 -36768 -88420 24784 80617 -27364 41840 -56212 72307 98529 82418 91016 -98333 28333 -43282 7954 -13297 -73761 -76745 32043 52799 -39882 50910 -27210 -99975 11964 82552 -8522 -6440 97481 18583 45828 82437 -56931 -92948 93699 -74438 64419 49869 -94400 74929 -27842 -49525 -54893 -58855 -38600 93325 -88149 92005 -52973 -48657 -45193 -48188 -65232 -22667 20811 -83937 73451 17826 -40853 62175 -64737 -91744 -69099 90250 89809 -46479 -3886 64399 98336 99516 -21463 80030 13200 -59648 80334 -83414 -58301 24186 -886 -98001 -55075 -1817 -90791 39731 -54099 79422 10194 -71550 -77763 -58703 -44481 -80807 -59698 8804 -71573 13933 -39901 83419 -56434 -30232 87092 36384 87099 45490 77509 39164 55107 53517 -13479 18766 -58739 55785 39683 73151 48713 -43485 17719 11382 -54875 60157 16674 -26815 -17233 -31782 58934 -43862 92261 -94749 -48549 6383 -22527 -1558 40365 21863 -76138 52412 -69762 82064 -66765 -85898 -39775 93202 83572 39866 -70334 46818 25652 3444 70304 52218 86765 93361 -64553 -86150 35779 -52868 41303 -39234 -66857 -36958 -86694 33279 59096 42520 -80556 -36693 41297 44777 -78093 -11103 37646 40920 -75479 -31932 -31543 -12948 43893 -64301 -53257 -88460 12125 28584 -46181 -63375 -42195 83180 66789 -76568 35779 -61249 63799 15959 -81273 10657 88985 66162 43322 -78987 93395 99267 -15630 20822 -56842 78609 -27566 -11478 -92146 -91321 -96977 -92837 74295 81111 -93654 89554 -92044 -78075 -15459 -56766 98590 94563 66997 53575 -78749 -78338 80344 -50082 26034 -74241 15076 41304 69751 -2603 -84992 65373 96208 58564 -93225 88541 -60737 -7374 -17989 -635 76208 -69812 32126 69243 -24014 97272 -23417 -31631 -58247 -77707 43072 -61217 57378 75150 51096 41562 24985 -24716 28750 36898 -79918 -60527 -53934 -24246 31444 62964 -88869 -17656 -530 22913 -89413 32945 13952 22504 -93118 -88427 57080 -87193 -99267 73550 -31505 -35614 -936 -9468 66899 -10480 -76750 -5243 89766 35238 -27889 38946 -60689 6217 -982 47588 -67771 -38185 8259 -60868 -29375 34135 -40271 -15683 -3120 73363 -87155 -4000 -18702 -55373 51212 -1610 91261 -89023 44846 87247 -89677 63845 23148 -86096 6623 -45495 -36983 7528 57838 61012 46346 20593 62029 -6918 -95545 63683 66788 37842 -51564 -67031 -83087 -84084 -29795 -87682 -67910 2676 -33726 38563 -67424 45698 38751 93595 -98696 -31421 63992 92227 -32193 68763 -53483 43518 24163 30665 -34722 35179 -49181 -886 88267 -50799 38497 69802 -83179 4782 -29797 -36501 -59404 76423 -82821 -62906 82622 4880 62287 77709 -22627 90314 -55207 36767 49795 69132 75505 74845 91510 -19391 6861 -21989 -58425 -94571 -36373 10048 98307 87955 -65787 -3463 89334 90115 38497 12955 -43934 -72712 -18844 -33979 -78460 21102 -89310 2285 -23552 65579 2205 -58929 -7023 96685 -2045 98616 -23817 -88906 -51086 5718 -39948 89039 77145 -3256 -10889 42468 79093 -50990 -22973 -49754 91168 -93901 75287 -77820 23164 -1100 -19330 7792 -26655 -23820 34475 50919 39030 32440 -94103 -40790 91570 -71435 -3433 -36707 45776 82821 31327 35987 -53219 -27796 -13085 90185 -64806 22076 59933 82765 -83870 76601 80423 -10889 -90158 -24057 80048 67532 -84920 -23617 -37395 -46354 -43341 -45228 -6922 -49057 37944 -32441 53911 -17405 85829 -67971 3474 90960 -41835 -62928 -73215 -76391 -75207 86465 57249 19209 37944 22278 89072 -67552 42706 -87330 58979 -47933 -36798 55535 -76035 65380 77939 -48098 29128 -43171 -64687 6167 68829 -15322 -40829 -89721 6601 -90888 89625 -79856 -78015 96620 60400 99585 32353 30199 98810 -14163 2064 -75015 21036 31252 6745 44848 88819 37488 -97802 -97202 -51548 -45289 -93035 -92293 53641 -72017 -12289 8796 -70636 44112 -66469 56552 37330 -96560 -35935 80460 -1095 -12482 23804 66943 84245 30378 -30823 91172 -25643 56257 -68621 89997 8924 -99194 62807 78290 -43979 2698 -3555 59841 -9352 -64892 -84810 -80011 -18413 58255 -81410 -67710 37878 67586 50741 -24807 -71464 41356 -23390 -40796 -39353 4072 38908 25134 -10097 -93085 53763 -63485 98318 6766 -48959 -55278 89519 -58665 -43485 59009 57802 32607 -61233 -80732 -37048 18304 -27905 -12131 -11475 9647 -79881 -75823 -33114 -90436 82300 95564 91556 -22943 -65907 36232 40537 6758 95860 -88766 -3836 65277 -94428 -11528 -37701 29074 3678 12374 14130 94972 -87847 36142 81846 -74838 -69456 95650 -66239 11809 -95289 -88948 -49422 -85480 36383 -46737 -5281 2391 4289 59234 -76831 99947 -92851 1263 -59631 79545 19441 -80947 -16014 95340 -44201 -73799 -53991 -42694 -33408 -10731 -6730 -86354 12668 33452 44256 -51921 14358 49958 -71485 27242 64202 27211 11274 47161 68861 -62619 62839 -44724 37493 -30850 -23873 96520 -89424 -69636 -36534 -20306 45367 -98700 38363 17292 -49125 -10187 -21765 -37760 25014 74879 44255 93111 38572 -64218 6813 -87909 -44435 -38724 69119 -1878 61090 89755 -67458 -86001 -73136 74857 -2859 18367 81170 81920 -95267 58776 -87550 33012 -3467 47971 52265 85480 -83002 -24148 -25088 50494 -52347 -95865 87342 18780 -33089 52804 -56588 5607 98239 56723 85117 50153 63520 64093 10294 63705 50134 -1468 72169 -22297 44887 68231 58509 99097 57368 95565 91302 77186 77807 99514 19591 -76497 36895 -22523 -61941 40317 -4007 51855 690 66928 49098 -34935 -61482 -13399 48201 -73013 -22822 -94423 31187 -18841 49287 62211 -49025 -54092 -50094 -71595 -51515 -41534 -22816 -62961 12690 5962 47827 46761 -85641 6908 63111 83417 -93980 46253 23989 -59367 4332 67835 -69141 19848 9499 -91999 68280 15865 -54409 96419 -43401 -18865 47236 89898 -40202 36314 59051 -42224 -14599 75675 73682 57916 -5155 70444 -36046 36370 -63687 72297 47103 98447 -95412 -25367 -99194 -9643 6817 73955 -69118 -62655 82228 48444 59910 13810 -10519 -92151 43984 -61401 6492 54800 -5963 42738 77355 -61566 13809 73256 -30259 -75490 44341 253 50186 -831 -9634 6673 65244 -80914 -43211 -96085 47271 26335 11662 -74243 76164 79745 -61801 -50117 38545 -17766 49818 -11696 96719 -68493 -33957 -49657 -29995 4510 41943 -60953 -36927 54039 -18540 33440 -28722 64113 -89366 -92278 -56944 25415 97220 -41349 -99743 -98292 75038 34716 13836 57390 2413 2050 -83588 -85542 -69385 1499 32095 -47031 -80324 -78710 75195 -49318 60404 -12223 -93319 -87439 -82640 -1645 38363 -85323 60450 69945 -26797 -79001 -23182 65115 59000 -80820 93392 -15748 -85759 18788 6900 -53550 65030 36789 -48646 52690 16213 68316 7777 64359 -62343 -86814 91359 -3436 -42194 67118 -26652 -29189 -95591 29832 15514 16050 56982 -26206 2430 -57450 -84747 87254 17710 -63370 90323 5702 7911 76002 -65913 56320 -64035 -9678 -94898 45612 -75864 95524 29000 90052 63943 24293 788 -87497 -57802 48222 83313 57758 -82490 -30913 -94040 4145 37359 76851 39864 -31108 -82394 -48811 -47980 -46872 18979 -39152 -76620 -65222 -17634 -6184 87412 -55108 -46884 -9628 5202 -71501 22472 42787 -79251 21702 -97210 -46282 -56936 77743 -73351 -79396 58054 -57170 -99878 -429 -70477 -42624 96697 10599 -37616 34558 75541 -16702 -65303 22613 29958 43161 50323 -9569 -1438 -68211 -50091 -42786 17307 -80513 75080 42918 -22214 -19496 -30637 55335 -87106 90314 -55777 51731 -15321 -87473 -63076 3702 -22925 33764 -88727 -75223 13026 -27807 -25351 -86132 -38000 18421 -46289 78795 -34430 -73362 4428 23313 40033 -71614 -62834 21427 94227 30983 74923 34583 -55352 -51071 -80292 -96326 -57669 67527 -75812 28864 54402 40574 -52187 -73172 64697 -49305 -31554 36165 10066 -55010 50083 43164 -10834 92558 28793 91688 80036 58989 14801 -38693 98674 11679 -39279 41390 -36291 -69857 35083 -53543 42479 78660 -16522 7067 -92356 -11271 -39993 50058 96680 17872 93669 -93992 29192 84240 54301 42764 88530 66895 12379 5587 78454 -68806 18902 25390 83531 -83985 5555 30146 -38147 6191 35864 -61584 -95946 -4294 -99409 -1403 41721 -62348 -77887 72730 -55189 -52696 -41303 64935 -8432 -14045 76655 -58262 -77406 3117 77930 72899 -4044 -96111 -12168 41316 17253 -72500 80027 -30555 6152 49274 -60589 92018 -80899 37059 70735 -54330 -80928 49585 -63629 -14176 48863 4316 19728 97910 55759 -89662 46153 54831 40053 78747 -29609 -38338 12712 63431 59636 42045 -24291 43321 -95762 -58492 -66740 -90094 -13261 -91110 58641 81350 91270 -39759 73622 42157 13548 88532 56821 87892 81249 -34261 33002 -23488 69967 -65924 -21845 58754 -11468 92788 59838 34272 45108 65024 -82693 69679 -77976 -25664 -9093 18454 64120 43050 33048 20032 96916 -90615 82264 71661 15712 -75970 -6430 -53065 -38322 42599 5292 17331 2367 25201 -48622 41367 72157 -51041 -93127 61372 18491 -27936 -267 -79554 60963 -83358 88589 64579 73983 20955 29735 60022 39513 29099 788 42076 -60700 63484 50627 14417 32594 30345 88361 -59652 -66055 -16083 35297 51206 -48579 29475 96547 -89991 68639 39498 -16571 78668 37465 -99828 4489 68703 -51179 78872 63893 -37745 -3352 -86402 82322 -29397 -92162 73951 -5534 98068 2277 -139 90760 62409 -13000 79730 19705 49211 -89955 -91969 76426 -67277 -55980 -26705 42022 -53886 95684 -10181 -1819 -29660 -34147 -52144 37255 3069 20767 55608 3303 -48591 -63206 -7457 60272 -22886 -51322 67327 -35348 66186 -65109 79183 39645 93819 51009 -29417 2600 -41752 -48995 43179 50103 -72972 -10822 6143 -56897 -31651 -79131 79430 78397 -14048 -51083 39734 99623 -11424 89379 26695 -53364 -9992 1995 -56043 50850 -54948 5815 54436 -41895 82085 -41733 -9999 38869 59368 79946 -2993 -73203 -41396 32247 -72157 46784 86284 2556 -3208 -4106 -93273 69299 28355 36036 -31095 1261 46456 -14966 -95902 59878 -15998 98178 27866 78285 -24684 -31395 -41225 -98007 -49102 -19621 64660 63363 -68548 77060 34300 51248 -80467 -70326 26149 57025 26943 -56794 -87708 -47794 36720 84730 -12544 52562 -38129 -29448 -90119 -77452 -4520 -44901 3424 -19369 -76876 -14738 -23021 18929 -71813 -14339 -14078 -46969 -71892 -43220 91086 -54515 -4026 62367 -43778 9966 24743 90800 37502 -74472 -37570 11739 17265 -16816 -87995 -95790 62732 -30334 -60760 82748 68641 -71398 -25687 -77157 -90774 -7237 -53515 19704 384 61407 38730 -68014 82473 55120 37291 23965 47191 -84234 58616 92021 -65492 98644 25309 -98236 -28780 -5369 -65980 -38393 34810 38094 46226 -8690 5433 -57325 -64125 -13258 46121 12238 9074 -84698 -14946 52979 32761 8925 97733 17908 41274 15921 -26720 -21710 -56067 -63766 29162 85101 -11424 33749 -11582 94197 75457 -26700 41912 65721 -10992 92123 54225 10616 -4655 -16814 86824 60865 -24493 -53397 31605 -66210 -20166 61057 -68894 -78247 81714 12226 -12890 -93342 -64315 -98359 -89670 -88760 -59120 -19563 -2350 67554 -39818 53704 69697 -39159 -80929 -38023 -65625 68467 -69661 -14546 -16801 -81848 -45383 -98539 -15071 -10889 25968 -91142 36784 -46498 66047 65939 11591 45634 93503 -52250 78781 -73688 -25574 -20501 -25455 36265 37572 61719 419 1142 53731 62520 87889 28616 -62232 30964 80974 -41781 10906 17704 67071 15623 88577 -23278 68597 8339 -60755 95796 -98331 -65990 -3978 35087 93659 84467 -56036 -3312 -24525 -45172 -81756 37843 -42737 -54682 85485 42440 -72249 93213 -64944 -50081 -83507 -66892 -47523 59012 -62457 69122 -98142 64342 -20080 63596 -75724 -84537 -1130 93540 -97872 -76446 36208 -35840 8887 -31215 28330 -58017 -46533 88101 44900 21422 -9558 -93649 39596 -56730 23644 5913 35970 85118 -77169 74367 19545 -53615 -52639 -8226 25850 21704 -15891 -31753 95777 -4792 47336 64557 -30366 26835 -64435 -671 -59431 49742 -91429 -14689 -62658 62166 -76345 33937 75580 94485 18902 248 72407 45176 -36799 91249 -73195 2891 -86081 44016 -52380 88296 15222 -68298 69194 22886 -53980 -83400 19844 80220 -43621 -48011 16104 88009 90921 -43043 47977 71809 52714 -51202 -92327 -14587 -52345 -54768 -59317 51165 48603 61169 -43875 94248 7988 -55122 -73573 92101 11962 -14290 72294 53401 -80244 67866 -20518 -38062 45002 44352 -62284 -38014 -56336 -14776 71264 -4660 84149 -35900 51416 41601 -46735 -16060 45738 -19243 -30065 9544 -67977 28216 89999 68980 21380 93231 94947 29264 -42625 -57647 3045 -24019 -35214 -94872 49696 -12804 -31570 -33442 51417 30579 60226 87562 90063 -69465 -52693 17133 58233 52638 15028 -99295 -51032 49696 -54300 15381 -81680 -57509 -85467 -13201 -35384 74777 56211 22818 99163 38150 30470 88420 -70505 -43839 28537 85577 -14311 -63751 51934 46359 36039 -36291 -65746 -60877 -92639 77006 97329 -74164 -64684 -4499 4106 91157 90346 -85768 43650 -50601 -54579 -90128 -88343 -30450 99491 45283 28175 59012 79835 22055 35955 31980 32623 49140 14917 -8429 79201 -44796 81750 93982 89280 84800 -2431 74942 34830 -6319 -51593 -37925 67098 40245 3376 -84040 96768 -89399 -47048 -95455 -27089 -20805 -38058 1673 69190 -78501 50121 50432 -15921 -71300 20643 -82591 -9065 -57269 -44936 90830 49558 -75471 -94012 -60884 68536 51307 -56096 91304 53847 96419 -8708 74066 -93700 -75758 -20625 -47875 25297 -27337 71378 92656 34056 -49445 -85139 60454 -48532 -98712 51139 8943 23234 -78334 -44840 80034 55579 31037 -75639 59567 -69808 -61940 4286 -87307 66014 -60434 91826 -60209 -69706 -45671 -58737 -69046 80037 83607 20677 7509 22305 97306 73063 -63395 -85974 -69809 58817 95565 76538 -76607 -69608 -70453 292 5565 -72604 -66051 -52628 -89028 -68291 61877 89182 -91633 17045 -64351 89530 -10100 73466 94663 38715 99217 14724 -34811 -48108 63309 95763 91282 -43877 -90294 -23031 49916 -49551 13102 -310 -11575 -45368 40549 -96484 73104 -53118 19366 70558 74364 -20972 36576 -72834 -60774 -26063 -53826 -73665 -76380 -25433 -94046 46378 79056 3491 63932 37578 -63139 -11616 -97708 51108 74306 -14373 -64706 -60644 56323 -24839 -1544 -66233 -95513 55033 -49234 83665 -3864 -8256 89157 -255 -82693 94541 92934 71746 -99675 -43739 87610 74838 49126 56291 -9497 -66392 82075 52951 30170 -95520 -74527 -40004 18944 -68896 -62807 -27789 -49994 11113 -5886 44100 -14373 41464 -3874 1547 -19536 99904 -65833 -44422 -92911 -32011 -80352 94681 -59060 -93277 -63078 26315 -85892 10746 -67726 -5150 61023 -57544 25649 -39495 46153 29724 -27142 -84190 -56391 57042 62379 -83873 16160 88440 89150 -77619 13043 11726 54878 -94133 8093 -40178 -65924 -66843 -26232 39211 70419 -71940 -10244 -16261 -31564 -58424 79425 65606 68308 -98013 -41846 83816 86210 -25169 -91510 -34543 -84625 -67312 -95580 61517 -4792 6310 30125 47962 67730 18352 -3382 10937 -19191 63292 -82991 -2773 16081 54698 77490 -8765 -2490 -25277 11456 -54784 -35487 -34128 25717 -72101 -64123 -34175 21044 13819 -99283 -71017 -88433 45475 -84429 -68933 34790 -67851 -89847 -45678 -93015 93118 8154 45187 -39745 -73686 17789 4501 -27603 -76412 28185 -57565 11099 35340 -88826 42705 -96558 35490 -74459 90517 75688 -3991 17378 -71845 -61168 55386 -92009 88690 -71640 -10158 84630 -84061 21493 -77865 -48754 33265 -88871 7109 18742 -73348 -35380 -85874 21097 86810 -39919 -12931 -79105 -87469 -24574 -5334 39119 -27766 28984 -21294 -47703 5020 -54129 -70061 84567 -48474 -93501 -95430 48146 14058 -52361 -8529 39380 38445 77306 -6851 17132 11650 84395 12587 56280 -33478 30070 -92218 -46375 -68412 47131 -98566 -12506 -47842 75912 -47475 59112 5534 -58952 15207 -33357 14682 3187 14507 -60963 -79308 -7401 53393 -83203 37525 -36941 -63765 83364 24520 -95024 -91589 -84905 -30268 5640 8739 11559 -73741 -18577 -13405 64322 54486 -93463 97944 -82223 -69465 -86741 17161 54276 27312 74729 22516 -67409 -33856 -90208 -94849 96352 71732 -31136 53503 -38146 42575 44713 -82188 87408 47567 98519 83484 85469 65433 82568 -29337 50515 -99206 -17412 -34649 75037 85527 -82756 -16987 -54879 -88912 -33016 60055 59607 31554 -90065 54573 -21978 69499 56745 30261 3547 58888 38724 29191 67479 -41363 69877 -82929 -47921 21438 54749 15086 79610 -68469 8679 198 58070 45895 96584 -23292 -73246 7712 141 -73896 -61087 -43302 27129 -24855 -87127 27146 25801 49689 -30224 -34924 -38842 -54335 99805 -15505 14530 -52023 -44704 93192 80587 35106 75567 54921 56008 -24212 52795 49020 -70131 60052 16935 -96156 -82437 86513 -30764 -56708 12929 73100 -63413 -93103 -43811 22492 -86635 35154 20781 41703 -55034 -72293 -76663 7674 -85602 -58487 73214 74420 72823 -92809 65367 73131 64567 -31975 -75075 43065 -78061 -38340 -3170 79398 83978 96851 61274 49832 34469 56100 32241 53279 17593 -61568 -70651 -78110 16512 -94124 91616 40903 32029 64092 54049 -24039 73405 33227 -91995 -81490 43293 4596 -31833 -20278 40275 -63761 -57869 98662 -68479 18304 -6663 36826 34518 93317 -38884 49708 15437 32868 -2010 14732 -96976 41322 -54760 -83821 -93264 -31973 41583 -87725 9783 24337 -16061 24067 74742 -75437 -52858 -50477 -319 47700 -77684 -21473 56155 5705 -76012 69857 75108 -77971 -58625 33929 30990 76775 54778 -29112 -56654 57261 75745 11012 46720 32301 -60563 21467 90371 97174 2788 51676 75709 25079 74217 66564 -86886 -29972 -88692 54362 -7032 -39880 87009 -69089 -32196 -76816 52300 11024 -70510 -7041 11975 -88460 29593 44664 68383 -34959 -53592 27797 -25520 76736 81124 45022 46326 -41245 -12625 89495 -1070 -7189 -71948 20650 52315 72657 75644 68081 4375 -52361 -23231 67772 -88159 58531 10529 84028 67682 -25802 59862 -1351 593 43340 -34816 88837 -30576 60381 12541 -93283 -30362 18767 34140 -18107 -60235 -83023 16378 -96955 -59905 47020 -11390 -73206 1171 -62686 -58107 -6789 52043 99243 -36257 65234 6596 -27853 42245 43318 -67216 -99910 31736 50437 -41803 -30291 40148 4892 39646 82633 31547 -40243 60978 -89229 14271 -63965 -32227 3597 25705 -60327 97367 38205 16700 57796 50930 -82134 11389 -94218 63379 -83377 -76621 -21383 -80639 -43782 -70391 53747 98362 89995 -34913 -6218 73325 98048 57206 67798 -57206 -46372 87364 6793 -71698 -39012 -44073 24548 88669 6859 -99888 -10417 -51089 -34824 -88520 -33281 -15794 45830 33968 -75254 5018 -12850 83588 -94250 -56595 -5545 -27014 96733 -20809 29917 -62082 -31270 -67344 61555 -74477 12439 -16668 70469 -91725 -49341 82719 -24200 -28277 -92593 48694 9155 5399 -83437 23220 98078 94075 26941 95959 -82873 35211 -66766 83552 -32185 55857 41097 50271 97397 43294 65279 -89034 43316 41831 91231 -99252 5043 21039 44482 -61868 -74598 -28828 -79128 16091 -28993 8449 35522 -72583 -40631 -14423 63198 -51579 3421 64257 -1294 -30524 43109 10674 61604 73846 41140 61850 -34732 83208 52508 3764 82578 62148 44062 15435 -18311 32835 -80 48694 -18119 80536 -76329 -14193 -10796 54233 -31523 -17803 72991 -87076 -70994 -67463 60878 -64671 89368 57053 78133 -52661 -84641 80212 25242 -5283 -35408 82712 6 82129 -88337 -7919 -70275 -81549 24383 -79393 10752 78984 90893 -83781 -40475 56240 40986 97318 45553 3517 -45699 10428 -17585 -34843 7687 85954 69770 -67031 -73783 34918 51852 -31867 -14107 -2380 57154 -85369 -651 27274 -97987 -87115 -93505 55745 71984 70742 50052 -21059 -64378 -21694 39029 52139 -34406 -53095 -87690 -23108 -1345 -1684 78890 -28179 94134 45950 60797 14009 13074 30418 7600 -86892 -14311 14244 -31283 -57577 -96236 -18540 -17490 11042 -4530 28459 98251 16155 -10892 40908 -92349 49740 18128 -19122 -16393 -42136 -49592 32756 59544 -92426 11451 -65696 -36425 -3130 -32343 6021 -54 -65709 66077 -51680 9769 -11786 83658 -24190 -85793 -71583 3938 65839 -12443 58244 59447 -9029 -39994 -85923 -97599 82136 77018 11542 -57987 -51047 -68958 -54148 -60113 -22900 -52540 99764 18470 12246 25401 81915 72136 24243 -18573 5182 -64784 -17161 60766 -82349 2274 -92725 -72827 -79273 -53632 -26355 85898 -73807 -75804 -2348 31953 -34149 39830 35547 67620 1777 -84279 -98395 99359 40733 -96064 -71597 24410 54353 35338 3831 26144 86376 29640 46494 -66484 -48650 -79255 -54678 51478 56114 -6056 16416 -96429 -28383 16947 -64634 88293 7099 -31024 -56979 67404 11409 -80040 -61392 91483 -70926 -56844 -85982 -46551 38612 -34141 -40019 92785 99157 25495 -10307 -40237 12744 -9371 82567 54336 91234 1154 97279 39537 -87392 20902 45256 -8156 66608 -55749 -3401 -30603 34757 -54169 -18797 -66467 -67649 76096 46144 82116 96917 -39035 31980 -14986 -33620 -5096 97243 -29652 -87640 -91759 77163 12522 -33293 -19914 71134 -3681 -25234 70973 22480 -11253 93926 -61820 -48407 -79892 -70796 -63314 -49262 -59586 86890 17297 -25166 40842 61161 93064 91620 28780 78828 62737 92267 -77752 18162 14921 4372 -45924 -36326 74195 -23068 69100 68170 77870 94580 -56390 28264 -55508 -91950 -49765 45514 41269 -514 79591 -55509 -80922 24449 -7297 87228 -96692 71719 42319 -84067 -82365 59054 1457 -35266 -89067 -33171 -13767 87370 66552 -49049 -91296 1349 59615 -39826 -14803 88531 42953 31870 -62034 -30069 63612 -39854 -13224 -39833 -19893 -96902 -90624 83503 66297 94067 -72779 34927 -81879 87474 3898 15486 24301 32424 -24868 34792 -82446 11408 -9471 -54845 -26900 -33388 -33312 75644 -5768 -31409 -31347 12066 -85978 39392 -44880 40269 -5200 80469 -82709 24548 58012 62409 -42998 18053 84701 44827 -71910 -95918 68241 79894 70633 98090 90324 75511 -15983 -36843 68729 56174 -67669 -61442 40675 19667 31686 34347 73296 -33033 41261 92766 1187 63080 48872 51855 11565 53702 38332 34872 -59366 81037 56986 -84029 -19764 -17555 26155 51723 84308 -65175 25657 -72565 -28109 17812 78527 -63947 -33469 -1213 -39038 -90450 -76527 91077 56820 41675 96005 -34 86247 -33773 -54117 -29797 -65344 -46592 45948 70053 -40654 55293 17842 -57340 36699 -38274 -37539 48902 -72945 -60429 -70448 69364 72893 44103 31064 -92113 2734 -58812 48526 -44926 -54805 35550 34922 -87056 86566 51539 46027 -44401 -56016 -61804 -68247 -88260 -69336 -96093 -51473 -39701 -53933 -99446 -95732 -83476 81316 36845 1172 20930 13763 -541 -69954 -88122 -92187 33150 65513 56465 76023 46305 77403 26052 87398 1249 -68096 -97062 43588 -78081 -22543 -50362 -2306 589 -75636 -24302 -83822 89925 -38335 44975 -24145 -16290 70362 -36045 68075 -77704 54569 33782 97950 -87583 26508 -27552 10400 96890 44267 68170 -63757 -48885 -17460 -18910 7130 54325 -17059 77284 -74399 -90859 -99043 -47949 92240 -95569 19812 97027 5979 -52190 -99080 -2991 -26875 -13643 94562 54227 -597 14698 -80461 -13123 -94876 80626 -87921 14272 13470 75229 2219 10647 -29569 -75875 -80647 -96581 69688 3020 -2752 -21595 -77313 85850 -76329 84571 -41071 -26024 -99584 17184 41992 -15083 -73635 4550 60988 55054 -29518 62166 23060 -89001 37047 61265 -96056 -3718 47246 99285 -48974 12695 10020 43717 -46967 -22876 45218 -63083 -930 40063 90216 48759 48007 63010 6236 -58238 1821 59104 20354 -95956 38401 -38637 41541 13627 46285 45601 36326 66535 48309 -68984 23858 38711 78816 73124 67993 27218 61053 -80955 -4557 -91969 -2745 55022 12396 -52654 -4836 18892 -79674 49252 19137 -1157 -93872 81722 55898 -37938 -66837 -94160 -77199 -65213 13145 83906 -6019 19159 65429 36834 51339 46557 -51038 -348 -96148 -20642 -79379 45044 -98467 99506 49852 -3388 -63509 -80905 20845 -5311 -12020 33824 -17593 -69125 20736 27575 19779 -23771 85092 -76351 75890 96072 -63832 28000 -22196 951 57843 -51535 -80436 -74684 42033 76417 69078 44553 -62079 -26512 -75908 59529 86849 55248 5595 -63884 14228 -30198 -53593 -57344 -63060 58115 25182 -12373 34278 54045 -80483 17776 -86002 85371 -30706 89008 91736 -3939 -30164 -65425 -72413 45111 -9137 78525 -23021 -2260 27430 -88106 -16386 14064 32592 -66860 -99243 51514 -62897 -66883 -3748 30272 -99984 86203 50608 -95265 92497 -86950 -83388 65707 4674 -42444 84583 -10301 7482 -27881 -86148 20418 -54995 -44616 -64345 -27007 23209 -53436 31885 -57282 46799 60177 -13990 89038 -26600 -98674 -84687 -76679 27265 36360 70905 35453 -52088 -57816 80578 -31366 87978 18653 -36988 -76383 -64282 10018 -80997 2102 42147 -2183 -98362 26215 -82721 -84555 -7874 47446 68161 82981 97410 -84533 -76022 -69547 50566 -2534 -99731 60018 -53338 21589 -71371 72213 -77410 -17428 -51259 12042 -78800 95961 -88565 95001 -4913 -40385 15498 -86043 49295 -64305 -47673 -88504 -91394 21209 -81419 12772 55622 -17710 78386 -96144 -98793 26843 -32779 83675 71350 -77292 32168 50472 -18143 47266 86484 -14218 83272 -23182 -40492 69309 -63077 48764 36814 22769 8320 55478 45578 50231 -44074 8037 -9661 -65526 56023 -32605 -26854 23789 -69704 8376 92074 -76907 63685 88993 34918 -62971 24292 -46998 -18511 41144 -78335 -44106 90147 -81460 -90688 -32414 -12892 -88097 -59700 -7779 47189 74061 60111 5718 -41861 79465 -51981 -81985 22755 -22203 -44075 90939 -5643 14780 -32882 37369 -36572 -11553 -60315 10278 38921 -84146 6334 -28432 43045 14144 -89797 95385 12530 17390 -49207 54216 43643 -42582 88154 -34104 -21468 42067 31959 -48821 43436 -20402 -53632 -16659 -40270 303 65314 -21903 6403 -63850 41609 -87565 -13270 -12445 -86087 16790 16480 -27464 84730 -86861 3147 -5600 17699 62497 -12034 -7610 -79012 -4521 4089 -58199 -46000 47999 -52087 91152 -97448 55732 -91083 41779 -12625 -14920 -71913 -88857 29338 64874 83459 -18873 91528 -92776 74610 57310 -73335 -38770 -73856 -78154 -73754 21294 33041 1686 -75160 57556 80009 -94993 -62690 -13876 -22685 84592 16703 78777 1992 -85848 80025 84208 -53561 -55909 66159 -93762 6463 87980 62787 -2757 -38708 -17391 -29732 83143 -78200 78937 -53567 -99829 -78322 74814 -64549 -52226 14751 -17753 48345 -6324 -84396 -97227 -58605 9493 99111 83406 -86689 -79306 -16243 -70903 -11589 -43744 88606 -52003 -9029 71620 79932 79934 54194 -31939 15384 66125 61910 -10927 -91613 14836 -25939 -88511 29057 -73813 16115 84598 -49861 -66147 21556 55966 44375 -87019 -7236 85676 94816 54636 76704 -4014 68799 -92646 -39549 74700 96870 -82760 -87379 -97451 2937 -24542 77613 63065 -43316 -20291 89103 -96800 -46715 80888 51776 -68931 -99212 -27272 -8718 -66955 -91760 -43766 12305 -88044 32772 60321 83168 99313 -25495 -83115 -81123 42282 -21385 64328 60808 -75412 -41966 71427 -11707 61317 61638 -54318 42985 -5844 -9269 99221 96620 -36133 -2010 79838 48658 -10748 -61593 -88018 -5275 1692 -81476 -91281 -84448 6839 27637 49264 51417 -96579 68854 -94961 4277 49735 12322 43524 -84588 -80683 43324 1413 87992 15143 25174 -31116 -88442 82309 -36656 25563 31323 -29992 82030 78316 -67151 87868 -42903 73595 -49184 49495 -24246 -19585 52320 83210 -1704 -41010 -94623 -99271 2926 28655 20187 -1177 98906 -58797 -12398 -13992 -97889 -42861 -57878 65907 -8789 -97102 -80895 29298 -44290 -520 -17921 -33126 -65919 2542 -51858 -25061 -72273 20424 40834 -33213 -51825 52598 -83970 64558 -51039 73407 50126 84145 -60822 -42633 -41981 -19334 -13222 -75031 -81717 -96006 93261 -91624 49768 -89557 68599 10561 77411 -87837 -6632 -35962 -98527 67040 41824 45696 8529 33808 -33604 -36305 -96344 -60293 -69421 -76830 671 2914 16411 -42342 -64327 61551 -98297 -26182 77823 -12309 19679 -12422 97719 47476 45879 42353 18266 -15254 48267 -51223 -77002 -55175 55562 93187 55608 11018 -18293 -56094 3611 -87829 -39459 -37014 9860 75909 -53028 -97779 81985 -62915 19951 -2995 -7273 36489 -51100 -79621 -32934 21096 21469 -93534 82165 56196 -66948 -99712 16633 -69975 -76188 -9756 -57505 -40847 87091 97116 44371 -98395 -52569 -50442 13102 83612 -55894 -74054 69617 59383 90201 73082 -55195 -82298 -7575 37477 -67364 36906 50170 28145 89475 -98879 79935 -4044 48254 -75237 13701 -72103 -70622 31894 14434 -44573 40387 -2632 -12885 44242 44337 -78621 91452 54283 -17962 49154 96510 21570 80950 23325 -56096 84544 81072 -75306 66 45756 35467 -88345 85816 -86802 96717 -10957 -38046 25502 40242 83335 58302 -43390 -82392 43521 -1581 59556 -59479 33306 52538 25723 -54812 33449 -27619 -13047 -18475 -85996 72323 -74840 34720 -63797 -55927 89369 97655 24983 -57398 -99680 -85850 -53434 44494 -43966 61230 -22786 40681 -66586 63912 -40063 -64539 73667 -59239 -84491 -33949 -76752 -27274 -26928 27737 -26924 71661 -44576 91665 -65481 96427 37600 96025 -71241 -82688 10484 -5653 51330 57927 86264 -48545 83790 -97324 76457 -66830 92865 64444 92620 -96580 -66555 -90532 66211 -45511 -86707 -27386 87275 82421 -60870 -42585 -65606 -65768 87942 15057 30555 -5844 -66657 82309 -72937 -36115 -2238 88181 -49153 -89139 99048 -65752 31948 -75479 9558 -12059 -87670 6735 -33555 3776 -48346 -99243 78830 -84942 -9708 87498 55942 -39494 15336 19779 20482 -6713 4303 53240 -74846 60198 40842 -41215 -65391 -81377 79251 -93992 70856 -57559 56819 -76496 8977 78949 79776 94589 -80594 23123 -21740 -878 59415 -89284 -58287 52579 96366 39169 -42808 -68717 -92352 -30880 -35003 94478 41876 -27672 -82467 62553 1476 2730 -57479 -60459 48764 -78724 -46778 -68931 10048 27625 -96332 31358 -85352 -3821 6395 46062 -3380 9494 3090 20719 97432 -89362 445 -38692 83613 3286 -59899 -77950 49509 34256 3211 -5090 -5190 -84154 -20518 52362 -24780 -33222 -21224 71974 -90516 15600 13112 2634 -48528 79532 -19739 58508 -50568 88031 -41091 48781 9271 -9877 -97762 -20753 69666 58471 -1190 -56149 18913 -50252 -66058 -55712 1015 -64691 13729 -69205 -76810 -22531 -61502 -32962 -43260 7725 74448 -63969 93684 -9947 71586 45439 82302 -15966 -30124 76556 -60336 -73415 78043 34923 34543 66785 -89700 39933 92664 29235 55745 80157 61927 -74287 93962 63257 6841 -61328 67634 -37058 89886 -18437 86441 -77813 72495 57493 49657 78966 -315 -30880 -42170 -47305 46724 -11176 -37236 -64878 88788 -26145 20831 -51068 -4151 74775 -84899 -4403 39364 -38173 -41040 -35637 -31648 -46966 -90894 80755 -36853 -79671 -79373 85181 -4096 75234 38675 30944 6344 -92662 -1994 88421 -29987 -3060 22397 90780 2343 80835 47775 76984 -29597 30910 -13276 18891 5219 53834 86675 88889 -29679 89202 66653 -12049 -47736 -5499 -37104 14449 -2818 47933 23782 -28997 3030 1361 90876 55884 31804 220 -83332 12960 -45311 -26506 -66845 -79270 -53578 -10017 -25144 -3022 -94199 40375 82909 -97923 50127 -12957 62091 -19692 33182 -77052 -10427 -51407 99339 4622 56224 -62619 -15302 -2688 50921 -47 4091 -20809 17096 -52362 -70419 -37208 -96448 18804 -27600 -64162 -37190 -3546 88064 54273 -68893 -30349 -52396 875 -67876 -25049 -86200 75033 -30591 70568 42728 52967 -48773 -35037 -58735 8910 -69501 -21095 -16969 -19011 -44034 88323 -85362 18701 48524 8174 -42325 72435 20036 -40754 -72671 78434 -95262 -92138 40027 69245 79899 91594 -68023 29941 39154 -6606 -56218 -62752 -68477 -79185 -3436 91337 43913 17083 -75783 46010 -26376 -16550 -58995 -45181 -4907 72476 -26767 93758 -53805 13495 32511 20758 -31905 -29992 78331 70522 77921 30563 -87257 -70527 30344 -49145 68511 -57113 69897 77395 -93363 81273 38684 7721 -10494 94504 -61310 -41656 16578 21321 18743 -65382 51337 12716 4938 78774 -15087 6624 -50638 -48887 22692 -99107 -70777 -26951 -83761 69268 -87773 64968 83571 -6385 -60022 15168 40774 -83515 -93554 -3665 -14676 70152 36091 72566 -88038 -90466 -93363 -60158 26838 78892 -53290 91231 -66439 -82773 -18948 -51160 -16169 21403 73689 -48916 -68564 11522 -93061 58392 -21062 -40569 50383 81483 -67646 -42953 4333 38697 64508 81962 -77234 29598 -56882 -90803 -47975 -68117 -48065 -887 63168 -9334 -7970 85910 -59584 35817 2437 -53859 88966 -92977 57531 69051 -51113 50894 90384 65457 27046 -35478 -9830 -66492 88518 -2081 61316 -7660 72825 79015 -44108 -38492 -61108 -55703 -60474 67756 81725 16050 -40535 83321 61468 -50165 36895 58176 59364 -54306 -99626 -24678 -4686 24173 81192 81795 -41788 -7190 -40886 -66130 -40588 10947 11889 -77165 32980 -8247 -90888 23088 4097 -75977 -87166 44501 20355 -88056 34074 -50864 1998 59157 30505 -68334 32558 -58477 -47596 -88 -89887 -74134 -96288 28816 -67315 -59113 3921 -73844 -7143 69033 45129 -41735 46349 77674 46859 65707 -52057 85097 -76501 29236 74646 65221 13965 85455 99766 -31281 40020 -32295 5523 25430 -47491 -14983 16030 97592 -31146 -65652 -61950 -44996 -43195 81103 -59953 -62871 -57693 86666 33264 -95573 66394 -72178 97757 59234 -23444 -33479 -59638 -9270 46857 75730 94136 48393 -59555 88051 74327 79655 65501 -51730 -53171 92480 -7269 6176 -85015 -1164 -52017 61988 -11517 -44670 -2589 71990 -87073 2135 -36497 66575 89284 25512 -35868 -82523 69805 -69921 39349 -85471 -28813 4024 79222 28917 -27706 -72595 -38051 -98345 27289 75375 -17357 -39938 46510 -20074 -68011 71233 47243 -15076 -61072 -96447 73013 -81194 -42393 1022 -54251 5197 73303 -84970 33358 -24810 74056 4674 -39906 49661 88769 24133 72190 -4219 1219 -83417 -17731 91496 -27425 24819 -88194 -5226 -16527 -34089 49076 -80936 -54313 64157 72934 -82359 -3455 -77330 12229 88844 -29832 -81120 -79685 48433 76484 -10288 -13506 12268 -28796 -95567 49311 75775 -76059 51056 88979 -1440 55301 -44551 54910 -15841 18191 43425 30195 -6217 -51539 -84219 25085 -99861 -64063 -95239 -33514 -55769 13927 -58503 74762 -96091 -81356 63251 70926 30058 -74809 -64360 91094 73443 -76458 -60764 -19395 -80787 -47103 49835 -36128 97106 87814 12721 62610 5784 21310 39456 48513 69677 18989 6427 -90474 48477 37159 24405 -43476 -80550 -56753 11769 28595 26845 -39359 -79053 57796 -51405 -65435 14780 70927 2080 76935 -92576 20687 -11102 82309 51199 39046 40186 62959 24559 70066 42789 10194 -7616 -37811 67092 -45472 65404 79553 49859 83051 81658 -19058 -46780 -69777 57973 -75962 65142 200 -13802 -19058 -50618 -91905 34348 76191 90076 51577 66969 -12215 -52371 -38874 -67313 -62059 -88025 -58439 -68267 53641 -81845 -7732 -93834 -8484 27478 -873 -28621 -25868 47598 67795 19563 -25526 25813 -98194 86376 -86908 -99687 -63226 10328 47132 21705 3716 -19739 -18948 42805 74426 99889 14101 30132 5098 -21948 50051 17395 55474 18002 -18863 -76662 10046 -47228 1098 -8889 11839 81044 -91146 -32646 -13328 -91342 -93956 6616 -35967 -7462 -17494 83247 -42173 23276 -47786 -90134 54367 93755 1220 -28592 48124 11838 61601 -51117 21741 15705 -79270 -71187 66459 48225 70413 -6127 -63993 49242 82438 -344 -41610 -15826 -46027 -87011 82118 -2754 55600 22147 88486 -97914 -53011 -3529 -8311 -71132 -57660 38679 -57768 21287 8404 76796 -45901 11822 -21432 -38456 -79457 -17683 60978 -23983 37500 62730 46694 49401 -12077 60360 3147 -8595 -26155 8514 72349 13935 -34984 -21740 -13385 97583 -31390 -23412 95384 -41959 -19419 85870 -32524 -80865 -19953 60429 -68198 3684 49261 58199 54426 -35882 97390 59243 -36441 84992 -32241 -27703 51603 18199 -25265 -40646 50712 -29315 7458 -30847 -95497 37842 98986 77216 72329 83399 47157 -55084 -61699 -41141 -87484 55536 -13967 31205 10135 -66365 58713 89518 25051 89674 -42714 50896 75377 39770 68440 36941 52735 -29323 -73848 -34679 -58661 -72838 -97909 99295 49687 16797 -66160 -83955 81213 -54560 -69815 25499 99671 -88635 25549 -14325 -21000 35941 -8840 -49480 -24747 65229 86059 8213 -2864 -11741 23894 53513 -65420 -67058 -90224 -35923 -97336 -88751 -20892 -27087 48554 13466 -20206 9 -83199 -61102 89671 60154 -41424 48524 -85684 -92820 -62923 93278 -6736 -72045 -64253 -69906 -46512 92372 20972 -12622 3150 -6614 38613 85331 55951 2658 -50110 -13291 52660 -11557 64628 77614 23563 -99392 45589 12786 -79321 50383 59773 -42747 -81968 -31556 85026 -5498 44848 -21790 -50414 -32006 82391 -14211 3953 1683 -41990 -77811 -81000 -41588 42093 44371 -2748 -87401 -46338 -22241 -51878 -50063 6797 -58693 75833 94213 -64418 -91221 -34815 -48907 -18728 19936 -23256 -51998 -30499 6582 -45497 71973 -71745 -95093 -21027 -39185 73877 18165 87225 51899 8970 32235 94368 81705 76895 72500 3874 41630 -92654 -91435 44748 70689 -17741 86321 85558 -63072 49182 -26447 -10 97464 52717 -86860 -59894 71395 -76493 69512 73714 27742 14860 -25014 -83114 22111 -30926 -50632 -90159 -20806 -45516 -16497 -84678 -59324 -40131 40657 -3894 -87697 -57173 -57536 46561 59778 -26512 10658 2458 -11306 -52506 17560 97030 -11716 91322 97629 98909 -58192 -47841 -47298 -65009 36398 -59808 63476 -38717 -97557 -64271 -95742 -64756 -13442 5192 50371 -71739 -43501 -46414 -97388 -39779 -94241 -42469 -48287 -33510 7032 22801 15599 -82247 92431 81472 -67794 75723 12139 19615 -4264 -97193 14699 11901 -62777 25407 59822 59898 -8938 96845 -17375 -34693 96187 -85145 -54502 -27125 68233 -2955 -44790 -85306 -79489 -54638 -39489 92602 52495 45786 -32284 27831 -55271 -38399 -92386 -43171 -28997 87889 -65446 -87766 -66693 41606 -22404 20181 -82147 52444 94354 -95704 -76179 19071 88141 -57258 -57163 73518 -65291 -23277 -86337 -2141 -84667 15173 89324 8420 -32119 73161 43253 21260 91273 -73368 24856 68348 66740 81138 29812 -15821 -31724 8507 -72246 63132 57476 -52059 -30870 -86880 1271 -5690 67725 41984 -40391 40725 15529 -59607 77639 22988 64869 -61114 -11007 32590 -83199 -52845 -59223 -16990 56972 -89487 53337 80380 -10021 999 3338 98771 39927 -26141 86807 -33226 32942 89978 93855 -61351 -35144 27263 -34698 64417 -50814 18324 50315 -79996 -51160 -73856 -65923 -77839 -77468 -87640 -68745 39177 20034 34615 -88999 -38211 82686 -9126 80450 44913 9034 94707 61007 -86893 75535 -80618 19123 -87028 27070 -23624 81820 -90548 64962 -40877 56832 -60402 -7588 -72850 54077 62379 61809 -33987 82045 -6949 -53285 56809 -16549 92734 -71323 29497 -73255 -54737 -53992 -62748 29036 1663 96199 -33277 -34523 -42246 46161 19120 -52345 -57126 -94373 -5440 -24171 -60769 -62161 -70381 -1517 -53823 -1202 78030 -15982 79595 -31666 54955 69358 271 -49574 -48803 93997 92923 -99604 81497 41448 -48750 -46953 -24005 -22817 -20821 16083 -95144 -20116 31650 35939 30835 33320 57083 52073 -13336 -96921 -28968 21799 -94544 -56429 -97293 -1908 60918 79075 -1034 33035 79400 -8417 -81290 60453 -17890 -50332 78749 17492 30243 -32529 63556 84023 -52379 4140 11972 66373 72474 -45158 -58067 56693 94270 -17022 8558 -38875 -29743 -51506 18581 30550 24300 -16400 -55305 -58052 -5970 48699 -59731 -95402 9671 -78883 4692 -8435 42276 -78054 -62838 58489 -64919 -92718 71474 -3298 50132 90088 -58668 -60440 55328 -25069 -69322 -81299 -15437 7614 -42756 -88979 -60249 55036 -16704 -17213 98562 74284 83798 52454 5441 -39027 14267 -35941 21445 75211 88797 -59585 69281 7114 -54816 63165 89457 -22232 74085 -52844 -88794 13106 -1176 -80077 -12122 73866 -32049 63448 34840 -92904 69426 75328 44501 -10964 -74546 -49004 -46322 89754 -71958 -41532 71627 41115 99304 -89396 -88568 -28536 50444 40099 -41161 84648 -58834 -83161 68393 -78056 -53658 -60196 -75263 -54676 -80006 -2452 96394 -22386 34051 73735 -70468 86445 -2354 41120 -59720 14149 42460 9356 40453 30942 5242 -21893 -97788 -72741 52791 -71233 39157 -14353 -31280 45824 40833 -84667 2096 -18917 -19890 96629 -64986 76612 -99748 -88837 1782 -53427 49427 31722 30503 15932 67322 37473 25945 -35892 -17771 36520 -14202 93135 1638 67197 5311 -26135 4673 96329 -18527 95391 -68869 56184 14123 89851 -66104 -42928 -22354 72623 -52737 -70694 60043 -63061 87397 14326 -62033 -53064 -80312 -49325 -52021 -95515 -19878 80926 -83232 -88079 -25466 -57245 60363 -33694 39434 -43125 -70438 -26231 92084 27297 33977 48991 83506 -70661 -76394 23486 61218 17051 -59780 99322 6497 54175 59754 55730 60686 -27206 50830 81051 38110 -74693 70837 -57825 34661 83058 -47790 -70929 92770 44062 -94782 -85054 -42501 13244 10690 7433 -94511 93332 80405 95331 -55935 85135 -99441 -83645 -98588 -8817 -48434 96083 -57717 41359 -11746 -49303 42599 3817 -50572 -74739 -98991 -15651 65625 -87833 -14373 -52955 -29181 -35965 38795 -38411 44136 86066 -99499 -6865 45006 80647 -57574 9558 61467 -55195 73012 47995 60292 -83629 -84365 18254 4362 39981 82848 13298 -57004 19902 98256 14334 -36019 -40457 -53519 45703 -45786 31492 59755 1021 76469 -46562 -43772 26787 6827 95818 -78162 32556 -11861 66462 -70103 65441 42169 96620 5511 -53591 4242 19243 -72539 -35032 13785 44743 -20123 -71515 -99784 -80500 -50226 -59353 74018 32604 -58882 -47276 -40857 87931 59587 -60061 -74008 76430 41706 33196 91651 -41330 -8425 -51022 20872 93246 57310 90926 -83406 38506 25009 -14707 85663 93013 83584 -94813 6447 26427 29240 1094 -75103 70563 -88610 10754 98055 64928 89623 -2945 52569 -56209 -98355 66411 41093 37009 -73667 71492 -30164 -35155 -80323 62836 -66593 22445 59043 16548 7414 -69387 20756 31903 82136 -70988 -7635 55562 9839 51927 39786 68625 -35263 41825 81608 -21642 -8264 73210 30412 -53287 92525 77094 -95638 87746 91860 -60501 83893 2444 -1205 -3363 82435 4662 39950 788 -55221 60337 -7226 50667 -75305 -63728 -15151 17498 -46485 -19247 61676 32968 55498 48244 -57399 -9972 -14501 -41406 57901 -28479 75942 14074 64699 66845 -97632 16481 93508 -21917 -64216 51869 59339 -94108 16668 -29714 64470 24566 -62586 61833 8005 10901 54735 -20173 -83503 14786 50496 62198 3903 26991 -94339 47440 -98991 45031 56052 19875 -19523 79832 78184 30556 -33176 46578 -7740 79722 61955 49679 -25491 6333 -27700 -80268 33447 -49264 59453 32139 -20762 -70497 7729 21122 -36421 -24246 20150 36050 65129 -9989 -45930 4509 92172 52444 40624 39780 -71998 -170 -23200 53166 39908 -92671 -30473 -23974 -17152 -97410 58579 -56309 73771 67775 34944 3416 -97401 -14366 -55199 -68996 -91768 -57001 4457 -63420 20241 -89754 3995 4914 -24010 44934 57766 -83955 -95260 42702 -53039 -29074 40154 -33765 -6003 36337 -72638 -41950 -99857 45826 41460 50244 45633 -50204 74516 -89213 -13523 26476 -20014 74787 41783 44459 -37882 62229 55977 93173 24185 -31341 94908 -72216 45053 -8870 9051 -37986 -96180 -60841 17199 -2860 -96664 -87615 -99834 -44201 -87961 78169 -9583 88798 2336 99170 77950 5722 -73307 55235 56354 -6705 69096 -46704 -95468 -6300 1556 -23248 -74548 46266 -31564 48199 -49777 14892 41915 74317 -22879 13245 17657 49287 -86424 31768 99537 25791 89010 -94886 71345 -68984 39152 23760 -57533 8645 68491 -90846 -91813 -70378 65419 96640 -46510 12127 -2387 80338 -67788 -87520 -39464 -28858 -22503 -20566 -33922 -65521 57668 56056 -88658 3127 26865 -28104 74396 -10099 10609 46441 5086 -1899 -56789 -21125 -89876 -954 -62837 -66957 -69373 -15168 -9771 60244 56594 14345 25223 -64105 -17312 11535 -53270 -51703 -52604 -67262 59643 -97925 -13024 -38157 -43519 66515 69743 72991 -22694 15233 -92293 -32204 30785 -19442 25935 1921 -20419 41869 -24352 79499 -14624 -2386 56576 -41584 57492 14577 -14473 -55246 -74732 -39245 40084 -40958 -18069 -98399 28215 -78547 -64039 -24641 -12701 91013 -8853 -42810 -73358 -56425 83899 56221 -85226 -99128 94255 -34690 3387 -66517 72599 -51546 -76038 -82176 87992 23811 -37916 67797 -62464 66018 21456 29671 -58829 11569 -29037 40528 68438 43020 91761 -35412 61871 -9165 45670 -15855 86743 76976 -15791 45266 -14875 -55181 -52566 53212 75268 -19974 -55353 78591 -9225 -63314 86857 -18046 -73417 6452 -69681 31690 -14097 28255 -3467 61205 -77971 17605 -82551 -85650 -11922 -86309 38699 66916 -87636 -4770 -19124 57100 -75687 -32281 17503 19042 -19454 -29419 23632 -39622 -4023 67413 -43685 -6513 -62999 -21995 14914 38655 91838 94865 91955 -22458 -70604 20913 -68783 -6570 52196 -21283 84112 49705 20446 -47718 -31853 -24139 58082 -46739 -90393 -12609 -39348 28013 33837 40068 -92060 -41739 -48820 -67281 38898 -42912 10438 -78203 -82004 80455 -47298 -37178 68902 36621 57516 -52232 11968 -90186 34475 24371 32653 40234 -54103 45967 -82091 -7561 -54363 25808 42425 24576 -48541 -97472 -25225 45452 13979 -51777 -17170 79378 -83591 -17828 -52410 -67958 16699 81276 -19854 7111 -14353 73250 -44240 -14164 91087 -40643 26519 34181 -86892 -73385 34188 47987 -71850 -6613 11374 79716 25401 -50719 -23313 -26805 13 30172 -77030 92734 25617 16050 94592 -673 -57379 55318 4200 54364 -82880 -18632 -41152 -44975 3824 -64203 54052 58493 50888 -32641 -1415 64917 12725 -31320 -10489 -86195 59801 54021 50764 53574 -92399 80747 -90318 -70596 -87358 39531 56128 45255 -10796 25749 -40263 51373 -95553 39275 -38670 79244 85827 -10771 -57080 -75043 84621 -77721 41638 55832 7374 73952 36857 -23844 -24636 -55382 70539 -22717 2201 -27403 92971 34900 35451 -22001 62334 96892 75635 61238 89844 20016 52788 -2820 14830 -55252 47074 -2761 28524 -13861 66491 86117 49689 -8635 97718 36289 -66860 35873 94484 -70859 55278 -86540 -53036 -62393 -81267 15634 95348 53042 21310 91661 41247 59699 73103 73690 65466 -80606 -63913 -21556 38627 41676 -50839 67589 59498 18451 -78517 21143 -96228 -13973 96769 52201 38706 -21553 -31136 -13825 -74078 -30302 -45969 11531 30113 99374 -58089 37121 2556 37199 -72524 -78242 -52230 90348 -42947 67300 -92218 -44970 38455 31801 -10420 97129 13880 40608 -70095 -78526 51552 -35575 59844 28893 41236 -79084 -27883 -11772 51110 -97022 -94058 93434 61795 72148 88780 50172 65223 -56241 -72378 16732 22687 51282 -87680 -2900 -17261 -61253 46873 11471 10877 53407 -45545 -42063 -2044 -76556 64628 72227 -17927 95170 32276 41155 96833 -94582 97800 89245 21813 96347 -96883 75358 -16528 -48840 -66829 76511 3433 -94763 95594 95144 -68139 -68054 50910 -36788 53222 -79075 -97264 -34825 39628 -67061 50341 24338 -19423 -64767 69429 -17385 -8364 -68211 -36207 89664 11829 -88921 50463 -84514 80902 39230 -13993 40251 -73506 31672 88005 -67751 -88802 -25706 -14084 -84010 -64445 -21530 -44378 87337 20859 -45845 4979 -81734 -10018 82757 39181 30074 -46092 -617 98581 5397 -63336 15310 -79325 -43106 80934 -8595 33604 88908 57178 5105 48990 -35684 -45215 -7402 -36562 62184 -84178 84632 -98135 64268 -12479 42752 -15653 96943 12775 -76315 -3867 65903 -23480 18060 74499 -35431 -77469 70568 -12362 1145 -1545 -37240 53298 27755 48924 -51257 -6396 -9110 -69672 -73454 -429 -23931 -35486 2994 77955 60811 -88835 73022 -64866 33185 -37089 23611 27444 -52365 19783 -92614 -58474 42791 55845 10579 70435 -854 7443 -98771 -10054 -34628 -22671 -53577 36640 -78449 -985 -33182 -32779 -81993 84758 79034 8059 -79934 -90834 -72516 63435 82602 21066 -15241 66359 -46329 -12244 40356 66413 -21458 7373 -30374 -88766 -2140 -67378 -90176 -50478 75448 46858 43357 -99679 -64513 28560 -43902 -97831 -30778 -62589 27561 10022 -45334 10683 -64788 33461 -73143 -30978 66137 -32061 77323 -29066 18827 -69575 38640 97913 51785 -39728 55184 -16903 -44578 -94335 50824 7941 50768 -88228 9679 29840 5417 -31809 82236 98226 72826 59073 64285 81419 -99057 49335 -54465 -54614 32555 40662 -27066 60869 33470 19104 -29320 -16139 97762 -8091 -70669 85313 -37837 -13846 40939 96246 18929 -64404 28703 -67681 18886 -30300 -48476 -94423 68245 11364 44913 46788 -68590 -72302 98590 598 -28961 88965 -90794 -46759 -20028 -45404 54835 32089 99232 37028 -82959 32975 29347 -46117 43754 23180 16179 70892 95930 -5852 34210 -41687 91968 -38648 -43783 6091 -25560 99487 24492 17836 -96349 -34183 -75281 -39038 88078 -97790 58609 -96734 63235 -70451 -8483 -49405 34389 66964 9873 -93920 -51165 42856 -66519 3783 -65071 -8595 -30660 -56258 -89640 -31327 -82221 71760 -55334 -39013 -77719 60226 -90864 89835 71016 -6650 18020 21065 -64885 -98080 -29606 98696 -26731 -82623 -94840 -85163 85409 80917 29696 80740 55076 84590 -28667 -73862 48119 -43615 -58172 -29031 -2683 -37033 44399 68624 -80264 -84403 62893 26543 87325 61514 -18849 -74102 66276 -62135 -62199 96780 -27373 42603 22059 -92617 53979 91415 92776 46282 24432 -60410 95143 2178 -32954 50559 6660 -46342 -51940 -53480 -2169 -79519 30026 -21737 -62211 -51366 -24079 -96332 -30527 81901 69263 76541 -43905 -54808 9895 -73869 -71719 39873 63017 -86468 -90708 -49558 -19920 289 37846 13147 -73990 80236 4 -43609 -86824 24490 -96854 -60859 43172 4689 17612 82049 71128 -55478 -85296 -60299 -90786 -91664 55860 -12123 -38017 2479 8556 89122 -64468 -81629 49748 -5525 -48464 7288 42529 52933 -91827 -97384 -11142 21857 24728 58575 -17951 -92129 -84289 -74891 29744 -36195 -64201 -12564 47610 -96769 -93185 20952 -43327 61307 20974 -76544 -50321 97299 -90927 71534 18351 -54999 -57992 -75483 -71385 -46471 41699 -208 48471 -89184 94838 33515 23893 -80189 71727 2197 29923 -62635 -51336 -68555 -93459 -33445 -17106 86108 -26775 94900 6828 -70672 30018 -70912 49286 -56173 43435 -82068 24247 -98351 19220 -32672 -19680 -35806 6709 -85898 -62067 -40864 99119 -20954 -23156 -65463 -51852 -5485 -62192 -75661 69856 4153 -95963 -62232 -10262 -52529 -43724 54066 -29253 98005 -78430 -62797 92039 74148 91477 -95538 52920 -28802 -20022 94487 16937 24377 -52736 -1479 61750 -94074 -45410 76791 -52124 10276 68180 63974 -7431 -17213 -75260 -41109 -65777 23293 7211 -79316 70799 22060 57989 -21328 88797 46065 -93680 77505 -64889 -29129 -9574 81415 -5866 53183 41571 -8051 -70653 209 -90286 -65550 -72273 -72133 50726 74959 -71048 -16200 40778 52422 -76166 -55244 12688 41687 6065 98561 84319 -25148 92023 59030 40473 8430 -33074 25559 45753 12188 34663 76807 10442 -66733 -43928 21533 -550 -84589 -97464 31125 37762 -29421 -18221 19587 -32152 -93804 34001 96399 -39517 14904 72321 46143 -76781 47995 -71285 49917 -91472 28633 -23565 62454 48703 -65756 -77520 14605 -21153 -88567 -86800 5819 49758 93195 90343 38697 -47151 3033 59366 91461 63926 -66482 -48257 -14531 -39585 -26966 41645 -29479 33658 14570 -29111 17716 -89757 32166 -58654 -69258 -41279 50493 38356 7537 -16491 -28088 13166 -50850 -61193 87280 -97449 -55914 -82719 -56353 -47754 94899 90541 28888 79915 94654 -61101 -96187 -5817 -13793 -99609 -45438 99587 -42903 -99481 -84019 -94594 -95235 43798 36052 -1197 -34813 -23535 94977 87254 5725 18866 -37276 55647 -70841 60482 -98734 -99119 35308 36602 49878 48932 -76411 -68197 -33907 -68775 6482 -99305 -93933 51951 -75792 790 48824 97387 94349 64568 -60083 -38370 -63597 79703 29623 -47167 19734 94554 52561 76490 39443 51302 90515 20542 93990 87790 61947 -88274 1766 -97665 42024 92167 -11699 -21303 42430 -78451 43554 11479 25837 -32363 1846 -35789 -89348 -86719 -93955 56428 54531 35018 -27299 79385 -42559 -34715 13918 -68872 -74629 89534 -35953 16830 -78377 -74802 37204 -77675 -16548 -75760 73580 58369 45568 69283 -3169 82008 -32068 -13564 31400 -62900 99028 50296 -18985 -60657 -95236 -50425 66704 -31901 74256 -96844 -82065 -4836 -46665 -15080 99922 -37302 -27193 8233 7772 -92143 17042 -15680 -1679 50669 59177 56561 -34363 -25712 52570 84564 -28346 6017 13232 15768 -61131 87725 -85931 -74967 -84648 44320 -63837 -30008 68811 89011 -95797 -63488 85163 41316 -75987 80544 32906 -60099 -63883 71080 -41675 34569 17110 56360 -24244 -99704 -60864 2520 -63106 -91170 39167 -9127 31281 -81642 30255 -31297 80572 -14865 -64363 22571 -40388 -6018 67032 -49497 7895 -18322 -58117 -41733 -9706 19128 -95439 -97792 -22756 -77143 -58195 62466 -75174 46805 -63433 44615 83821 -12964 -71902 43905 -69540 79993 9753 -81795 64717 -53681 65557 -14183 -9310 47971 -95307 -24800 74473 4224 -70004 -91688 -84053 21805 57710 -54677 -42573 -85482 -30662 11797 7060 -93831 -85901 -77651 -66501 47209 -36481 36937 -62428 20136 -77281 -92234 -76477 89637 95465 -53920 -47439 -66667 48845 92678 64403 11993 -82005 -8027 -76519 -67207 -92302 71669 -30665 39553 87520 -1889 -96977 30485 92789 12561 14092 96983 -14776 -41177 91500 97636 -32222 -18196 96 90161 -87940 -19925 71729 -53415 -62165 15293 9829 -42652 66203 -21397 354 -93406 -71931 63064 -76901 -12733 -37977 -98205 -4068 30868 88529 94910 64082 -46271 91861 -18964 28928 -60966 -31980 -38428 -8322 46364 10587 -78222 28758 7436 40184 -55677 -57222 -16677 98407 -73377 96465 78098 -66912 20285 75159 -51956 3348 18768 -99005 33533 2757 9657 84443 1562 -7965 83184 4908 -59985 -65915 -27632 -79922 62897 15850 7157 43073 15868 33861 -29335 63459 -23073 24075 22443 -78892 73642 -58150 51567 -84247 67540 -45554 -5207 -96056 -90431 8209 -71464 33762 -20489 31229 48276 26714 -21006 -61838 -67086 -38319 -17894 -28729 -45087 -19364 -85936 -19459 90332 9911 93704 97631 -803 43573 -60059 -71042 -60464 -77224 -11846 67038 13463 -33735 58493 93530 96926 -6603 -57106 -6436 -32687 50689 -54893 -95493 4771 72996 81131 -27540 -25798 68511 -76946 -67566 -73503 75789 86190 60553 29253 -48733 43315 44293 -78947 39250 -61529 21530 -34705 -99339 75294 12469 -38788 -19594 -40926 -11562 77516 53816 -24633 31189 31778 -53136 89797 -83020 38474 35481 -27326 53797 10042 40730 -93918 6209 6209 -31928 -95206 -8953 -74220 -73587 -88533 -52356 -76116 -57795 -2726 -18472 -48600 72101 96543 -26870 -78435 90371 -51113 -35215 -92317 -68945 85660 5238 -86641 -18484 60249 95029 38384 11119 -98901 -37159 30200 -62702 -73659 87048 91361 68260 32445 939 -86140 -84676 -46880 -57229 -83620 83204 -47140 -72465 55891 17106 44379 55249 63289 58438 -87024 -78980 -76547 -27642 -91497 -96538 -44987 -21929 24478 -69387 -36901 -71966 96664 80843 30124 95963 -74073 54585 22326 99735 70979 45432 8775 -88049 96403 -72484 65241 98619 1700 -59213 99377 -6996 79240 87509 61701 96938 -86649 89205 32993 -32269 -74173 52525 69874 -25316 66759 22332 37333 -13844 -4406 -97529 64807 -68416 -79804 -45989 14701 -10680 -41422 -11474 38965 -56576 85118 -68705 -94066 23876 -56361 46306 38540 77209 16298 36993 95213 -99092 23647 -63928 22679 56958 99349 -85257 87449 -40572 22670 -70652 8922 -72269 11871 -92793 44842 80948 34214 -70884 61368 23203 -59465 -65979 -46836 77432 56165 98750 54162 66132 716 -34119 26124 28559 -68381 40372 -48104 27184 -11173 -40575 -89430 17286 9898 46712 -72201 -98171 -52273 -24818 43401 -96087 76616 89477 87779 43928 -3967 -7752 22034 31204 -91748 -96138 -55509 70743 -32656 75409 -23149 -49103 -64622 -44088 3616 -51182 -57462 -68138 2421 53376 -90025 782 57933 75346 251 44569 -7617 19510 -31952 4441 74688 23774 -94777 1957 15995 78846 78950 -6543 -82621 14539 62463 80904 -68963 -35536 51537 -4402 82710 96233 -62765 -76553 -15627 -85603 92886 -69738 6581 -21830 -61938 1816 -80942 -98843 25919 -97471 -42961 -48193 -4585 -87831 70074 37018 -32359 -58963 -26057 -44456 84240 96099 82148 -70507 62531 41085 -41769 51490 -64098 -24356 42038 -23235 31961 -82709 -42225 -93817 -97321 -20982 -71914 93617 11434 57467 -80445 -95944 -17059 -40065 -87718 -61370 -73540 -3452 -81317 -1156 24852 88664 -4388 87252 44193 1748 83052 -23768 5980 86887 -35756 -39421 75046 61079 -13493 -39006 -18772 44167 -76219 -75496 -99176 -14579 -95523 -68938 99506 -27612 30724 10261 -31953 -59244 28604 32531 53409 11277 -67945 -16098 23853 -35307 44654 -11667 -15864 95156 -70858 -64134 43133 -79982 17714 29153 -13619 -74183 -64876 -38603 55262 -2452 47532 30483 32826 -74188 -10512 -5030 -31948 -59429 -1334 67639 -88042 99866 76016 56909 21074 -57853 -40471 92506 494 -95055 -59758 -22500 -23265 14068 98805 93501 -3056 -26551 10848 21262 22832 -62946 -90384 -6125 -83050 15748 -73327 -92839 20768 -46634 -83970 31083 21595 -67886 -5194 736 -30905 97840 71007 26009 39345 68092 97300 -39738 26132 74216 89442 -83956 -43242 -74387 27580 -16625 -19549 -40160 38957 -95819 -51316 15947 -22272 -80890 -20907 31926 -14982 84990 20330 76088 -52534 486 -86942 -57533 47489 -54712 -12881 -31957 97065 3397 79635 38433 5599 -61333 18193 -51257 45491 35318 -21289 -88021 17623 9215 12358 -34287 -64320 -97303 16738 71103 -1106 79095 -45769 -62299 25367 -82279 85181 -45860 -11327 -45409 90482 43784 5091 24752 9464 81307 -63728 -6117 58268 -67132 -42881 38678 13047 89278 32108 24567 59222 -86337 6546 76115 81950 -92080 -30991 35532 37185 3124 55012 78107 -38722 -53766 -84917 81908 -12284 -2871 -38313 -31919 -98420 -9074 -93341 80173 37581 58331 -62044 24326 -47567 51444 9608 94565 -78030 -14181 56286 17801 12477 -32531 -97684 -17615 -49707 78733 72029 93428 -15676 7871 18026 -84855 93134 24175 31123 56075 21471 31023 86301 -11132 -9753 -33234 -58375 14383 -79821 53799 84671 -92759 -36760 38142 -31928 -61422 -52570 25006 -44934 5498 96498 -65858 19392 91010 -45934 -52745 -84366 85118 -53845 -54009 68681 -61405 26392 -72923 -72103 99643 -80336 21842 -2746 70721 28476 11655 59056 -68361 28928 -72053 10870 -56908 -85003 -22791 -58682 61688 42396 -2495 -70110 -24253 -29691 44832 5946 51290 45086 -39001 -91511 -1749 -53935 -72850 11367 51673 -97938 -45649 53227 -53031 -50931 -92243 -52766 95790 8321 49066 44073 -96352 -74924 -30232 -51664 77894 4208 -29578 29881 -79701 -84127 10705 43227 -93374 -81269 18117 21780 99092 -94933 -43367 -78927 4874 -49139 16825 -89687 -10233 79635 -97174 -91375 -23662 52910 -48020 -45296 -51568 8336 20282 -51886 -33466 -26688 -1241 51408 -41312 -70343 15493 -58080 47640 -26956 16288 13569 -36648 45545 -98602 41540 -41727 47541 -91477 94363 4255 98242 -14777 -31813 -84044 -59033 -8303 61424 90980 60629 44191 -14790 -71498 83208 58237 -42594 93505 58522 -41052 -66649 21116 83689 -58580 98735 29305 -52766 41799 -77191 -58039 50102 -69100 1612 -41749 -8757 70975 -87480 -21759 47643 12523 -84402 -67117 12840 88358 10044 18637 3582 69315 -13196 -55004 18914 -56430 44957 68958 -20380 -6703 -46153 54171 28255 -30590 63429 96325 64260 53718 -2053 -93867 18658 89475 -99850 32558 43166 13994 -21002 -99268 9759 96132 29804 -4740 97536 8209 -94311 -55528 -88309 43037 -97318 74354 87399 -72925 48124 -54974 55982 -87821 -56509 -51196 -79617 -2638 -21542 -37558 62450 -91460 -26732 -32092 42139 50058 -90931 53297 -40972 -54556 -58875 -8643 -49556 -35180 -45922 -54566 -98280 -56019 -35858 -6278 -82374 -89321 -59639 -1895 70912 -13129 -9808 -84434 -70240 62056 91205 -40691 -11488 -25635 -13869 88197 79032 -91246 -40745 6122 52279 32198 45329 46870 -25331 82228 -45434 63521 -49238 97933 -35616 -49472 -57479 -22787 -35436 3315 -57215 55215 11872 -65328 -98101 40878 -93013 -9083 47936 95723 94097 41130 69112 -39578 -67900 -66884 -29361 97305 -29162 -76284 -57613 51988 -84918 16479 -12616 96964 56879 2976 -17934 60361 57587 61164 -64899 -85204 -69092 -62607 -36370 30132 5248 -48072 -80272 26124 20531 -19000 54141 -2562 -27161 -58043 -82812 -96097 646 -52223 56054 -29692 68013 -75645 48468 -46745 17477 -10373 63089 -74365 53606 -65281 -52601 3685 17005 -80073 84285 -39948 -73818 26254 -2383 -39151 89412 5063 -66417 11032 -28154 24113 -16506 -60378 75055 33352 65035 4502 -33972 427 -73029 -62810 83821 -93340 62742 11601 -68420 17590 -40082 -93066 -98817 49706 55476 -58492 72975 94466 39735 -29593 -17318 -63973 -29094 -83987 -49916 -56427 84851 -72240 -83538 -7244 81164 -39635 -13003 -7036 -97396 -16691 -75335 -28983 -44980 88691 -63411 -73689 52539 67733 -72457 -21484 -37671 74638 -87058 35640 15768 27170 55001 20848 67173 -63389 -31599 22196 58719 -66747 -1863 81515 94314 -34116 -65582 -59806 -75509 31523 42936 -38064 85650 -33317 64701 77054 -15763 83609 41480 -71305 54849 -52726 92926 -98053 -20698 42274 26643 29143 -89134 13095 29161 66212 193 50623 -48023 -45219 -38532 98589 -55394 54380 54552 46327 12722 -7124 -75024 -6160 61877 -85015 -56502 -10794 22493 87804 42319 74461 -24021 13585 -27926 -84971 36254 -12563 66866 31979 -5817 92739 38227 39043 -49640 93677 41948 -54964 -15946 83363 14621 86280 25260 -64616 6046 -54937 -95284 93897 33147 -30236 4307 26421 -67145 72612 53224 -55885 -4995 -20008 -43191 67156 -16406 93230 -2159 -78988 53513 2706 -55757 45608 -58312 -54750 -51879 -8154 -97739 97914 -72136 39798 -51935 -7550 91192 73982 66627 6361 -55959 98426 -21389 17237 -54884 44827 7791 -50532 54399 99356 -33952 -52740 69377 -96667 -76239 -55559 -57394 -35595 -28296 -77143 -24640 49352 50313 -54123 55720 -96999 -96475 58725 84069 71737 9447 3395 -55372 81830 16231 -89577 -64773 7456 4465 -99935 -31245 -10165 -86207 52231 -5285 12803 -49090 -51474 -82501 25099 -25278 69612 -89687 -95081 88004 -39287 61094 -80372 -86918 93286 99298 -77874 50713 -42431 -35614 -2813 -47363 41229 62317 -53433 -64749 -57972 -21912 21552 -75451 -77234 55160 -41753 224 -98482 82145 -87737 10067 -94424 38642 -62364 20955 27364 72773 -90229 -16016 4851 -26341 4919 -70928 79592 96179 9573 -85610 24257 14276 -65973 2478 -26237 -42750 85785 37815 86969 -7204 -97293 -96139 50063 -14655 -40160 21381 -54527 -47601 -28860 11060 -76372 16574 11572 72763 -61566 -41559 76501 -70817 -46106 -48035 7576 -69940 -96741 68537 61801 -32111 -25783 86792 -75580 14105 -21443 -64029 -47558 87543 -74010 1998 -8520 -27642 -24579 -69511 96311 -48455 20526 -53160 21615 23174 72620 1807 37196 -5100 24941 10160 97146 -91704 10623 81547 -45361 -34199 58442 -23370 -52798 63493 -88202 -27269 12347 -81791 24095 -14070 -10823 -73762 34113 44305 15706 -94816 -77313 29608 62457 61349 48015 -50510 -54797 -21414 82802 -52092 -89205 -55776 -24756 46896 -42539 16732 -19350 -30110 -29923 -79613 30079 -55902 -42584 -29570 -9468 12303 -12118 -48522 31330 1901 50104 -33014 17608 49494 99454 -97174 -56613 -5907 -23081 40527 -3079 95391 -40914 -778 99509 -64134 9582 46647 48851 -89130 -26370 80412 22582 -54660 -48132 35193 13738 92399 85100 -30211 -83427 71138 -96831 -99157 56139 -11158 -40457 31298 -11600 64056 -17961 26278 94490 -29767 -54287 -76047 2450 90347 -26985 -38538 -15776 54657 58180 -95804 -91479 52451 -42230 25032 39889 -79643 -31357 76151 12025 -86916 -20118 28118 69750 66486 7628 93211 -75394 -23034 -41770 19436 32433 36984 -31338 -27698 -44352 19810 -86570 3857 90774 -1649 -78411 42143 97249 18325 70873 -7881 8957 -32784 8553 22515 -65561 78111 1634 97924 -38700 5941 45085 -82398 -3598 72785 -22160 81930 -77159 36176 -2281 35668 95703 59628 49751 -91202 -84321 -60900 18702 24618 82395 -56238 51222 -71165 -97092 35535 -19242 -12307 -89249 82847 19125 70345 47351 941 -94643 -23963 -38084 -4752 7977 97368 12304 -91279 -11536 -90430 -40259 85045 -34993 16447 -30005 11361 55226 33483 -35605 -44615 -92909 3903 26628 68982 15352 74555 -44690 -94166 6051 23471 83722 -68479 43654 -64442 -52018 92649 -51920 10266 7561 24617 50638 68395 -26282 -78692 61038 -95767 34192 18522 33192 69619 32925 12960 -13729 -42844 31697 99211 -13626 77276 56709 -87760 1505 23399 96983 -46195 50115 8714 -46430 -20129 78190 -55655 82551 35014 81823 61984 32046 98165 26243 4807 -93690 94483 -17447 67165 -15418 -94257 75832 66934 -20653 49685 -63810 -63562 -69080 82051 19384 -84616 -31223 69847 47072 10779 83543 -79618 42886 5244 78991 89606 16073 -92203 6728 2434 -46015 -51026 -83958 99895 -81721 5440 -57307 51488 77253 -96112 24405 -49758 52101 52399 -53518 33424 61405 -79004 76398 48544 40643 -58125 28592 -68543 47287 -59651 9755 84138 -15364 -46503 -38820 21544 -76292 19942 93342 -98407 39957 10858 -19269 60104 -31209 -55011 6228 53961 -23470 -58650 -92081 -45933 88210 82310 55022 40395 80084 74292 -38548 -77167 76835 -37765 -14322 -20704 80116 67703 57681 81490 -94946 -70389 -26002 -5944 48264 60038 9720 17871 -92978 -285 56976 -52910 -83351 61725 -10876 41193 15131 -50231 -99477 -3566 -32245 59190 39068 -57426 -28813 -39182 47171 34383 94642 -27140 72672 -35680 -85764 82813 -61543 81860 77811 94087 -80248 22136 89971 41238 -70732 8603 23595 31596 -98537 1284 66204 -1196 68007 -28938 73887 -41858 77682 -70142 -9890 69136 38335 52017 98078 98869 -86419 -73010 -486 70523 -33783 52285 89455 72536 -62797 71456 33957 -75580 -13867 -99613 -47646 17642 -87841 -70000 24769 -85739 57045 -59085 8074 65364 -21790 -88850 16987 -87436 -46630 -91850 34527 64916 41407 -91756 35681 67936 -82805 19082 -58231 5412 -60620 38594 -56587 57454 8690 44250 -54425 70730 -22409 -21580 38040 -14475 97202 -92085 73150 -94956 19969 -61384 35356 33076 72956 51901 -11164 48098 -51804 68188 69567 22403 65504 -27750 -76717 -80270 9825 41516 -99427 10883 55278 79680 -70552 88543 57245 894 -71117 -55044 23797 6469 2738 -65283 -95922 46138 -91324 39037 -65011 -95610 -37057 63814 -68530 19614 -85105 66620 98551 -54064 10436 -48981 76297 -30646 -26439 -29398 -42762 -14524 55940 5 65207 70646 -51796 68277 -33656 -12441 36819 78381 27023 -98461 -78707 -53169 -97128 92882 95659 -22605 73520 72426 -62617 -21813 -57452 72394 -1975 -43652 6909 56414 -95132 53503 -76400 -59050 -41586 20201 -4518 -34819 -97652 -52122 44526 -30201 49390 18319 6187 84606 -84586 -34483 59920 -1244 70139 99504 17666 -99798 -65433 97713 -23022 -36486 -1582 -16573 -65145 80803 -19170 -88982 -7743 -6975 -41723 83082 11389 -32932 31396 97631 -79248 83478 39668 15243 -3736 -27023 78172 -95735 -36280 4886 83943 -28702 33699 43337 -61498 -68842 -7652 87918 49411 18429 30656 -34786 35731 -3153 -27531 86726 4875 7772 -60083 -48204 -66662 -39491 12169 -89923 -81 5705 21529 58419 63822 38659 6890 -25628 53435 -80682 -66092 -2264 52431 -18627 48622 27036 74740 -54339 -64639 96214 -86762 -32741 -51242 58554 37478 1438 -51629 -56540 7671 47765 62499 -66233 -97095 620 9302 4374 -80949 18937 49212 52937 7003 -53621 -50417 -9625 -1183 59980 54668 57501 72309 -59545 54138 93263 58126 92418 43698 -35001 -43550 -15952 97001 44926 92625 25164 4810 45747 34944 21633 86153 29875 18212 60148 -50902 -2438 13726 -96760 -21066 -68170 -35234 -33203 37676 -54736 -87192 37169 -34078 59386 -35245 -74927 -14181 -47533 58105 38381 95569 -50297 57153 -77812 -59431 -66955 5501 -97419 -92311 -98841 -82567 -24084 -22014 -86979 71016 72550 83081 22267 4569 -61518 61728 89892 95820 -82347 -20056 94299 70935 73365 -40538 -91151 -25487 91651 47856 -81461 -42924 -21220 -69012 -95626 -46489 35420 50710 29947 -15747 -60073 66611 42493 23228 -65293 -91304 55042 60668 41597 13975 68933 -14219 75994 597 -22111 -58117 94585 74884 82792 -64497 -22182 -97022 -13621 62814 85971 70123 -60329 -85421 35946 -52119 -38780 -11701 -39149 -91878 49482 27004 11838 12226 59550 -73181 63155 -31575 46460 62645 5036 -67205 48999 42921 -91098 70141 -3001 5461 39972 -65473 -98869 -77671 24220 72722 -4449 -35511 64613 -99271 17590 61399 7084 7228 -73653 37939 12883 49913 -12652 25906 -59908 98626 70823 92031 68285 -23878 -98236 -18834 -35012 -19429 28648 -32464 -68407 86338 -57174 -16641 -40876 -80983 72137 -49099 26396 73140 62182 -17228 6091 -74589 -96662 -86413 30077 28501 29989 -48501 68392 -55551 -80791 30110 -8351 -83718 -40819 9850 -77413 98593 50890 99701 73865 -52987 -88206 -61566 82193 -12568 63058 95091 53048 56663 89330 -81392 54872 -48023 35171 26951 -49307 -44958 20488 -89431 -50224 -21810 91828 -51805 -22949 -18601 -27894 17586 -24866 44167 59629 -99977 -28976 29338 13051 -93270 16374 96554 40128 9048 -66269 -40888 -17368 -82780 -98653 81359 23322 8407 -15759 -80020 98458 59463 -81311 23527 65118 -91056 80372 46110 -6341 -76452 26700 82211 -37375 72337 -56363 41090 55475 -9006 -79432 -29749 -7810 540 -49514 -32945 -90290 58602 -80765 46367 -7196 33401 -99618 -9740 -9215 42766 94508 -79276 91082 93097 -74981 -15862 18461 -31692 -28893 88302 62308 2866 75395 -4122 -34758 57884 74695 -69336 4431 -87707 69506 28948 23941 -99294 -86741 -25274 -97035 54097 -35557 -96696 87912 -18346 -16393 -18274 -69268 41447 -27571 -95183 99529 -34819 58390 86606 43113 -60780 -53283 -78652 41461 -93673 78513 -45210 54290 302 3195 -57973 93572 91729 -89538 -37466 34675 -2548 42604 45407 4685 79436 -26940 64717 81764 94968 -94484 73034 16606 40032 41685 -96736 -60271 2693 -15669 -58725 59405 82928 -11409 -76264 175 -25948 81417 14644 85938 57369 -45828 -46595 89367 -37942 -10203 88963 9452 -65357 -47548 -85452 -50225 58572 22795 -21361 -30886 -94582 31895 32967 -85995 99777 13247 27765 -88840 32538 88701 58629 46379 26608 -88843 56391 -55910 -89245 78127 87601 -69202 57152 83316 61254 -75710 41781 89501 81602 64942 -26036 -41710 -79327 -75915 -47651 78455 -61921 2184 -759 -73717 -74769 -12106 40802 -27732 45109 -11263 47031 -87667 -10108 -57268 4685 -36831 -51117 72528 -68724 -70787 55714 72019 5717 -91520 -22597 19229 79240 76223 -58336 -61532 -95257 -17807 -40784 57449 23309 77766 -98162 24794 25150 -28529 -4747 86429 -26988 -22335 25895 90424 83036 -85135 39415 77969 77973 -63932 67923 -48439 -79047 16338 96796 -83347 -24168 2342 95533 -80751 61897 50024 -11144 91155 -36068 51147 -28618 10422 27381 1578 7001 -65326 6810 -52865 -34936 -14353 84320 98953 51053 -1453 -99272 -4762 -39159 -96432 -63858 96357 760 -80687 93951 40148 -21040 -95689 -65989 -1965 27445 45628 17552 -98443 -43355 1781 35512 5195 -87307 -13323 -86412 3120 -38001 -89113 3869 3760 -37424 13764 -97807 -2753 -88461 -66113 91610 39173 68053 -77002 69602 66013 12443 -30274 -97899 63538 42874 54080 -68363 -97129 -43283 53785 -88517 55285 -68997 -56770 -84611 94192 -37804 67535 -92446 -62470 -4360 -64543 -93890 59465 -31241 -11141 -58560 80502 -47563 20605 98437 -2737 49009 22550 82483 56620 -3880 -39375 -70610 50596 70202 -51064 2872 -89079 -87013 63390 87855 39840 12823 -88728 -65122 21496 -8559 29237 -22595 73431 -15673 -32422 -28341 65194 54806 -64069 -88506 -16370 -25071 95866 45972 58591 -26202 81794 -25206 -13655 -40983 34689 -76259 -67400 46130 -95729 65314 47079 -68339 88316 43662 56040 2050 -8810 64955 -8147 38778 -44592 -25710 -25815 99778 -13447 4370 6469 -58869 -55992 56531 79786 -2745 -60833 -67665 29322 61620 29773 -86281 -17451 83347 6798 -415 -96835 -38465 7057 -73117 10101 -63420 -18841 42020 10902 -92008 17348 -97251 -22318 17679 67864 -59560 98645 10520 6458 -95796 -65637 -48425 -7379 -83514 -4062 32113 -4273 -92876 -81386 -1837 -47820 78493 -98854 -82213 15663 -39602 78099 90274 66412 -76363 10929 30299 -75387 -17153 10952 -85852 -9072 38035 15354 49968 -83789 -2110 -66196 -53012 -32980 -20774 -80325 -45162 -35697 54857 -14436 -19366 15957 48680 -30440 -85158 86032 -1597 -30737 91870 95386 -4221 -43955 -74552 78261 -16146 82032 22563 52968 -85735 -16292 89447 20648 -67727 50122 92765 -79041 98829 68555 37551 67045 50885 39335 4297 13962 94929 -21266 88352 6068 52237 -43689 12640 -13466 1802 -67741 45157 -38382 -48932 -15519 87036 59194 29735 -30835 64418 75782 46687 20588 3806 43377 -98187 -1891 80006 22869 -87108 -51310 -36328 95584 81945 25376 24269 91637 -76747 42099 -30437 -35942 -98432 68399 -73717 47761 -51343 -57023 -93306 58197 -5659 13374 28155 -36588 -43111 -50283 -62341 80933 85197 58258 83135 25583 -44241 78943 -65066 -44862 48249 6135 -24215 -32084 -89535 -51229 46977 -65037 -15547 -37066 -57043 3491 20636 -1417 61825 55646 71113 -51023 -32291 -56657 15159 24099 -37935 63041 85889 -58200 -41323 88988 40226 -11356 70841 -63118 -87748 -64175 -37531 79834 -52195 -94313 50794 -75379 -34106 80550 -99965 -82892 10961 61703 -50481 -40243 99530 -54075 35336 -26887 -23103 -63745 -44315 -22163 29668 72974 -81492 58506 54925 37697 -60848 59412 -97616 76336 26687 -13125 -15830 -77952 -13949 -29554 80891 -10321 -66750 1976 -84906 16016 -15168 14405 49002 80808 59738 63142 -81796 -47115 44472 -42030 -67411 -92278 -99009 87858 3114 -25460 -35550 -44046 76537 -59439 -51685 98802 13377 63950 89978 -60534 -66371 29175 17808 22537 22386 -42762 -46587 -80225 8572 90311 32706 83460 -91147 4445 5332 -21687 91395 25343 -92587 16117 -99095 -45648 46411 -5233 -86274 -37599 -791 -90942 -12166 61052 -17898 -55575 63553 31970 -20246 -64539 65197 -24590 -77766 90822 -90145 67855 23973 85614 -22009 90822 -85937 -65324 30039 -29155 -95149 77052 69871 13857 24058 98866 -3839 32734 -56220 12205 18868 10166 -63897 -2678 49206 -99365 12644 -58082 -96384 -89511 -35745 85228 6126 -49954 33263 73634 -6459 66277 5786 -31220 7905 91085 -81394 -25885 50386 17393 -29937 -17408 55979 27324 69264 53669 -45247 -72609 37028 -42960 53899 83235 49615 78099 26984 96231 50554 42000 85616 -27177 56804 -79713 -32448 56957 85091 32668 12001 -90987 54476 94011 62588 -17426 -17796 -96275 -26050 56557 84078 73498 -45595 -62533 9300 14431 -22248 -43251 -66561 -65452 95377 -41690 54791 -32560 -121 -73410 -65721 -73564 -58856 88377 43669 53544 84521 39898 70634 -80436 73155 -72650 -13611 61460 -24419 47426 -11019 -40236 -34076 -95731 -98929 83450 -80802 -52171 79584 18078 14541 94331 83242 -57179 -63962 -49377 55079 39213 84340 -20259 30472 -21311 -54747 66980 -57633 -10606 4253 87468 20874 95697 32125 82475 28895 -83166 34583 31384 37981 -62947 -66244 -46252 18031 37851 68549 43141 70114 26637 -84845 -13537 72298 43303 -23945 -82333 1695 36881 -87030 774 82853 -79805 91703 -47589 82953 89619 -33043 50873 68411 -2986 5071 -19797 22563 95978 50721 57145 40636 -28954 2608 -93577 97405 78114 -14916 35087 12298 80014 16346 63456 -29394 48733 1403 -49459 77805 41972 -36707 -99028 62765 16595 -59586 -47222 3540 -68718 -86710 42346 -84440 50453 -63114 9362 -78065 714 5062 -65289 -98057 -74059 9759 -15418 -6590 -16466 92009 17865 79408 32794 6523 -27180 -13349 30879 74460 37033 4490 -15465 -14074 97030 98876 -6028 29377 -7708 -73818 -54872 -33214 23276 12972 -28015 -98500 -98204 -86289 1297 37305 17024 -11505 36583 8771 39187 -65189 -23671 79122 -84929 -6306 -81311 8718 301 -7489 -33060 -14778 -72078 -59654 -54092 -32710 -20691 -31839 -81987 34295 54332 60334 23814 -22377 -98705 -62324 -47121 -47154 38749 6571 40093 11622 -95546 34365 -38820 -16565 23196 -89017 91415 -83347 18656 -94788 -35735 7010 -49147 -88050 63109 -21802 -29802 -59660 -44383 34400 68556 7797 -84071 -54555 -88145 81846 -12762 91712 -87283 41704 60292 92908 40162 -41453 -92031 59571 -27129 95745 -81869 -44270 -29453 75106 51621 -96823 53062 13577 67241 -82642 59227 24684 56337 27086 50958 27659 -64629 -28503 -11753 -59929 45553 -29555 -71291 -45016 -4952 2038 59749 -29142 38053 -96544 -21665 -16697 -88927 21645 -46353 -7217 97529 -1003 97078 81221 29013 -21578 33547 -96287 50219 -15624 30618 67830 67552 -41601 50219 -34145 77428 -95061 -11714 53218 64610 99562 43788 -88162 -63206 72455 13298 -99714 -55806 88017 61741 -34208 -29151 -61428 70571 -88388 -38850 -76400 -7260 39054 57409 99939 -63322 -12935 36469 -26503 60046 -95396 22853 -49875 -18164 -59743 -89286 -40399 -74737 47724 95062 15349 74323 20544 23514 -25104 39616 14501 20659 -4953 59820 -4238 -70199 72047 -19059 -82516 34608 11506 93414 -29927 80024 37018 89173 -58327 -47186 -99031 31298 36835 97818 89769 -66147 58958 -16113 68136 36315 3923 82540 34822 -27529 -72207 49567 10176 -58273 -35855 69530 -42385 -55877 12555 -91839 93156 68513 -5472 89418 43822 -1238 87809 63240 98376 -26612 -56550 20389 10098 25978 -23313 35360 -45005 -74137 16249 -49545 83447 -99347 650 5607 -52343 54759 -43996 72282 68360 78621 -77337 -2605 -75811 38840 -76321 22878 41790 31244 -60788 -22693 -61548 4 -5152 -10900 47621 -18103 8612 63279 43854 55641 -93864 10208 -59954 -38247 -64999 20631 90037 -62143 -42311 71381 24193 -68792 18047 63755 31751 51853 -92928 -60284 -55104 -40231 23608 78077 50264 -85158 -90585 85711 99993 12306 -17068 -28504 87294 42123 64545 67186 17447 -85417 75925 44754 -26450 22164 17081 52286 -15337 84358 -31976 -81492 64396 16699 10290 30129 -17697 -17719 -46909 55543 37582 -79711 42776 41765 63661 79698 -89568 18603 96332 -44915 21313 34792 -82617 -7530 52879 -83012 -16007 29529 57950 -84775 46231 52314 -20701 -3113 33675 59522 99782 86701 64414 2396 -56052 6165 44161 -44924 32522 -30905 44309 34147 16207 7748 -46165 37659 -94008 -59222 -95571 79634 25564 4489 -79218 -60432 -37663 55630 4635 78588 -71485 -52707 -69980 65570 75087 57976 -92697 65685 -12512 93522 -76874 43441 43347 -73846 -59449 48655 69618 41564 37100 68710 1441 71879 99864 -74233 33889 -64921 -93039 70094 28046 -98153 5327 1719 87504 99341 56236 -90392 -68956 -87659 19193 53653 -65408 -42473 26104 -61534 54529 45448 -62256 1613 45039 59042 -39453 -41304 -27936 85190 34056 73737 14468 73370 -20363 59246 19046 -87883 -36401 87132 -17114 -88403 10291 28669 -14042 20650 33965 61005 8467 35939 91262 -40942 -49928 -11311 -7118 81015 16941 -96521 27622 15936 -38101 93918 -73376 -55223 72544 -42847 -73746 -15352 -13683 -10801 65708 -88804 78611 -16561 15338 77241 -91418 -6289 -66713 68745 -75459 37573 25421 61971 58205 77079 93764 -41635 35418 -28212 86361 -26558 -30949 -88278 -18426 -3624 33458 40875 -45149 -72561 -79985 -18377 -83251 -19110 26720 -86524 70761 83910 -73155 97275 -60053 -40540 69916 -15405 -87097 -47976 5014 40445 16384 -70159 -14986 64571 96622 3166 39937 57743 -80431 94945 -90176 52773 67476 14796 18053 61982 17024 40962 -85991 -62743 -39150 67461 -20687 64512 -30005 -6372 11766 34317 -23474 -30950 8007 24002 50604 -23075 -93514 99566 -39208 10955 90220 12008 -21838 -94324 -82595 13248 -42871 -64685 60736 -16297 25768 -42687 98806 30708 32654 73515 -45392 -68798 -6921 52645 30606 -4041 18753 85184 -58013 57659 84367 75469 -61385 73683 15129 -38783 -72616 33443 3155 46686 94784 -45375 86298 -90105 -64163 48095 -76740 -13118 46594 -3455 84870 73511 -20229 68437 -57092 -40553 -40587 -54111 -21334 -76283 -1456 93040 -2260 -81919 44177 -9046 64320 93690 -33339 40914 -35135 52851 13472 1991 -93717 22307 -45656 -21385 -23549 743 23455 85866 -33256 1916 -53682 90620 -67931 -9461 94776 65725 50026 -6483 42809 -25699 70473 -78417 64394 27679 -29814 94177 59845 -69878 11332 -83316 15856 -99229 -11743 -96558 -57647 -56592 -79835 34643 74170 -75347 6035 47992 44655 -81176 69222 -24848 -74078 -40250 -21395 -28314 75020 25702 1346 83252 -84645 84873 54875 -33115 47444 -46681 81927 27626 17899 -24554 -93228 92924 -66324 55056 88473 -67133 40513 6187 -24341 74179 66966 -36727 -47235 -92483 -60268 11347 66309 -8805 96373 -92248 50769 90319 69296 53392 787 85357 -50935 -69440 46232 -50557 8952 -1142 18600 20503 -67726 57230 95627 -1026 8918 8492 14166 -79563 -99607 -63417 -17831 95719 3326 -36951 -27154 -54414 -91592 -64760 -66444 -64967 78271 83226 -42281 -29571 60883 54242 42664 -89614 -81028 -45275 90107 14746 10986 45157 -42142 10357 27985 -6130 61795 94084 -95767 -75414 24349 18579 61027 -81081 -14174 -60751 66636 -20195 -27627 5803 -68464 -28081 -22991 -92947 61686 -56954 -44611 -35692 -8128 -83572 20042 -20296 3666 -5498 13845 -19477 -63270 -1199 -86225 -71152 44071 593 -35425 28350 97030 -66382 -487 -42804 -82571 48796 53238 96723 -6492 92693 68519 -20 60522 66123 -12219 -6672 52738 98688 -58594 67605 -52104 27394 79650 14996 -1531 -31132 -75704 -21715 59346 -88208 -93098 -43289 43544 -15228 -99349 -53102 94761 -12306 -10012 -83341 91001 89270 -45399 -28936 -24358 79136 -32938 44003 4683 26121 -63121 -52665 39840 40495 -40049 50121 -99791 -21175 22899 97927 -36770 -38808 -82671 -33758 -5314 -27650 -917 91684 93708 82389 -78060 -2012 79998 26407 -23346 52112 -48102 -60988 -6257 -75674 -69995 -31655 82632 54236 20059 37884 35544 22306 54573 -16948 -43991 -83346 -64869 80409 -97882 -24105 -96339 52873 -15529 -25180 -36073 15557 29905 70560 14150 11392 -75159 34699 -49060 -86429 83073 38501 -1964 31609 -86473 -84330 -73810 89553 82639 40487 25941 -36244 -77514 -18205 -45964 52646 -77899 -14915 -75856 -82980 -34419 -40010 13544 26192 40211 8149 -55217 65494 -72767 -96124 27372 43787 -79653 43863 19566 -74488 -88115 61256 76001 6271 65377 37496 -16092 10952 -21044 -66216 -13317 99488 19051 -86138 6574 68379 43633 70839 -99397 -62569 12149 51569 72110 -48115 -35934 89134 -81098 -2407 -30983 -53022 85265 94786 -48573 -96792 5971 -91286 -86160 -51585 -48819 -85783 -51498 31650 13178 -12118 69616 81242 -12145 82289 -95054 77021 -14425 -63796 -55907 -24422 94223 -74945 -74876 -24168 -59786 -92841 5832 7180 25934 -90387 -72973 -17414 -80237 -32866 -16177 93603 54357 48476 -62862 -94994 -74978 5329 11258 -34503 -46049 94036 36134 -63129 -66255 -64431 -64183 -27156 -90206 -91740 -16240 -39154 53907 -65792 -51715 74284 -53836 -87629 -2367 -967 -63342 71709 -92782 -74937 73869 93767 60944 98577 -87847 -80201 -70149 98749 -45543 -32884 40034 -19588 -45192 -41377 50963 -73515 -49552 -40277 68229 -54305 -4679 -52411 35535 -691 -69396 -43723 -58496 -36231 92136 56685 -33372 -12041 7931 78068 -25732 -12638 -66906 -43225 -20235 -51327 31229 4787 -21775 -21894 59754 16056 12250 -98695 -54580 -30870 53001 34218 12735 12565 -49320 -29844 -54421 95409 -85710 91282 52920 -6517 -35114 14627 96701 18966 66896 75642 24140 63867 -36429 -27457 73506 50169 44218 66980 63863 -5491 -53509 63010 23706 -39168 -6621 6107 -75852 -12284 80449 -53452 572 5981 -2763 -12833 47514 -82610 -29873 27907 2259 -58658 -3076 -35437 67663 33929 -84119 62422 9198 9181 -21318 -72415 -30112 23924 -3144 -42544 -34670 5991 52465 82969 -2778 -58252 -24360 15745 -29012 3235 13850 88660 -16695 74830 -38835 -11378 -45374 47114 52191 83172 80723 83425 6882 -66633 99725 66145 51149 44558 -11111 96068 -34505 -59604 -24073 -46903 85356 97914 1780 29461 55292 -60485 -21930 -72931 -11197 24472 -78557 -58934 68023 19975 69047 82936 9668 -48484 95284 63918 43407 -41121 -15070 -28840 -44293 72845 -24864 7696 43794 -13879 31128 96368 12504 -35420 75311 51454 -93149 8255 -73453 3101 91557 41139 -61434 -22396 48245 23310 54728 67488 -38038 61458 59494 97146 98946 43230 72301 -79771 8864 -74786 -7073 -41121 76636 31097 -78162 -73390 3194 35075 71909 -48427 82096 21086 -76830 -92338 -35815 -93938 30313 -45416 24253 -65711 -505 -84551 23609 81177 -56471 -98933 -74986 -28206 40590 60838 11048 26347 45200 86537 -94993 45735 -63316 1345 91868 -27884 50429 -45472 -69112 -65445 -67891 -25164 4395 -48499 55230 -21920 15874 4035 -51780 -15244 68413 -27131 -62211 96259 51560 65894 -56891 1870 84165 -22264 -9698 96780 6289 -46230 -49863 56723 -71456 20589 -63642 96098 53376 54307 65311 -21206 -97025 -43578 3655 50119 -31248 32548 74312 -79048 75052 -71206 -52415 68305 8426 84161 472 88379 -23419 48677 20630 -76818 62640 7479 18358 76223 -93295 7924 78764 44364 -41228 -42734 -13849 -42151 57308 -70918 -91385 -72506 2140 -71836 -55485 -8274 49742 -92780 -70223 5213 88329 -35277 48816 57715 -28668 91728 53381 -91116 99602 97749 -78686 -48963 -40644 -39281 -28650 -28723 -43522 24843 74558 9908 26362 72174 -46229 79740 -28269 39849 -73683 -26220 -88048 47680 42999 81235 -30452 -76771 90938 -83727 -81346 13813 29401 57417 -43243 -90117 -80624 -34189 42713 -76107 -72807 4978 -97267 -25832 51609 71561 86222 54748 73780 72411 -78232 -93468 -87532 -18328 72008 -57650 -89867 -60541 38842 47279 9375 9313 -68786 5959 42683 -91354 96082 -81032 62751 57869 -89630 -35395 -23459 -62151 -68020 -47421 -32414 31582 94700 -13721 -20737 45102 -31545 -59122 -84293 -45073 -16310 -48231 -80421 11534 -83908 82285 25320 48236 75978 -74790 27314 55105 -73867 -46153 42488 181 -84596 -79071 -15084 25974 -74078 83997 -77348 29896 -69589 -46711 -64549 84924 -74372 52822 78742 -18882 -95747 -64516 -20451 21617 75377 -98870 -57644 36513 45660 71758 -76861 -24154 -75878 -68744 -65260 39885 20423 65676 -21599 -16870 -64160 27030 82767 -80317 59272 -44130 14332 24896 33714 -3399 28676 -237 -22781 12382 -50842 58649 -81191 -37388 45257 -79109 -90167 67026 30893 -20920 61132 -70849 72392 -660 -67988 51414 -24956 -55613 -34594 68144 -60219 -68812 -8681 -25561 -87447 -80041 86119 -37749 -78399 -12046 -42906 -13100 -86526 7732 56451 73922 13599 73511 -51360 1853 -82585 6567 43621 -33606 -9719 -11622 -56164 -15281 -53993 98617 71964 30246 93881 -18240 -80325 -99471 -63580 65937 -4767 -25814 27549 88918 -82959 85490 22302 53027 42293 56556 84756 60847 -27669 36472 37813 -5919 11653 2349 58469 -25989 32825 49478 56732 -42090 -84702 -91971 -3204 -72221 54888 64802 83700 91489 -10678 13427 18337 -8808 73909 5354 -45419 -4154 -4563 32348 -22341 -61820 -51704 17508 67288 89900 -77344 19456 -59089 2162 5961 -65064 99340 71288 -5202 6193 -3804 -93213 -32107 344 -97904 24889 -94087 73890 -88771 -78241 -22913 71419 -28053 -70841 -41677 -98664 -890 33496 69944 10358 -52805 -31665 -89376 83615 34205 16675 -73102 -98650 -99100 67293 7965 7264 41950 57157 -84534 76244 -28711 99150 -73709 27366 -64459 40588 -63111 -97979 23657 6862 -55828 -49622 31466 88774 -70817 -68093 -7941 72911 -57706 -63298 -39872 -62559 44760 -61180 -52556 -54127 45770 -59361 -25575 -96547 40523 -27197 23481 -14346 -59224 37891 -49509 -6174 58859 54942 56106 -22101 -91624 -99662 -28455 -75812 -89772 90393 96952 45292 -29751 18587 58687 -69637 -40185 -2213 -73319 84689 -69732 -35440 -9028 74854 -92213 -17577 -49081 -16458 16129 -61826 -56816 68593 39097 55203 -65593 -97993 14474 -24170 -69156 67656 83556 74301 -5789 28287 45890 -89269 56971 99013 21730 37414 -37016 -92342 -66543 41676 -95492 -80919 -93779 -21330 -73175 63070 -24581 86724 -13642 -36407 -21020 -79762 60764 -12727 98982 -66904 99784 33835 99479 -74937 71911 -31151 -24525 23085 45666 7477 19049 -24545 92090 64839 -66211 44338 -90454 -54049 -77717 68181 33678 76721 45612 59972 -41470 -94082 1064 -41800 98184 -9729 30475 46603 68422 86219 -93462 76604 -40403 21808 46358 53403 -69746 75017 -61750 -74481 -41825 73187 62678 90156 88410 16558 -34311 -37203 88874 5513 56307 50919 -96397 -16392 -12985 44848 -15284 -9696 29234 -2461 55283 49990 -19767 82944 -94532 42799 99115 -27056 -51091 50973 93088 -99826 9866 58006 12703 48489 67152 -87197 80741 -21871 -5815 -59832 36269 59315 42403 12500 -96127 -1102 -82520 90812 -87293 1845 -13083 10200 20508 -36930 -38781 18581 98220 -28338 -2677 16406 -88667 -78243 4615 -16547 -62277 16434 8626 -75559 -41628 9643 74033 46838 -81882 -21660 54075 44661 -84641 -63296 -6227 -42340 66467 -94627 34226 -26507 -49025 25544 89501 4457 61472 60899 -57865 67811 60661 4273 -22468 -29390 -21017 20543 30783 -52722 -15299 -97601 39331 -26079 77030 -51716 -36983 95022 -63080 -34324 -54358 -44270 -20968 34293 -98750 -91635 -28197 -79024 19111 85975 -66964 -19308 -71004 88783 -13231 -10344 -35355 4418 57379 -71685 -14114 40137 -11385 -17339 20203 -26130 53344 -92451 709 -54356 30807 47614 -693 -96081 -57492 -27241 -56866 -3289 18536 -83895 -37305 99987 -44190 -41902 72271 -62146 62683 -11411 77120 57230 -23685 -5933 -52477 -41740 -78355 -15548 67782 40987 -63483 37721 1417 -40661 -87917 -26721 -94690 -63346 58624 14055 2842 -51812 80921 61805 57312 -76237 16031 -58599 -73993 27238 -22538 -58850 57349 -63605 -65653 -93068 -20823 -77190 6764 21638 41971 -53644 -68746 -5842 79437 -36891 54755 -53838 6462 257 58368 -44971 24477 -98701 3866 -41989 -66916 -6951 97008 -91344 -43521 -68251 -39542 53714 -58871 31102 -88162 -20814 39366 -6075 -98010 -51517 -60357 -88181 9573 -75038 76010 53365 -87220 -72149 51115 -37253 68556 -36163 -44518 -2044 62266 -40835 28296 58387 27721 -77782 58258 -83801 -99459 -84760 69379 -94317 -51816 85791 52507 69878 -10453 12798 -73929 -1228 -61668 -51711 -10736 -1283 87576 88205 77476 -26397 83505 29035 -83225 34775 93977 -3408 -7227 57209 -18970 -99355 90604 17833 51878 62962 -62611 -40518 -99876 -25117 -9788 90568 -43063 -64160 94747 -38571 -78282 944 70627 64502 22873 22022 40110 -80216 -25324 -13099 -1212 -24076 15630 92392 -24518 -35758 16376 -96631 94011 -68996 61203 -22481 98427 -7530 -48669 77650 61030 83318 -72629 -78955 75658 18322 30798 12174 10290 86516 12201 -10875 -84687 -9664 -53654 72710 23452 69897 99142 9600 -82463 -67226 -93052 50864 -58025 45169 -77313 83578 69871 -15811 24988 43509 -85596 6635 73587 -80554 89101 63827 -84304 -59137 -65385 -35537 -81847 76993 -70147 2444 25426 64119 43418 78194 15815 -93697 1288 64941 25259 65836 12088 -46392 -12103 -35493 -64483 -60372 -47984 79295 27480 -67728 41336 -6746 53558 -59285 -81227 -63808 -765 66661 35481 88865 -25424 69640 34383 -3626 8550 -42152 30543 -78035 -78208 -25009 -60095 58932 -18324 -49520 -94344 -89503 -92419 95680 -35816 18897 -11748 -35602 49370 97222 41001 48007 82686 -61070 -36223 84298 82791 -80824 -45689 -62460 -31933 14650 -9670 57140 72676 64199 31650 -359 -388 60591 -45292 -66757 25501 97910 40345 87068 -32404 -72925 28684 72782 45161 -47124 79048 30268 8196 -10216 49455 -81236 -10654 -44868 37310 -63441 -89188 -75293 -74215 -27965 74929 -92048 1669 -7437 -57095 83588 12190 3002 -23234 -51768 13006 16685 -42242 -3321 -83324 -62120 27888 -52007 -26691 -17182 -9448 -42169 -34750 28191 -4204 76329 2827 -17682 96968 1163 60851 23015 7672 -31795 38658 15681 34037 -23059 54320 11637 -58124 -56828 -26945 51456 -24508 85640 -3633 -68460 -94316 -19567 6640 63965 -63800 -17450 -98476 8338 51676 -66022 48763 9788 -14281 422 39941 -12495 -71201 -62514 76205 -85782 10547 -66871 96790 17260 9548 86375 29025 -52991 56573 -39335 93907 -16224 84066 -94289 60928 15567 53173 -43505 -32523 79521 -29407 -63697 -80876 -65661 50872 -71099 -21052 14580 72162 -2679 -98854 -51229 -61374 -48650 -23268 29350 20972 44207 80768 83301 75147 91345 83247 -98360 -24797 -9589 29171 89541 48698 21541 -64101 -2068 -69534 36250 -23635 83007 71820 -86384 20313 -93648 -46624 -39660 70323 60161 38858 -64884 -75461 -23295 18695 45622 78425 -62246 -36294 -49388 16578 69112 91664 -59089 81775 -85293 48737 83165 84330 -29292 -16990 -83214 88159 3471 27989 4911 91325 16725 -96919 3659 -48323 6692 65188 -42404 75874 -63136 36373 11763 -47450 -98861 -70423 -82341 -63740 -60272 -92904 -87152 88755 77181 35789 -23407 31958 -29634 -66838 1633 -33644 42381 -46643 -46367 97326 -44290 10851 18322 77130 51063 -116 -93986 33565 -56383 81231 41626 58664 6292 30749 89736 94004 67284 -77509 82797 -45776 -73 -97712 -12032 67803 77519 -33626 59014 -25016 13998 57128 -65113 -93701 47402 -2883 9919 -26617 48966 87484 -86368 -70187 -50770 -61839 -31435 62958 -3113 -75468 47830 -43599 -1905 -86914 71203 -99760 -79698 -71614 -13020 -23513 2631 -71236 24570 -9565 39093 87537 81122 85725 68371 -84267 41792 -87210 -43183 37344 92348 33582 51278 67490 98531 90908 92754 -90635 -25068 -33079 67263 -82138 -83943 -26115 -83894 -28712 -36563 -83255 -8624 6344 916 33424 -10889 -80116 80121 -44012 -13447 -49948 36955 66280 71582 -72991 -28057 35018 69274 -43051 25125 -18658 20084 -16187 -7656 32563 -86908 -48335 -88973 63700 67553 -96848 -72970 5727 35351 -16700 -9 -26119 17278 -71166 27680 18176 43895 -31249 -90538 -76089 59436 -90247 -59428 21266 72244 -73075 6116 58941 38181 81906 46475 69303 84362 -46468 26808 83954 -73043 14277 -75513 -72028 -4104 35256 2043 11226 35623 10729 -70424 -77668 49095 49760 23214 1026 14961 -6611 51819 92897 86859 36660 -47056 74063 -47779 -58101 8482 -82784 24910 -89072 88591 -15891 -92637 -12748 40591 -45636 -1715 -50299 -33000 -6535 68723 41327 -82443 54158 -8832 10621 -14239 15274 84966 -60691 42982 -3106 -35273 -4384 -37238 -35128 51651 72002 55522 99514 33479 -57245 -25999 -58260 1685 4905 72873 -62768 -75289 22717 83606 26348 -12142 46685 -88645 -82558 78604 -13426 41408 -29828 11496 12134 43669 27108 58533 -45469 -98872 -46943 -98306 -60252 35120 -10616 -46389 -58688 21118 -53136 25565 97644 729 12722 55328 46847 69699 -41809 -33141 -16990 -81746 67241 -2751 93634 86154 -83948 -56849 -16130 -67027 35754 -2845 -21402 11797 -72082 -37464 -98841 42703 22452 -50076 -97993 40292 47929 23707 -67215 89284 -97909 67487 19716 -41342 45640 87440 -56243 26821 24549 22983 19507 95795 98094 -69603 -68314 99218 31404 -23325 -63245 -16365 -66374 81743 92018 26021 71042 32109 2220 -47985 -99712 57953 -83883 -97740 16022 -78256 -61615 -80815 -87403 -62891 87782 -26951 -63086 -49285 -22614 76983 -23908 28152 -43217 77684 -86413 -8564 93688 72661 26728 81336 73596 17188 23117 -75375 98546 62279 86598 11987 -68461 77696 51945 52716 65386 24450 -71600 -1381 -4379 86064 59886 13903 -8284 4533 5549 19344 6620 -22406 -89332 59189 59751 89643 78589 -1007 37368 -38519 -48941 -24614 -30265 -95785 -95421 61217 87014 -3886 -60065 -57669 -26193 -63716 76807 -421 78822 86816 -4440 -48547 20297 63616 -47494 82075 -52211 -66659 -76867 51901 -80093 99293 -32269 -36069 63517 84398 -96517 20234 -94429 -5144 81740 -25416 25368 76099 -36234 10451 -86874 99823 -70110 -12293 29196 67914 53812 -70039 -78342 -13819 -90263 95356 84052 -74786 -88503 -81848 4063 85818 -60313 9854 -97663 -91944 32100 -91428 -64728 5206 -8603 46939 49900 88159 -45228 75486 -31408 22874 -11850 56729 19463 45833 -46704 -42156 -16469 -24234 33065 31176 87101 -45731 -6111 28974 -76601 57319 -51007 -71741 -25632 49542 5623 23731 49458 -76068 -33900 770 -36438 86354 32477 8310 66087 1539 -25647 77938 -37068 -59166 -93984 -45560 -75982 29724 81581 -63638 72334 6868 10961 -4352 -61660 35908 -62778 -18636 2983 41224 -12687 -30828 55254 -56367 88903 30564 75587 -66305 -23952 -99314 -89672 -90986 80672 92581 77027 72446 -62972 -94549 43158 2531 74083 -86989 -77361 -20257 74730 95634 -1174 -95420 -16211 -77451 54463 -93685 46664 -11416 -26651 -45350 -62450 29895 -69973 5027 70840 -46806 91269 -85052 69074 82472 90184 -48056 -38534 -16043 10313 71824 -43096 -21 56834 86848 99919 -47368 -96627 -76561 -84739 -85093 89369 -90112 54491 -86259 37973 56026 54310 -38449 -82707 44978 16227 36588 -70126 90610 -99068 -18808 39381 -88241 -54520 38079 68742 -39538 -11939 83244 -26945 -83099 -12154 42543 57323 98181 -52889 63839 79030 -86742 62959 93881 -39676 -87058 -31184 85147 -42164 66031 16257 9356 11332 -76794 -36445 9441 3261 -55332 39930 68480 -93516 34178 -78413 -63213 -64058 76785 66512 12484 36293 -82494 -8566 99501 49967 -20544 20289 82822 -32777 20062 -99018 -8909 88169 -42252 -80693 -76858 -90474 -8550 78489 43781 -44401 76776 94428 -35903 -97806 60661 13417 30337 -46836 58509 17406 62198 32079 -23921 -63428 -75184 46198 53231 -67286 95821 -19148 -63317 74920 10675 58966 -38977 24354 7006 92269 -6682 69775 -92455 98566 90965 -72777 6309 27356 11973 25551 80901 -74232 33455 29825 25493 4367 -67162 72544 39139 42264 -43181 7261 -38084 13363 42803 37879 74274 74790 -6274 -93557 -76988 91027 71637 3944 67741 -57672 20558 5256 -54938 55222 -58341 -51745 11442 13314 14028 16354 34932 81176 34973 -97065 49390 83301 80300 -48956 17322 68711 4093 -77553 3593 -14838 -55695 -50910 44258 67989 57871 77204 87204 40975 59698 -99822 21583 -23602 52249 53022 -36603 -16640 48269 40368 -72167 -64458 -15207 -10504 63182 24944 25901 21859 -60077 13728 -15401 58142 30025 -337 -22304 -93462 43929 -50727 46026 -3175 94525 39514 -93541 -16877 -92312 -81010 86275 -23740 -67284 15558 -71331 1590 -13581 26576 44556 52755 -50593 49857 -81657 -63542 54726 -7599 3936 -8008 -75669 40086 39691 15711 -78955 69945 -70076 -19162 37779 12337 -89677 -85298 70784 -5350 -88573 -98856 88325 58196 -51861 -31347 -29281 55810 84551 67405 -52565 37063 17233 47110 28785 -8359 67629 21388 -86947 64223 -38942 68444 -95632 -62960 54574 -48573 -95276 -67627 -73346 91650 -60697 -10898 66100 -96541 -83273 68755 32954 2610 63988 -90529 29344 -27848 -55195 49847 97719 -93981 5251 73426 68593 57477 -9657 -60878 -52510 -57519 -40477 -50446 6975 58526 -44734 -68787 66197 47009 -95890 780 -55920 -89029 -96424 30673 67494 -48733 -94806 -64321 -31402 -54711 898 70711 86276 11012 -63590 -31957 83960 50528 18288 -4715 -37290 23096 92618 66477 -24429 -93477 82790 -14375 29714 80979 -75877 68297 99922 -27362 -20026 2506 73892 56648 -3667 6957 77810 30034 -32966 -86971 88839 -272 42279 29224 -45401 -5133 69330 -20326 -33637 -2304 -42624 -33314 -13412 89938 -82807 -26419 -171 71788 12496 43910 40630 73713 9795 -7217 34772 -47931 74656 95963 -29832 32823 -48017 -22228 47211 94357 -40063 73370 -7417 71682 43402 12450 65146 -58051 9181 29637 -43420 13817 2666 -21431 35682 -17899 -36996 -59562 -92319 73801 20776 23932 -4338 37502 23470 -98800 33141 59633 -23787 -36114 -58301 70511 7090 59930 47025 -42736 72200 70087 -33986 -21155 -36074 91051 12886 56517 81013 -11600 40397 -91696 -6668 -93766 89808 -19888 -16342 -84383 -5319 88936 -91642 56207 -54159 39464 -29446 5092 21499 -56697 92104 -97852 -86594 20032 -48338 -26504 -54854 98747 58207 98833 -48580 48674 -88025 82700 22537 17136 -40420 93542 28457 -62807 54742 -17494 -29315 66445 -9466 74839 64859 79733 -98745 -36642 47385 -92508 -83370 10549 -63900 -12160 46564 -7944 -71180 -7109 -89920 77363 -65225 80651 82768 66731 -98724 -21383 -9954 -93928 72474 -51505 47411 -75302 -18302 -45023 -9975 -40499 -83031 -63491 21634 56402 -30578 79249 80005 76249 79450 -39040 -41332 96765 28837 62645 98819 -13332 -50693 -79377 89151 90024 -73636 -70724 -62713 -37347 72182 -7569 51023 -92347 -27970 -56256 5148 -6160 -51594 20775 -30743 -60943 44536 13805 77117 -305 -51980 75070 -9836 -70899 81378 -86601 37252 -4716 30000 -41425 38551 -49553 45230 87410 77445 -8224 -8626 -23308 -10288 -78963 -31962 65655 98338 13087 -89257 58238 64053 -78813 53250 -39143 -15018 -75419 -79449 24948 74474 -20193 -9817 -6288 -18036 98129 79376 -42349 80523 18950 83118 -91807 9545 -64423 24232 -51116 42559 -71779 8982 19441 -47624 -35132 15937 -34416 997 -74973 -63195 -77227 75060 -16779 24683 -1813 10934 88519 89246 99884 95865 -56278 99505 11517 -32542 -73391 -54439 97462 11232 -92464 34663 -32487 37815 -68928 33999 71706 15888 2828 -58113 -96299 54444 62906 -84478 11122 49690 -38647 -78022 58206 13112 -36954 -94710 -38429 62128 56687 -11912 -80665 14250 95227 29518 -84450 -18534 -12027 -91483 86720 -13510 89033 61362 54711 41520 -62555 -67220 77519 84523 89681 9779 15531 -40345 77393 -73796 -54585 99384 -43556 -26495 -39929 39203 45767 39092 -89913 -19108 31618 -9781 -76288 72379 -23518 70450 -60087 -85009 -61923 -3190 59333 -36484 5052 -21938 -3985 -87889 78133 -62053 44960 -53940 89361 -37728 -71933 -35429 -33061 -65262 23570 -5153 -2722 15754 -753 22306 -51554 58959 59812 -83242 -71111 88308 -13168 -23243 54789 -93634 96212 -25226 64813 -32167 -49122 -77696 36666 85401 -46752 69581 -21578 -34796 14263 61229 -2348 -41011 -77834 -90003 79746 71226 -58900 74188 53422 26828 26785 -68882 77788 68432 -71897 -15932 -95858 6955 -61444 79129 53236 -69934 76462 22605 58586 -66836 2191 -10941 -83162 18467 -43998 -57605 33493 -70759 12031 -62970 79650 61058 -78142 94941 -85955 91668 31969 28234 -40077 62150 -59205 -58913 -74322 55636 44165 -35463 4090 48689 -80203 -15520 16039 -42896 78100 20720 14072 26890 -70139 -92947 -5894 -64110 48080 34702 78899 18285 27750 -99743 15887 68682 -23449 -9230 55939 94114 62202 91102 -78772 -2178 -48489 -85194 -33337 -28129 -16691 -86599 -97286 -53448 -98459 -65676 69398 -1097 94617 36510 -36027 46922 29596 45478 60673 -91030 -44151 95239 -18819 67236 -9240 -85506 -55409 55831 -17107 31859 4797 18644 99553 3967 -87618 -37677 70020 -87541 -28644 -97769 58489 88437 -46072 -28397 6978 79528 80821 20387 78106 -8777 -21986 63954 -81962 40633 86381 89688 -61675 -37060 11140 42005 32380 -74766 -88294 -80203 -36145 44038 74334 -65354 17023 -54774 -81211 -87294 96698 -17798 -73751 -36119 -35888 -26385 -1618 -84243 -73641 42998 -18603 -58140 -60967 -99234 -74168 -38390 40357 72369 43368 -55682 -5192 -38121 -54436 -91735 44225 94048 -48361 79606 91681 -79868 97201 76192 1381 37094 -68134 89705 67032 7761 -41734 8878 -97630 -37725 40895 48201 77403 74999 78316 -77467 70004 83872 25537 -35634 93536 -286 57348 -96689 22122 96369 33768 55324 85187 -19716 69874 27427 12306 26391 -51716 -87896 -88795 -93935 -7308 -66078 -78820 -32634 83173 88029 -73858 -86799 24228 -97683 19735 -70078 13693 -36706 -29484 46966 -4269 -92768 71498 75976 39758 59032 -15945 -72684 -52734 -43195 20266 -98317 38697 -2662 -78785 -71130 53130 97519 -78896 63111 -30576 68450 -20325 -5154 -31962 -4745 10184 58731 23893 -62836 61700 3660 -9791 -11282 2102 -69883 57297 -51224 18888 12142 30684 -79487 -38048 15132 16955 92509 79400 -69505 80381 97984 77139 31341 31197 8862 96630 -62941 11584 -36949 53264 -7102 5066 -72068 -64748 94560 5310 56 15506 42581 -42653 -93378 -2415 -4722 29609 -45612 20263 -74193 -48725 42730 37561 25260 95937 -24896 -87800 -56517 91218 -63354 -43005 80196 71777 88059 99603 -24321 74907 -180 -81952 -20851 -22111 2494 -54 -53886 29562 11218 -46314 90716 -42744 -99777 -22180 78252 -71046 -81225 19821 9078 -74634 79359 -21831 -54356 64158 75884 -73191 -1802 -51354 -22530 34050 -40555 -70457 57540 4015 39426 93233 10494 -45681 8963 -31336 25619 -92866 -34397 1791 -17898 -1143 41204 48211 1581 55493 33829 26626 -94272 -43258 -1065 44496 46469 -39359 -99216 -92579 -27044 41895 -42357 27513 79022 58165 67955 -40273 5268 91087 -40489 80905 -79354 -9687 51167 -52519 95775 -61997 85322 55677 -70216 73362 68782 -56047 26499 -84887 481 -13536 56844 -41527 -26557 -83114 -88549 -30735 -86924 -1140 94728 79724 -61948 51784 -75309 -78515 42401 18401 -55346 -66371 34628 -58875 -26398 25781 -67473 35947 -49516 -94646 -77061 40634 -70059 17008 82590 52932 4984 70919 -85994 25950 -12269 77510 17493 37841 60648 91129 90626 36483 72011 -33928 51140 25060 -25325 52473 61036 17650 63652 57357 -85089 -17234 -57734 -64657 -72093 28538 -67431 -71064 -26820 43206 7275 -11984 9448 -6690 35472 93402 -75117 44938 62480 40126 73778 -73259 -97532 13422 -79822 29111 -44619 65634 79493 85223 -17848 6531 -36232 -75171 6938 -47540 -75327 -55917 56337 20848 -3918 -7620 17607 -53336 95258 97472 8638 -72905 9722 56417 -20022 59594 7616 -42873 27928 46946 32938 -81379 -76753 50460 -44619 37772 80812 86261 54660 69941 52244 53420 -85961 2751 39042 -56303 82898 -87584 -70160 -45688 68560 -96600 30965 -79851 11679 29435 -8758 -50579 79115 82350 -54979 -69874 1979 -41855 81156 -49020 10518 -68402 -36540 -79845 23262 60936 38120 -13643 -29808 51623 -90397 97739 -88096 -18611 80682 57825 -85245 -36384 24839 76307 -57180 57648 -6347 96539 -22443 -2594 35238 -12730 31996 -41041 -10413 82150 10389 -38548 78280 56684 53616 43697 98838 -67582 -59853 26309 -27005 92026 -42897 58272 65706 -59596 -61858 -15548 -10340 -72254 14805 -28610 -81718 57339 83649 93926 -51698 -15413 46185 -82496 64981 93739 -33399 29377 10356 -52944 -72135 84344 -52238 85249 -50751 6383 -90216 -68145 82509 42083 3591 -38849 49802 56824 -31548 -6150 -32312 -74396 -45497 89617 45453 -34021 -16549 -38722 -75406 -17699 2135 -42950 -86179 58102 -36466 -97725 23285 56714 4843 36660 73403 93169 -11480 62992 -87904 70555 53917 12368 82391 73435 -19822 -5008 51859 41133 21849 -64450 65056 -27237 91203 -91582 47431 96414 60244 58690 -53904 84188 -71790 20823 26735 66737 -50669 -13853 70617 99344 -75634 9717 4979 33228 -83125 -82556 -45947 -43431 62975 23331 -49639 12406 18705 -92454 25363 81512 -64326 -68274 25521 72193 -40660 85235 -22999 -97062 85165 -52746 -19880 -65238 70514 -55002 69434 -55242 92670 -29123 -75343 80446 61672 37681 89228 -39829 -83922 7950 76609 -35608 -51548 92288 -38477 13739 -18035 -19117 -96220 -75320 42680 -73817 70083 -18734 -23928 -29626 -55908 -22266 99434 44900 -29024 -59288 75480 75153 -91921 -58753 81700 -26727 -35866 97641 -3568 -98080 82900 57529 -19351 15139 7834 -7977 83908 -76181 -69062 75193 92896 34940 11621 72326 -82927 -11824 9191 -28181 -97885 60613 50984 -25287 -72986 -19016 29760 -7842 -49562 62791 41336 62541 85253 -82972 -49531 22542 -89794 -16135 -18461 66799 -64811 -21335 -14858 -75531 79406 66052 63471 -85371 33319 -53054 1068 -80052 74955 -81492 -92879 68560 -47667 -16557 488 -16238 61613 -29963 -52489 96438 51495 55618 -54012 -90763 66245 -54255 -36597 25904 200 86418 36 13452 52853 74055 10999 57273 -54578 -55991 49383 -9042 -38729 -39257 40840 591 -75549 49077 -34451 -75655 -82849 63870 42021 97787 -49701 59602 77421 -95742 62821 -39577 -19903 -66755 -26483 71365 65394 -60993 -22914 -99423 -766 11317 76515 -53423 34320 95214 -50763 -29179 7509 -49847 -47159 -21380 76829 35632 41243 58469 -39687 -37575 -32536 -45293 23900 -2763 -73123 93352 38101 -57 14342 60510 -33310 91799 -90226 33099 13943 -5111 -24510 -53933 -25478 -34702 90699 47331 -53706 590 62588 -64990 45355 -13552 -9946 -94541 17904 -29486 -46469 -10864 -94309 51420 -8932 -57247 98999 46655 66095 37118 62913 -2163 59588 -28702 25726 65559 -97835 -34794 49244 11915 58611 10612 -25713 -14342 -45073 -15401 57533 -74801 23293 6131 -13980 -88255 -32205 20038 -67336 44035 37111 -47201 -98812 -90134 99760 55168 54325 -10812 -28180 -64250 44305 33342 19362 -44355 -27970 -25340 93875 91294 60045 69098 5373 74841 -1095 35357 13676 12644 17958 54415 41268 60247 51884 -32310 19796 -95700 7108 83710 -72083 19951 83575 68422 -94167 13569 53156 -86502 -77716 -31616 62851 15426 -78494 -78820 -93101 98894 -43667 37259 -31656 87650 17449 -73096 -11730 2810 25944 -6022 9795 13282 90814 -14595 -99986 71081 -11210 -79926 42297 90834 32431 10724 -94756 79890 -74854 758 28817 73589 -23314 -31643 47581 89584 79069 -52630 -46415 -25528 82006 -45608 -3547 60091 67684 14017 50860 35561 -14104 -95111 -27061 -15011 99091 -95638 69270 -12149 7207 7094 85444 51156 -39883 27002 -10043 -18508 -88056 -64423 86629 96449 -30717 -53352 47061 13937 -81099 23635 84290 40787 54096 -56007 -13195 16839 -67396 -21183 -91272 -65907 -13377 -85399 78911 -36897 41274 -15137 85002 28583 12154 95185 -54798 98069 -1331 -21132 34785 -81297 64938 7813 99385 98149 -34629 35608 69562 -24627 50201 -35907 98900 96256 6747 46614 -86428 75945 1021 -48655 -15307 34257 -8041 -42135 -95033 88768 -77827 -94302 -79168 -62958 15154 43989 51547 -1074 57571 -12584 -77964 60011 70007 -45370 -99597 98992 -22943 68481 32046 -3302 -61352 85628 28379 20499 -8176 37411 -1421 98964 24479 -87214 -43315 1527 -14135 8778 -61548 -86471 -49064 95916 10746 -43473 -33486 -20296 78259 -26269 -44612 64854 56011 -32323 5636 33345 56697 -1035 95877 93659 88411 -35878 -39017 -72487 40829 -81141 76755 -60537 -48573 -41712 -2801 15277 78161 10541 -76727 24985 87188 94717 -87465 17570 -42370 -67485 17048 -20975 -26615 -6328 20845 20993 12200 -54633 77001 8391 -64373 1745 -35773 2869 16523 41082 -17906 82615 -89215 33547 61023 45299 58717 28028 29997 -30540 29970 -1870 60767 -28535 79343 -24802 70411 -37235 -25220 31711 86873 -12369 -63735 53993 -7163 -50124 16950 96583 20507 -33480 -92791 97457 -37078 24833 2051 22089 10073 46165 24603 -26234 -93440 -30495 -60600 -94094 25834 10429 22486 -7019 -78892 -19226 56441 16694 -8057 -47644 -21868 -76861 -80068 -16876 97757 23519 -45553 70850 -45484 -84429 63052 54236 -84746 -91527 68651 88122 -87807 49678 -27186 93587 -91218 7228 -2324 4446 -6396 90310 32708 -60674 -36517 95262 -23845 89361 -30953 -9978 -35993 37714 -12566 71625 72288 10800 -4197 -35512 -10358 -52737 -47496 77428 -65886 7904 12680 -91639 65491 79186 75927 99936 -96466 -90348 -31782 22268 -92423 49585 93165 -79374 -81613 -84289 92837 -35639 -19347 53332 97517 74503 -5189 10472 -79606 -79378 57289 80732 56724 31561 48819 55077 92833 4623 -17592 -78936 -77255 43555 -73313 79005 -16564 31697 -43629 96314 17394 -27469 5328 11775 -79945 -18221 91409 -19675 23309 17619 11425 -75618 33884 68516 69846 7050 33988 27628 75356 -99984 -26425 88888 20995 92172 52975 7901 4831 75955 70630 506 43540 -61396 85643 60986 -95852 94085 -2255 86651 -65091 -3305 5937 -10060 57391 53661 -1715 -95602 38086 68272 62222 -82226 -27588 88306 -56989 83864 -39006 81314 -39298 -99053 91364 -52688 50537 84647 -51258 30123 10838 -25086 -95452 -17281 -27061 26139 78366 -36569 63353 40255 10712 -54194 -59219 -82413 -33578 -85635 -7055 -82375 -43303 -76868 39444 1856 -1408 -91550 -19173 27023 -19383 18245 -36132 -44107 44642 54870 -76331 -33590 18957 92213 94157 31162 -10980 -56049 -31541 19330 -21558 -20715 -66392 -99301 -50722 -14196 58783 -31198 -26068 -72969 -95625 95640 76213 -56357 89270 -40773 32265 26053 69120 -40844 -6323 -78481 40843 96011 78772 83418 97862 6506 8428 -18710 30260 25585 -20715 -74962 -46578 -76361 -46639 -3932 -79984 32510 76768 -50743 -97729 -62944 -6849 34773 -1987 -48725 -29867 9684 -16564 40120 -79412 -8443 -44939 63054 38210 41025 -4401 67169 -56015 81867 -68823 28178 44279 57894 -14051 -9893 63216 62497 -84825 51346 36975 -20416 85043 77581 -80083 -55223 45228 -1667 -13415 -5364 36008 -71006 -1226 20774 -9517 98679 62748 -53386 -43604 41044 -46120 -74545 54035 -42239 -18460 39590 99808 49931 -75961 43585 87821 -89238 91979 -85454 -48599 39689 -82952 -32314 973 -50434 -32074 -66672 84439 59043 -54636 -18274 -58847 -73052 80654 59454 -3013 50532 21455 95183 -36518 -86362 54044 92809 -73364 -54547 -83402 35007 -17583 -59436 23780 -49355 -22617 -76229 -77152 -22478 89722 5272 -76899 -48451 -34605 -78019 -12879 68065 -6582 -4987 -48678 -85851 -83544 -15923 -41422 -89778 -50242 -84563 -19440 -22187 -97309 17908 15593 39677 -76944 76088 86702 -73835 -87560 61649 94092 6763 -5480 60934 43925 -20549 73971 -17985 -16175 19700 6635 94360 85578 13288 -37772 96428 -19934 -14662 -20419 -68626 46372 94507 -51827 56667 54931 -74236 -62943 6591 60924 56750 -30033 -10545 -59970 -85562 9308 -19577 79421 -78495 62038 92347 -73004 -93994 9931 -72568 82131 96140 256 67960 -244 80886 61444 -75546 -95472 -84566 97593 84109 90503 38003 66842 -65288 -58047 74104 -34448 -64873 94001 -67625 6037 40391 -62934 9420 31979 -66984 -60168 80097 -78053 65890 30868 -6718 67258 5411 -55304 70495 -115 62080 49024 -2 -61724 -92010 38695 -49261 65525 -28961 30173 50192 85708 -77363 95496 -98982 -97084 -9491 49083 -39603 -63522 73553 66238 66030 66082 -7805 29048 -66050 99247 -65221 44512 64443 19503 -87113 84408 -47246 -58607 -61787 -92003 -87777 69185 73280 21452 -29920 46501 -10975 61399 29328 92681 -66231 -33392 -49832 45884 21394 -67993 -62055 59924 -8341 -76833 -22604 -12266 -51171 88015 -88283 -13182 77444 34145 68433 -93952 85204 -61354 65611 35269 4710 -95822 -358 -88487 -24493 44814 -92481 -54517 -52308 -31279 -96646 9710 -5991 -21242 25071 -30927 18268 4632 81559 59119 -10591 -89079 88224 51932 -93893 -32582 -78128 66348 31774 91019 53204 32399 -13366 14204 2798 80306 -31951 -46460 -90752 -75419 1956 -13694 64366 -7091 13093 -64731 -42182 34958 46503 29011 39158 33342 33812 16077 90843 -144 -8880 11561 82782 60785 63432 -37700 -80583 -45997 2067 72754 -86246 9233 69648 -66451 -63810 55079 -93962 -76883 -74391 90557 -49267 45756 189 -97608 -26745 26352 54435 -27361 74434 97457 17236 -79122 97569 51367 61324 -95956 -43817 33416 -95628 -45653 -13683 -68214 99211 89014 91438 -32799 36592 53843 -15418 91327 -35540 46832 -55831 88288 49301 -24018 -19249 -80753 54435 86463 97522 -68009 -31943 20482 47681 91648 -87474 -5185 -38826 -19357 15475 -66407 47009 -37250 54279 -6045 -75626 92786 7175 24318 -43625 67669 -85242 47954 -13130 91028 -42049 -66945 72362 91406 3244 29349 -97948 45908 -32931 33834 99004 35547 5910 64310 38601 96140 8494 -13039 -385 80557 73233 -60875 55452 -56274 -3646 73942 73652 40194 73946 -51353 -58358 37767 -56811 87933 40646 -99577 99266 -70958 38135 -42765 -59561 -35651 -2084 -45036 -89059 14502 33682 34805 -10124 11961 40294 90708 -21874 78654 10732 27129 7350 67547 29817 31697 -95157 60121 4655 -26981 -15079 44616 -42640 25733 -29535 92432 -26409 50611 -14684 50692 24504 -12254 -61580 -79199 -39431 -6306 66771 -47396 -78724 25194 -15490 -9661 79223 85892 -13557 57208 64760 -58413 31845 83507 63225 28070 -28031 40890 85739 19893 -27534 -77197 79787 -83125 85010 66754 -23681 38036 1128 79282 -58977 12340 16330 -15267 99391 -68463 96135 70896 -69115 61769 62220 29243 11255 -32583 -12274 -41274 -29687 60728 6499 -6783 -16561 -81140 -6102 68120 14251 -18556 -70746 60269 5724 15501 38776 56986 11875 -37719 89432 -97919 -86939 48302 -45855 -7997 93043 32204 -51847 -84002 -71096 3810 -49754 -90133 -77491 98863 93045 -14205 50892 24624 70973 67590 -59306 -54766 -26394 -62098 -66903 37449 -26399 99053 41938 95326 -43647 -19964 73754 57340 -56118 25724 27 7535 45044 -87202 48826 64740 36289 -33404 14267 71680 81970 -87072 -78291 66139 32685 -91195 -28016 -97874 -46527 -48479 -21353 45110 -98687 -81128 -12537 -42544 14986 96019 -36558 -1767 38146 4631 4922 95788 27395 -72651 -9319 -14463 -31524 -28548 9270 -95865 -9547 -35762 53557 -59566 3010 -89277 61233 14667 27024 -29922 96016 5618 65936 83636 -63880 29964 -64339 -87396 64922 -12769 96448 -45943 3570 82653 -21641 63592 50310 -83493 -71928 57104 81109 -59850 86279 39124 -8505 7157 16510 93695 64244 78993 -59744 31416 -4466 93427 -88839 -55248 -77588 -6305 -15856 89440 70134 72061 -42981 46036 -35538 -94859 76575 30319 19011 -10822 -16107 43923 -63624 -76579 -58393 1261 -52186 9258 -31889 -42972 59211 -2802 4246 25225 68126 34218 -30008 -24352 96186 3659 -99337 16867 47110 59780 -94134 25960 -9981 -78455 74668 47477 82706 49296 -73771 59161 32350 -83046 19560 26688 -1789 -2921 -82037 -59845 50101 77626 80354 -27297 -21635 -74840 -19569 58339 -56690 -11119 -45996 76210 -73704 12577 -27755 62507 41951 -53379 36319 99056 76414 99218 -35896 35621 68846 -11829 73792 49518 24747 -28667 15337 16639 13869 -8117 -585 -16313 52660 -90379 26199 -95086 -5196 -14503 -20572 90129 60631 -30971 70038 85694 -44885 67418 -19805 -41632 13223 40783 23405 72293 29140 -73301 -11844 7618 47765 -54197 -63073 90297 -99299 52637 -30366 60561 -85904 27632 6147 81911 -36825 -21760 -70494 -9357 -44816 -5643 55646 21586 22322 -67234 -86642 74062 -87485 -71219 -67738 -12699 68677 -33871 21201 19238 -40043 -24571 61104 -31100 -36982 73858 -81189 72822 -31209 81990 40656 26814 -65005 -54662 -7621 -4243 22762 31199 -11718 5196 -33268 -72773 -41476 -10187 -29125 69911 91688 66168 27874 -18992 -75035 3156 39977 -13807 70054 -1933 22577 -43902 62418 74376 -17667 -60246 -37665 -62102 40616 -3866 -2251 -8375 44884 -95372 76725 96576 52587 -9819 27398 95779 56711 -20986 27874 -5071 31488 -74383 71343 7161 5501 -88384 -59267 39174 -31189 64645 67845 -69182 -49296 7622 -56053 -37521 -44057 94423 92955 71758 67270 -20845 16403 -99506 -21203 -95217 21901 -73323 -34038 4975 55426 16547 66095 87779 -74829 -33288 91243 29159 75490 54631 28226 88840 81806 -35628 -23756 -67366 45745 -8433 87078 -16286 49922 -10859 -89058 35844 86875 -43179 30893 -25708 -2256 87141 5493 -90279 -67845 20975 -93341 -49940 59511 1792 -73582 -94941 -79596 20617 -8791 61422 77683 -91810 72767 -89694 98700 -72511 14906 96531 -90755 459 20590 50151 69399 -29297 50635 -91232 28158 42344 13372 83692 56601 -53312 38675 -18053 -17735 78233 -74344 4299 84454 -59080 -71205 96415 -4274 51599 -38042 74217 44095 53454 11207 16699 5331 77434 -34467 -7478 -48110 12313 27614 -37045 -3527 76635 -6664 84348 38200 55805 6829 -88078 28202 -84849 19133 -66422 -65176 39980 41121 -43796 -29197 -77619 -43997 -39580 -9453 -72089 97469 -49183 60457 -98085 -80493 -28669 -50307 -87645 58231 22709 -18764 -56754 29106 66528 -18799 61084 -40569 13303 6218 76259 -41013 -17778 25773 86717 90626 48840 8540 15771 -83601 82061 -29737 36357 -94141 -48615 84443 74997 -97115 74115 -86486 19611 76566 88984 -40145 -4525 64860 14545 -4381 46990 -59795 2193 -93396 34655 -54359 -10161 -52427 75477 8811 -37797 91224 23438 55006 -30684 85478 -82093 -62909 32797 37125 2326 12503 52902 -72819 -76810 -66902 76219 -66334 -48587 -56419 -80192 -30832 64266 72406 -56381 -15518 -58301 -1011 -78344 -71634 53507 28250 68274 43276 48796 -61531 -12667 62188 -19748 3368 98764 98910 -16514 18360 -30766 64935 64919 -28474 -1029 -2403 83519 -43699 -52587 -1752 79947 -16893 -26556 -24919 -79969 -71327 36518 -74426 80233 39546 74518 82527 -10187 -77631 -43945 152 18003 -50826 34011 -95205 80133 -11361 -62150 -84811 -45978 44866 69888 68682 41525 -73715 80884 55481 -43275 16539 89341 12418 34478 -21118 -73859 40787 -26741 30196 -78957 -31797 140 75836 -64720 -56533 -92685 -80470 -31571 73507 36899 -36081 -48009 -36316 -15158 -30017 -84359 -74455 -70825 -51612 16108 -55701 42005 -45720 2018 -97006 -48725 -99575 33211 26271 3519 -23695 22871 26591 -87886 91972 50212 -97229 10570 73383 74329 26660 14162 -71581 42466 -37809 21906 -1114 -62151 94108 58257 -2174 -99322 26664 10381 71497 26558 80629 -82782 66857 9062 -51361 -75408 30807 -61390 -89043 -26091 43026 37247 35305 3482 47041 -87069 72169 -21408 -73004 31336 2219 50551 -41706 -88277 -40706 75974 -57575 1482 -22045 71532 -13883 5017 -32706 61156 12565 22492 -21747 -71376 54357 60662 -78159 5193 -90299 -15353 88200 79487 97325 -39525 59705 78712 -94643 1425 -34418 49194 -91299 47996 88565 86032 96789 27545 69129 -95945 -39846 -21784 -65740 -11842 73541 -69986 84856 56286 18130 78960 -86085 -67655 44786 -81872 93304 -2020 46448 50437 -73827 -50761 4099 42824 -62722 51933 2567 21779 -97175 21208 -27314 -54085 -69102 -12938 -35354 -82440 56857 -34734 67148 4327 91005 -63680 -10627 -54944 5259 -99096 -63143 -54326 -70356 11004 49786 92669 98373 -93424 44285 85556 33705 19406 -3835 -27557 34847 -97256 -62889 58200 -39207 -47836 -3516 42931 -39499 98183 31986 -21869 -49635 78899 62938 67452 -78325 -98882 7022 -5080 17607 -37265 -14469 -77859 25834 -18342 -11376 -33488 -1071 50448 -42938 80950 85079 -9518 -67987 -93184 -57290 92520 -78638 -20240 -87656 -76819 -60536 42366 -35894 -50350 -77250 49778 -13382 -3624 34540 66406 52806 85214 26404 48443 51569 -96871 -42184 -11166 98802 58047 18960 -73794 29180 29223 -78649 27385 83307 -92967 -49603 -91438 -9455 7691 31156 18464 -85062 50243 -20448 -80676 -66034 -33507 83147 136 -98738 -13503 -75562 2803 -33580 41786 -39219 99431 66355 65465 45564 54822 -15914 -45255 -37329 17498 974 46438 -32139 -69773 98196 46107 18895 5831 19933 21842 74911 14186 -84103 -97538 1653 -26648 -41164 -18692 -14908 71981 87278 53911 87690 19288 77294 66468 75190 -38873 -79020 67524 99901 23842 99310 -38046 -88306 -40323 -40808 -53588 -30742 52082 10153 96193 89416 90132 18277 -12619 97901 31039 -30786 -10796 -69509 -99915 -20781 42304 -26362 39810 -88678 53787 -20447 83740 15026 90150 -43057 -69311 41926 -75691 -9707 1455 -94879 -10633 -24106 -57480 26786 -86508 19280 55806 53008 -5659 51971 88251 -21646 25127 8412 -69232 -72426 -71818 -86571 26909 51030 23905 2815 -19607 17854 -5088 -23996 76584 94821 -7962 9663 -10498 20937 -60715 34149 48184 19516 -60232 -56374 1555 79077 51157 -44926 -22394 32884 -11433 -29650 78337 -93517 98761 -46727 52036 -97269 59608 33031 -32413 79643 -326 38524 -8544 94418 9278 -97009 13738 -658 89679 54700 91081 56621 -52290 70382 88175 6883 -82258 -42725 36159 -65340 7418 43619 24875 -91147 63787 16093 15529 19595 15090 56276 -1804 22785 -89283 98409 71509 -46228 49292 48112 6501 -62168 -1368 -41588 30287 22798 54471 -51834 95410 98915 16403 -81713 75658 -77613 -85536 14768 99044 -37514 -6259 -67703 -65916 45202 56520 9955 -54808 -50865 73196 -91485 6658 41464 71222 -55979 -24654 -47121 -57017 -39227 -49513 79415 -36598 -86398 -62487 -43462 61686 54505 -39763 -33879 -26619 -625 -94086 5156 85695 -92783 -949 48374 -32212 85525 -40607 78272 -99395 4551 60425 -9877 71539 -65786 -50001 -10602 14727 40952 2705 -15296 -63149 56969 -19909 -76316 -64206 32606 -9918 -36445 26457 87539 -87270 -91347 281 -30557 -33465 39215 45670 -11832 -24694 39385 25535 -10702 -35667 -72046 -69473 51692 65610 97511 36389 -97429 -32910 -56295 -5075 -8233 -18468 -62468 38781 -98306 -15069 -35098 16410 7531 99265 -20653 -65393 -4274 -12700 -92171 25743 46049 11222 44350 38946 67128 17082 42700 4042 -92813 77927 -52702 -88978 -40051 89296 54690 -65905 -55754 -67928 -34698 -80297 25970 -91039 -75612 62905 87979 -14533 46849 5195 8713 -45251 55155 51176 73496 -65470 41544 23726 48337 37491 26888 -58193 36157 30303 -46789 83414 -80001 -34045 -58710 -18810 48737 -5027 7137 -54470 51068 -70351 24228 74728 51372 2840 -18811 -21247 -69891 11965 -97813 -38539 -48961 99293 -52092 42057 45938 32792 -98262 23472 -98823 -94918 -15017 -79400 83916 -89166 -53129 38169 27840 -18153 -11270 79510 -79215 -60661 -94441 -61428 78548 -58263 91529 84369 71989 97171 -99049 -78433 89572 28215 -5404 -21997 -3904 -28804 -82482 4425 -27798 38892 30624 62402 -63958 72635 82499 -82134 -85436 -29467 6376 8804 -65499 22282 -16235 70455 93914 -95305 -74395 -6804 -55142 6366 78506 78402 49725 17262 -33713 -27707 -55223 -86682 -39756 89088 4398 -85476 26166 40131 -10437 -23360 92662 42306 -50549 -47135 -96488 50174 -2361 33088 29345 -62838 -37633 80564 45593 -43333 4307 40224 85393 68890 -97256 11738 -87161 -76951 -31943 -12031 16768 55824 -59753 -39937 -64720 5208 27252 -80214 -29773 94387 73975 39337 -10283 31116 84470 -73858 62782 66270 20666 -98173 -74924 -4322 -88391 89365 -71987 48242 13322 30116 59726 26718 75456 -65335 -92736 61855 -66150 -8145 -80702 49805 -65738 -87883 -68763 47417 -59436 44103 89746 88972 -7507 -66883 -37537 -40534 84820 -60837 48139 17956 -99016 -29574 50825 69724 -48173 97644 24943 53483 -10748 32520 -57657 55554 -72962 -9908 40385 65579 -2494 -15402 -67260 -79729 12554 -44684 58429 69326 16296 -78168 -25964 57691 -56779 -94915 22329 -12379 20453 -20647 82450 -70980 -18794 -51891 -21611 47139 22617 -37551 52784 8016 -58462 1051 -65846 -9343 57625 -79099 35563 42977 -37679 81693 -81626 -53386 -21257 71216 50761 23163 90741 17843 -38229 99158 69284 13835 85672 20872 25834 -54950 97001 -32397 -22125 -49859 66555 -19858 -48212 65063 -10187 -20229 63221 21226 36025 29869 -56801 58231 -1331 -5129 24926 -71080 -11511 6457 97312 86386 -19420 -41594 35929 77301 69762 -88725 -58924 60795 49778 -87711 99990 -40652 -29165 39970 69680 -95081 67958 -22188 -67137 -23188 23444 52354 9776 -86744 64230 -91985 89005 -86934 48800 -24743 -97513 57656 -82746 9826 83240 -7112 26597 -40216 25274 8843 -66591 -24506 -56014 6304 125 82065 81895 -63713 -66998 -4063 -31397 55688 -59684 -91335 -42112 8159 57181 -39463 -86092 56090 99354 -77841 88176 -29632 65028 -84625 -73718 77936 -12945 -61121 22359 -36632 -71496 86318 -70207 97170 20617 -51674 -52216 3810 -18541 -82742 -32203 28803 -13948 10390 49836 -96658 -96978 66235 -82757 36762 -30297 -67002 60007 -41601 -43002 -13503 60123 38278 93191 -28461 17539 -19738 -57117 -58603 50788 41219 67084 -36467 99665 69707 99747 -15316 61601 9382 79410 8905 81808 26170 24956 -78394 -7486 -34674 56010 -94788 -55747 -56441 13057 -57132 94447 -21043 21890 90997 -38061 5562 -14948 -97221 -88804 88666 -46839 -62447 58627 47527 -95832 50641 -90055 84333 66765 -85424 13332 -21195 18826 6583 -82291 69063 -18272 -21066 -61818 18387 31921 28160 -34616 93344 84986 -14833 -16612 -31892 72664 -86238 87276 -25514 -53853 68113 -34835 -67247 5003 62331 29161 56944 -62353 89824 84898 96589 -83965 92600 13474 16097 -4662 -29839 49660 -41113 63047 -48501 -19842 -39392 79283 50620 4922 54005 -94960 -27339 -16254 -44422 93814 76127 54656 -51968 80589 -9099 -54251 34581 22896 46260 81906 -41690 -12345 19715 -48061 -34956 33941 -74150 -41983 -35440 -94837 26197 -39066 -27324 -10769 -34843 64908 78052 -45423 -86768 -52607 -39706 10914 -18676 -73400 -53151 -60015 -23160 98746 24690 -33546 -94327 66079 49437 41226 -1877 -49962 87323 20229 -58769 -85591 -36632 -39667 -9077 -88250 -15013 -80962 4795 -87365 -67097 -34847 -65378 -14369 -74876 -92571 27789 85782 -76466 -4150 -6547 -14995 40070 30720 -85807 54078 -30067 66213 83046 -86282 -28334 -60184 -60072 69773 80114 76975 -21578 -10638 3094 -19902 -81333 -79370 55644 62700 -59034 -2656 -2413 -77035 -65502 -15919 -39033 33875 -90669 27485 35496 -80242 53717 -76110 -34603 92089 -9492 -94410 -8434 87564 94753 -41485 91163 80509 -18719 60233 -33434 99778 -82074 61605 86896 23325 -71144 -12658 81406 30342 98299 -17671 -6167 30070 -68208 2848 13310 -39545 -54471 34987 65624 70288 -65538 -27211 7369 -35504 -95425 12875 -68457 95293 7615 -64839 -80487 75991 75536 40627 72264 -4400 87727 13398 -37754 -17177 -65548 -97573 -99796 20115 14248 -80822 -18037 -89111 -24197 -59671 -85651 -17583 59152 47424 72892 1034 31328 -6021 75020 70953 10108 56146 16757 20739 -79724 -19765 -50232 79789 -43436 81596 10745 -93714 32432 -88981 95340 55415 -90053 -71346 -88431 -79383 -25412 97738 9471 92082 -74821 -86878 92068 -43232 57260 -60993 27296 34597 37481 31292 46085 -74267 41020 55687 -45703 -89969 -26325 2430 72083 -69963 1155 -36279 45454 37103 -70146 6859 33237 24029 85525 40420 92377 -7642 -76775 38266 79583 -7405 10223 56208 -88007 -8113 64551 -90776 73235 54983 90 -12425 4926 98901 45963 40589 98880 -57975 -334 25471 -53837 37365 -91015 -96846 25611 -59083 87312 27999 -58950 -99534 89793 67332 45222 -70571 76484 75313 -23877 17291 -59541 65747 -49365 20089 -44745 -7802 10094 -25887 -95348 22188 35205 -41469 90619 89905 86626 -92455 39846 -41818 -86967 4948 58246 16247 36428 99292 56871 53090 64839 49342 -2684 -72936 68177 -33073 -9120 -25536 59270 43819 -46412 7914 20967 -79177 -31786 1589 26041 -30941 47928 -90741 13976 -668 38112 35031 89588 9539 17819 -2331 -82075 47112 -11493 99980 28824 -73529 -77979 11408 -20223 -7116 13013 -88089 -7962 75332 59284 -4201 5427 -45676 -20394 -34740 96738 -76563 32064 -87203 64055 71920 15054 -45078 54291 -61582 -95738 88681 -91513 -64688 -8383 38742 -9271 12335 -13157 98816 -43920 -37026 23136 84420 24995 26383 -36573 -95169 77474 -47554 -73937 -771 29796 80228 46070 26100 -71618 55164 -57824 8969 -71758 -2698 -25768 43526 25957 76501 -59708 -96692 -72869 -62362 -31155 74270 -84906 -63694 -1709 -23959 -11653 -15786 -93767 72540 -84847 -10320 -22461 54627 -91781 32981 95134 88724 -90437 74538 47741 53656 44327 -45269 48906 30017 5241 65439 20127 -37897 36428 33694 25387 -64583 -18773 -1038 -74468 2690 -43755 -96542 -46995 -26049 -34796 37928 -42391 75965 -84418 -92791 -92159 52113 -79167 -23703 -41436 -17982 -58741 61242 -19465 62126 -40748 -95344 28902 81310 87137 -27129 -72119 14736 48935 48477 68774 8207 -17662 -28835 8348 97813 1578 -59995 34214 62319 30163 81715 -48973 -5830 -73844 36805 58764 -1016 -58905 -61917 -11703 -59314 18579 -14198 65633 5964 -85402 -98904 -56501 -66604 -34513 -90207 -66015 -41160 -24772 -89788 -2408 203 94920 22710 18387 -73239 -51646 -5778 -79339 72831 -3278 35963 47814 93090 -88602 -31214 -73185 35420 64898 -56483 32866 -96861 -11706 -81794 8218 5526 13078 -88611 86028 42152 -69916 -52894 -42981 51812 -66684 27873 38204 45051 -22952 -27802 27380 66432 61012 -91180 53015 45982 39 -49222 9127 -78268 -14440 -63159 24161 2475 60301 -15338 44614 -26115 -20636 -20588 -59290 -96116 -62055 -58038 -31967 81949 45575 -60894 -34185 40691 42664 2993 -49827 89842 -81519 -35953 20977 -38473 21117 -79864 -21303 -3795 -89107 -40660 -80686 -71196 39727 -91725 82309 -60023 -317 78007 -215 65492 53921 -68075 -30906 -68143 58410 99815 -34847 75515 50406 7156 -98321 463 -77647 -93575 -30874 19066 -75747 31429 48862 95129 -67457 -73278 52086 61386 -67180 92319 -17338 -813 72433 77352 57090 -62509 -20367 90391 27455 7272 46853 44759 75396 -44577 -24118 -83382 -88133 -42211 -31361 -79423 -26362 -75558 -48094 98081 -81712 35180 -72830 -70937 47421 66066 -72850 -18197 -97455 -10397 -77475 82822 84516 -39325 -58955 -17460 66772 -69632 16637 53944 75248 -99416 -18809 -18258 18080 -89893 31683 -5324 8547 -99642 50084 95256 -27939 -87478 1291 18813 -73762 -22428 73168 31945 20265 38037 -44247 -81857 -94290 -48113 -72588 -31141 -7282 99997 2165 -28758 -17502 24205 -67194 -60031 19990 -13984 73381 23836 57193 -29537 -85673 19274 90224 -29816 -92837 -41677 -43692 17895 -30394 -32295 62068 64466 52208 60809 37695 17907 -99027 58406 -39793 -35268 59504 -72070 85603 -40032 3071 96030 61185 -24258 -76679 -51287 65171 6043 -21236 -81438 -98870 1007 -95564 -41241 -56004 11838 98988 18207 -8094 -38725 -82864 84241 69320 45889 -88079 -8857 28165 3961 -36709 -77039 79686 -90508 -78710 -92984 39937 57958 6443 68823 -12892 -22582 6694 -75195 -56551 -15558 -40792 3853 -90182 1843 -24339 -94411 -83895 -26364 15557 -23822 36592 4860 21604 57142 -21274 47176 -759 66613 66763 53061 36007 54912 -28795 33370 -33854 35467 -81823 22500 -96823 70297 -35392 6244 -72075 -93353 -85960 19537 22824 -98970 97524 -81173 16528 27478 -41824 71401 25953 -17896 50503 -18750 56112 -48286 -47049 -90307 16432 38361 -72930 -70994 -80631 15960 -72050 50402 84415 98939 10920 -86349 -90428 -27115 61504 -93806 -55377 -75666 -29732 -24865 -23001 -77421 -6500 -12394 55168 10854 17373 -26778 -40375 -39087 -38843 74479 73534 36049 -20560 73957 48019 91473 6734 83850 -10230 -1951 -57595 -40018 48780 -71453 25841 78181 -93049 -44657 90551 -38622 -5577 -36088 -99669 98478 -85476 -18442 61793 82120 53529 52990 -52784 854 64236 5964 -8778 -43785 88571 1166 88124 -70726 93908 60806 25206 69764 19633 -38302 -72798 19127 -43257 48879 -20455 12086 82052 -59427 -28422 32794 29843 88130 89471 -60092 -48599 95625 46842 -8512 37902 -1403 -13605 73344 -36141 62984 -59778 25610 72715 1718 45073 18813 74007 -75754 -31639 83841 -79489 -36711 -28308 51128 -47372 -67397 26250 59635 2372 15427 -91250 12833 -98462 -4241 -4622 46595 68057 -73453 25224 -39970 -16263 21244 59260 -67154 -68951 87984 -68166 1865 -64283 -11132 -93578 3076 82842 53996 46091 60526 -50722 -2746 96639 -31063 3061 -20764 5027 -45309 55329 40278 81918 56230 17404 -95916 -73359 -22413 73703 64730 69316 -14106 -5465 27402 -98714 -39503 57103 88049 -37783 -34323 73386 -65313 24633 82351 -74032 89871 41822 3579 4211 95917 52881 -60438 -5073 -15549 -66932 58424 69987 -85644 -13684 -93746 62828 -54482 2087 -85950 -98141 -87440 74801 -78974 -70879 74909 96568 -85481 -78199 -14356 11184 -80653 8863 -81541 53465 20501 -49530 47286 -32387 -33840 95818 63444 64312 34813 -78530 -63479 -77004 -39447 -99683 -87711 76315 93952 45763 34217 -63317 71744 -49349 39161 -20582 74591 -1573 50199 63708 -86569 78363 79988 85831 46980 6137 25324 -66483 -48451 76647 -42839 -80712 -83914 -30873 74408 -31213 38734 -67266 29445 77280 22213 64652 -35771 64661 8185 -4893 -16897 89960 9836 -81595 58836 -63692 -66853 -81172 39017 43380 -64292 -63376 -94497 7653 -44078 96780 -78606 37959 90641 4238 -24652 -68132 26011 770 -83450 67268 65071 64464 88163 -41451 -92383 -59225 -50301 8387 -31371 -69494 80953 64572 14390 59266 -37416 11034 32840 -50382 -16935 64018 59774 54942 -82667 8483 21227 13914 -28194 -96080 -36084 -61375 -40931 51364 74700 -82247 86914 49833 92459 -40200 72646 -52896 -10008 -63322 39896 -60892 66479 5466 19070 -73340 -54175 -245 57943 -36980 20874 52876 -31832 58601 63740 48812 -15883 -56637 -51110 -17943 -51500 61193 8652 99652 -32560 -32330 -21020 79253 36377 -27013 99262 -34906 95820 65097 12514 84412 91273 42116 14035 32985 -70386 -69552 -80500 -18968 -41656 -42122 -87854 11696 -32496 -93627 58598 85476 36247 -93571 -15989 47307 30989 25542 -77672 -12458 -16831 84152 -8847 55670 76899 72996 81994 -85375 67853 1884 83134 -56248 26218 39106 25544 59843 -86334 -54981 -6590 51291 -74318 80381 -60168 -95855 86972 91296 -30152 2282 -38296 22674 -55881 -69531 8123 -53186 89918 4029 3618 90015 -94105 -43281 -61791 -50124 -15065 33358 -22154 -81004 40297 -98240 -54069 63182 -16251 -9638 72463 62328 54518 48839 28374 22791 -40394 89133 19374 49750 -48733 57718 -5889 28153 51748 -17202 -9230 -82318 47935 68690 -61714 -33191 88695 18343 -29369 78832 -77629 -80734 -83120 25694 77056 -43227 2633 19551 -96893 -42743 86250 38335 11594 -61093 -6900 3009 71164 21377 13008 -72717 -72891 -57974 -4378 45651 -23542 91440 -57960 -46185 -45475 -91970 -96221 42355 -88737 -5236 4314 -34661 -91592 94804 33213 83351 -61686 51529 -56450 64700 -33744 67116 46439 -63479 34029 22248 -41496 -55099 -70998 -89693 23655 79032 87726 36762 37564 -46857 -78183 -54972 66901 15705 -39830 87766 11873 -7425 99884 -23818 42808 -8528 -60849 -51793 -99300 23716 -64942 -98274 -83208 61791 17753 -94100 44288 -22686 -63895 42809 23198 -33576 76533 -81819 14519 78751 87819 -58013 28466 60714 83026 12691 99763 -45122 64950 3694 -14476 -82640 -58840 63763 91724 91539 -14216 -7336 -12963 -76046 79420 85959 -94892 -95197 -4728 -78828 -91516 34551 -69899 62122 -20419 80522 40973 -32908 86124 -66210 -66230 12532 -54670 -45476 80901 -87507 -96627 -45001 9666 -97185 18436 -64704 -66182 -36921 -15527 -89963 -59750 95513 71493 38661 -39467 -99260 84914 -50087 75549 -28771 78993 -62684 67706 -28000 -48228 19773 -13258 -46336 50554 -69924 13965 50242 -62894 46868 -92100 58898 -70677 8933 85982 3913 -42036 -67502 10632 11745 60489 1059 46317 23535 90549 77226 -19902 -97575 -34797 -45908 -99623 -33352 -2006 -27006 -33750 -83150 -95055 2115 -73893 14268 2489 -30819 52119 21716 -98876 -91971 79772 43287 -24661 -23938 92514 -13154 44788 -92799 -73824 -13702 91069 71938 -75100 28399 6750 -21534 -62591 52072 8233 81744 -55446 35195 -99058 53708 -66027 -22479 -74862 -68800 -5978 -98408 -16677 -95239 71494 59866 6941 61291 50247 84833 8974 -74122 91577 88439 -48844 -67974 -13519 -57420 85690 -13121 -2357 -58110 83011 -35894 82535 -57363 -65093 73188 44881 -87418 -14966 31915 43720 -49378 19546 69849 16669 66714 -20266 -38393 -8291 -28955 94032 -84988 83354 86938 -19767 30271 6062 -54293 -10907 95600 77305 -47970 56190 -4544 -87751 -72079 -77209 -69640 -13594 -58277 -14901 -16286 32788 79785 14139 -52400 21375 16739 84582 42423 44747 41113 -53556 5347 -89415 -42053 -78384 16692 -27553 39336 54026 -95102 -37620 -94790 -33224 -5957 39893 33038 -98166 85257 99029 55454 23441 -69137 42494 13185 -82329 -18866 -65594 -53314 59686 -42279 -3537 84161 -13891 81440 -22663 73212 91585 -4457 56306 -52539 -88152 -14544 93057 -7561 47727 6632 16118 -15805 16633 30004 57178 59192 -76862 -71957 78421 -50620 17759 55298 43721 -41410 -95197 85767 -19928 98862 -13136 22615 7919 -62566 15908 -34434 -14766 79000 -72716 -76993 1989 -99852 44047 49419 -6507 39096 49538 21833 -89782 98316 -71418 -8608 72831 -55989 -52411 -69516 -46232 -47199 -669 85944 36758 56006 -1444 -84064 -97965 34747 -48683 -28619 20195 13410 78457 96172 -81558 -65946 76061 33061 66624 51459 35323 53803 61855 89142 -40419 -98156 80056 29983 -26399 2346 -72257 94111 -69373 96006 -35403 91503 50011 58414 97946 67524 25611 51340 55817 -66800 22302 -72440 66043 -13922 82435 3271 -87249 -42242 -44623 36544 77409 27337 96128 41821 36066 77374 -7524 -61849 34576 -4187 92383 68483 47016 61159 34245 3957 34357 70908 -72497 43157 -32313 -38434 50833 22530 3790 82630 -36374 -86591 86585 49022 -97757 69096 -98932 23277 -37816 30140 53980 -25402 61344 52671 60359 90841 71305 -22093 -27466 -18045 21256 79305 68446 72871 -33769 -18812 -27358 -71080 -88671 18463 5642 52445 -55342 94988 11685 -64495 1084 67838 -9990 -25338 71493 -39114 -21954 18470 -7028 48910 -71393 80715 2499 -91875 92316 -32074 -34598 -10639 51976 70986 35108 -45133 60229 35195 -13652 64280 66942 86290 48817 94189 -85794 21127 58852 84561 50026 12511 -4612 32719 -17627 18081 33008 98267 -41550 76143 30254 -13527 9220 74587 44747 -81114 -800 25030 37953 -18884 -42831 -19631 77522 -89791 28138 81777 -44814 -85113 16093 70959 75617 -74346 80017 22152 22079 1694 -75379 79853 66939 -49326 -17083 72383 -93304 68276 64212 -99314 28957 33133 40143 -42875 1687 53058 -58916 -61042 -49996 -48260 87564 86542 31348 -15708 -25938 -96420 -38056 -50431 7165 52475 54107 58339 -10853 -65948 45314 -12698 78814 -88670 90853 -50903 -41225 -77193 -63760 79144 2915 -17408 -48733 -58418 20220 -37637 -17801 82022 75892 86368 -13226 -68836 -25356 63334 18094 -59138 -31191 55776 80873 -85941 -50618 -63390 -66456 -35599 -29787 26373 27743 -80382 -23448 11118 60531 -13560 -91249 53397 -36292 86217 -6431 -17696 -3493 -9645 82154 18354 -89015 -60993 -90366 -89264 7761 -70234 23277 -34076 -80694 -48996 9602 -18953 -30408 -5509 47745 -28147 23236 2663 -70860 -58026 -71747 44445 47776 -34652 73716 56518 -75556 66427 -61340 25203 77472 92000 98135 -96259 9701 -14822 -92223 14715 92661 6227 -72902 -59676 -55734 -60828 41826 70160 -37909 72023 86145 65760 -93075 -4401 1241 -22394 -25738 9903 46135 82184 -7541 -34901 75951 -98854 -32715 -2750 -3080 -15106 -10842 52210 -12714 -86616 -66951 6926 -44360 84994 -12750 12383 -98265 31000 30658 27740 41279 58785 76204 -18312 -43275 -39159 69389 -64112 27968 7464 -49750 51142 89576 57446 -83821 -31094 77832 7757 -90729 -92337 36197 -53353 82002 94467 -35985 4939 48260 -1163 88973 73196 -62744 11173 47537 -95446 -51833 79740 -51828 -60765 -83729 47911 16425 -1820 -11615 77350 -93875 4966 -72688 20039 58727 -90267 13159 68642 21171 -93772 89086 -82400 -10671 77791 -71737 -54742 -89862 -85367 -45682 53097 -45268 -33716 -18908 60328 -91306 19825 14406 57060 24682 -57115 -69983 242 -52205 90872 -80631 44503 70146 -49239 79796 -37696 97895 79899 -39389 54185 92596 66513 -80976 94153 56309 -58698 51517 -929 70079 59751 -61541 -70515 -99359 -11611 -41192 -93475 25930 -77707 -58157 -54560 9551 -88957 -85410 46598 -66989 -61905 33932 -38874 71015 21452 16516 96241 -26670 -52334 19022 -85807 -17278 -25007 62646 46712 -15025 28712 92765 41945 40365 16630 -56349 43525 -61912 -83710 4918 -49271 -60488 -58376 81658 73077 35936 81850 95898 94643 -93238 -79251 -56114 10465 51237 45073 -86102 -23680 -32186 9041 84468 9861 -4140 31930 51937 -15053 -63993 94158 -29024 28731 7047 -96555 48864 9303 81564 -94900 69538 11828 -30461 15334 -59202 82131 64529 -32610 -10178 -53630 -5159 20857 -42978 18764 44209 22101 82158 -34304 23018 29714 43513 40600 -31614 -96305 15742 -99055 82683 83259 58859 -28543 9203 -16617 25450 22711 20101 -86143 13765 -77347 -62702 61172 34729 31105 59034 18951 -59851 43067 -19701 -59351 4566 36958 -83931 56956 -64261 34388 -61562 5134 80098 88627 -81335 85453 68795 98152 -999 -32587 -68666 14701 -92962 -99656 -10451 -48652 29157 -80461 69208 35253 11214 -91277 -12263 1501 91008 88019 4285 42279 35086 -97227 -47239 -80530 80873 68104 5230 -909 -19885 23719 51317 -3614 66718 -83195 -62160 22215 52734 37284 -49954 -67701 -54334 99484 99689 -31184 -64994 45921 79494 -5375 -37551 -2199 76227 79746 -29206 -78188 4572 -95279 -77785 51205 58317 -77560 61692 45849 78498 -31399 45796 -94830 36918 15342 -99275 84144 -68935 23544 -99692 81441 34857 89775 79610 4959 27376 -73059 -3788 -55291 -89669 25709 22511 70096 -72878 89932 -85630 23548 -25228 -84739 -25293 -40732 -41034 11320 43648 51777 -2222 91892 16034 56527 -566 18755 83341 -60241 69900 -23015 8078 -78179 75556 -85920 -14141 -82338 -75990 -90828 49593 -99867 -86567 77285 22941 -86631 -72177 30119 45561 93177 -5072 -92639 90451 -53702 -96901 -2423 -87399 -61046 -8769 74359 -24224 48203 24140 -57146 79852 99912 64291 -39800 84374 78960 61946 -53960 -91408 -78528 -96866 76838 -54872 62557 23383 -4455 63675 58085 24092 -29475 69980 20773 76801 81619 71430 73962 -12506 67774 -39689 57063 10694 -15775 55977 96208 18307 96128 -18936 -33309 99252 -56222 -9154 -60325 553 73830 77787 78378 61358 94510 -32389 75361 69987 -56546 -85278 -26263 -78142 6028 -25495 -70376 -8453 88429 -44638 15556 -23527 -89684 78241 -3953 -75642 -50807 -37516 20216 60592 -39767 16429 11084 97026 3671 94396 50321 80022 59364 17255 -563 39874 -69797 94916 77225 -1244 -98742 38988 -16053 -9952 30130 -76825 20011 -21047 56949 72308 -87829 -4797 36568 -21809 61318 89685 2495 35322 33468 -79332 -27901 -28468 54202 60505 -90861 35138 -84713 -44572 -11550 31942 5059 -55195 -25749 92538 -88168 76644 -6811 16447 -33024 -30392 -13308 -92972 48095 61796 51404 46235 14487 -45185 -52117 -32252 -1988 -36171 -16811 -61895 15704 93106 54970 -71352 -74527 -69444 -76268 81266 -85122 83799 35812 -2496 81661 -81434 40046 -34389 7574 77584 11226 34134 59827 45203 75194 90552 -15718 56357 -41706 -56498 -79978 -36361 -6423 51225 8017 -69123 31093 74591 -45042 -86285 72774 19003 89586 82046 -47948 70613 -27910 81713 39428 -97820 99062 -89544 -59053 -61255 72135 9732 -30611 -59403 -9254 61534 29851 73723 -64805 -97731 -12195 -12999 -22272 43301 -57017 50588 35540 26949 43671 -73267 88288 59845 -63062 -83160 98888 -26097 23334 79068 -33052 59607 91063 41514 -26588 17141 -20033 1344 -98710 -22749 -54254 53060 -35012 19451 -72817 26296 89022 43562 -33921 78833 24372 -52751 -78870 -31252 12665 -79415 20065 -51985 30820 -11932 40335 -87569 -28847 -9786 -62236 62922 -52570 11103 16920 12161 62444 31976 35914 70146 62178 19275 54582 42019 37557 20855 23375 -13323 -23140 -26919 -13652 34407 -32371 18468 98835 -22690 -81840 -38238 -27219 -98880 -69710 60007 -64297 89280 52370 81383 -44155 9039 -99145 81209 -13939 57829 14024 -52291 82290 18930 -12739 73930 -83222 83054 52418 -45265 -34157 -1203 -34674 35249 58024 -92865 -70933 -59841 -26914 38409 -24936 -22770 25441 58347 -36455 10608 88421 75396 -8387 6725 -68849 -81674 -5591 7372 45329 5399 -64321 84878 -65314 83824 -37087 -83720 21985 -92601 72290 9809 -12106 60771 -33854 35912 -92068 -17143 -39165 -73225 -708 -90792 -65575 85219 -65780 17837 66636 -21485 -36751 -34968 -86143 -44116 15342 76997 -53794 70543 87558 96728 28991 -82329 40744 8490 66656 70053 -57545 -25480 -21815 19687 -7687 9674 -50703 -83582 -72438 -65905 63983 -79946 -45026 42504 83116 -96241 28855 42746 -51239 46172 27998 41450 98783 -87551 3572 9104 -79664 -16389 82703 -21669 -9110 63207 33866 -13144 34638 5209 -1248 -39275 -7295 13511 -14513 85769 -22286 -79053 37072 -92470 -56681 64752 44435 78432 36906 -53857 -11241 -63428 -80070 -55080 73742 37183 84784 41635 -63 13454 53093 -89120 -17136 60813 -28563 2266 54490 87368 58787 37881 99539 -18692 -53966 40734 31466 -59021 81582 39622 -24880 17705 -90561 -13928 -59599 -88346 -36419 -79227 75597 -42270 76820 -56074 61716 41662 45618 20658 -76100 92306 97824 -56068 -45052 95505 -58229 -95603 -45477 13402 44 37090 14421 -23197 -66766 16003 96339 25969 42906 2027 -64300 12061 41972 84137 73907 -11415 -51201 23522 -62244 38723 21312 93668 -721 -92382 89367 -36246 -60798 -98350 32598 26647 17660 47073 -40625 -29578 14723 -79030 94873 -98098 6614 -52290 74546 40757 -40347 -41839 -30280 67177 66015 -9046 97760 98377 66884 84611 -3456 25918 -36372 -10314 11486 -54522 -49438 70492 -66166 18730 30995 68904 87129 -90418 -85337 -33234 -13337 -44172 -10960 39131 -6558 85000 53096 23160 -42767 -84036 -67015 21185 -42164 95419 66732 75426 -66822 -55379 44377 -9719 17484 -94063 -18165 85909 -57213 -33265 -89053 90532 -60051 -13212 -10298 -11460 -23885 7622 36632 58239 90434 83595 79289 -41559 51742 17931 20103 70195 -89860 -23146 -72668 -72737 8939 24958 46255 40886 -81872 -5710 53035 10449 67152 -25160 4788 69063 20648 -38960 38319 2492 -10013 -355 59573 -97336 -22137 -26983 34978 75952 -30648 95593 75933 13046 30931 95589 -40161 -45676 -50870 86562 -53255 63473 -81504 80823 -57261 -25702 42702 57887 -13415 -7659 40158 21962 80741 14742 -92395 -97229 72815 10950 -57616 -37307 77574 61209 -31378 -18005 52748 55406 77600 -26849 -58146 10559 -28018 -91670 27977 8156 -93700 66771 45532 55882 -15319 -45912 -84492 -77680 -66242 88328 -87627 -40915 -35790 50975 34127 -92414 81878 -69243 -36738 89096 32266 30758 -76114 99022 -1454 -62308 42686 -41320 -35053 -6715 11228 44107 63724 -86016 -15991 43685 -80156 -89988 41778 76596 -95567 -69337 -4061 -42732 -45813 19809 -26546 -48167 -14520 5828 20163 -94448 -66104 66695 71950 17926 28714 -56562 34086 20798 -81419 -16436 -130 -4103 59424 13114 73029 62791 -3507 21289 82672 52402 75057 -22453 -7344 29667 -10706 48989 -10016 60329 49434 -2782 -3571 -93336 -10188 -15010 70011 -37087 80442 64940 1378 -64871 47626 86142 65555 -78247 16159 -69923 -21261 34728 -4435 -24967 -80520 46579 -41212 63648 -9567 -57938 80796 -17963 -65663 93743 73751 -3800 -62405 -83824 18786 75305 38830 69146 31236 -57001 99048 -80521 3379 70423 -17861 -74760 -82409 59976 64929 86061 -51510 -75743 -21522 -1889 28825 -22563 86262 -22444 -16200 -60956 -84260 -46389 -89419 74277 -64477 24148 65328 1114 63306 -31298 21433 -46920 -93257 34452 91536 43374 -62907 -21308 -85140 -50572 91046 -5005 79098 -36568 -54831 89660 -75997 -55820 93417 -25416 -25097 -97481 93144 84086 -54682 52765 -47499 14428 -38775 -24093 68817 -94219 50963 -34329 -76340 -53855 87840 -76787 44619 -89832 -5183 88333 73025 -56807 -7310 25357 49861 -16904 52829 48946 -83974 85442 -92945 -25993 25424 59327 -33708 -76789 -64270 71812 -37959 -59665 -14824 -20704 6598 -97860 -77365 45147 55804 -77203 -70154 -46536 -20674 94253 91329 -38861 -31321 31686 86136 -3822 23992 -82001 -47013 -43812 57504 79731 63424 13353 81379 -53888 21027 12072 43358 9055 -77145 -51335 29387 -37290 -23885 -66334 -69597 -69460 -60485 -93205 -56635 62332 -77373 82402 85533 -46570 31728 -78089 -41335 -89662 -75812 -23978 55206 -19963 46928 -90990 -57333 62024 37795 57901 -86698 45768 42878 69011 38489 86491 -81588 51623 -425 77584 8048 -20827 -5506 -58638 -50649 -69324 50020 -71769 77236 50921 54689 -90536 34516 -59608 -81622 75821 -43125 -49617 -15869 2906 47217 90595 82503 -45763 -75332 15939 -60257 -38788 99328 12995 64112 4515 28204 -85887 -21253 86522 82393 -81858 26945 -77697 -97025 71756 -42943 81085 43618 47636 -75819 62105 -69813 32692 99945 25603 -23830 -90624 -15836 -92090 -70636 -37300 89315 -46012 -58348 -93990 -34722 -28583 -30925 55303 -3562 12685 -92708 29262 -79916 -32864 36116 24453 2457 -9575 -84787 87580 30006 18957 -9100 96905 84381 -59761 -6124 85464 71185 20385 -60147 -40730 -80275 -1086 98156 95661 -45220 -69153 3383 -93158 -48660 73576 30407 68425 32076 90865 -79859 -75667 71003 76119 95128 -85616 -17304 80887 97931 15211 -91879 -50726 99149 50296 60446 -617 -46057 -84159 11287 4580 21021 -94046 -96417 -9463 55664 59262 -26354 5538 56552 4046 4128 79941 58492 -35626 87620 -64105 -35035 -42800 80886 20905 -84463 -92324 29277 -71663 94561 78570 -16565 37080 -97666 -93072 52043 29887 -82776 -28081 71958 -87271 46653 10325 -48121 -34556 -52131 -43323 -21816 -43509 -91972 97300 6489 -11488 40121 28692 -23151 -25206 82412 42007 81795 37923 44720 -49485 63330 70680 -55147 -36192 22715 -12167 57229 91945 -98635 51459 29208 -51109 -62738 37521 -14797 42014 81523 -62939 79804 -2001 44287 -11483 94693 -28081 -6658 -17066 -70490 -44537 62584 -70029 51024 10319 -93727 -43699 -18521 36153 -56721 96868 -38341 12294 29921 42256 47009 -45948 43604 86237 28199 -48763 3909 47481 66437 -49535 -61892 -36948 39432 -95545 -91469 -32341 82153 -38295 7793 -33065 15075 -4555 36022 -18420 8343 10387 -28311 35597 12913 93477 25727 86571 -30335 -74240 2996 -39474 28738 -76843 -65850 -89883 4943 -40235 -72304 19897 -12727 -9506 -55787 50756 15938 26036 4763 -90217 -68063 -31803 -6060 34581 -20856 -98723 34447 -72884 -70926 96424 -29390 -33661 -79167 -3040 15190 -53269 42620 -70445 85266 -18314 86474 -43855 84300 -583 -82058 -80944 8547 41300 -68 -68998 -73267 -19543 1374 -91861 -48031 -1682 -80043 -76583 35371 59272 -56382 4771 96219 96174 -94197 -12746 -10426 -10927 85933 65307 -29322 -625 -8083 -32313 -54006 94385 4396 31276 -35303 -444 32791 97411 -33025 -39320 31028 18510 -76536 -30029 -92842 -47989 -23960 77382 -28515 65645 79828 -17487 -26387 -11405 48532 -7155 76834 7551 11147 -92486 -97675 -39479 -98179 -77394 -75695 57542 8440 68698 -63911 -60104 30166 -60721 -42185 37013 -1327 53891 23621 -29992 80091 -67046 81002 -74051 70822 90521 16660 94969 -45563 2388 39036 -39247 40268 -3622 72523 -85489 52288 -14844 78044 65408 18223 -94370 53480 -49228 -32199 -92299 87731 58482 50363 -77708 6533 79037 -5441 -91310 42501 -70246 -81746 -50461 7968 81712 -31941 97557 -94950 -36941 -27885 38331 64723 -33971 47318 -28694 -50502 95430 24220 21478 -91106 -95911 81149 10094 -54722 27668 49531 -13303 86785 73216 51101 -12081 86077 -67464 -20077 -52488 55692 -6834 -33131 -25266 60710 96306 1502 12132 51016 -13675 -23012 -63774 -77837 94480 97021 82636 24776 82273 83020 -7272 14065 -65808 24427 -10138 -55814 31201 -97967 -96859 -70575 8766 94639 88338 -82479 69964 17134 -46340 -28984 -19775 20838 52033 73609 -25402 82746 96939 -16395 53375 -51732 -38596 -17937 76727 -69186 7296 86542 -44200 44390 -40243 -57452 10773 -26993 91964 34844 58870 27511 88333 -76119 80055 79180 -87893 -86100 -76276 16643 -96655 21930 45801 -72883 -67114 79068 86674 63306 -25585 66792 71997 -11437 17565 6178 -80367 93375 93577 -37240 -89264 -29068 48447 -20901 46654 -26116 -76443 83200 -24392 -54457 63975 84973 67012 -35716 -17849 87075 -8091 -60743 42036 -47048 67748 -44093 26719 -55702 76817 40215 23699 86894 -5837 6269 72605 28960 50413 45437 -67312 72896 -45442 -87344 -63687 8674 -14616 -815 -28193 67042 19629 86378 23825 -74871 -78297 -10438 35700 46898 -65948 91041 91090 -83026 37544 22879 -90164 76983 36772 55850 -27230 -80867 89146 -99468 27833 90768 51220 -68327 -69592 9189 -68736 -80059 -21174 5206 -32420 -33263 94 86795 70299 -78576 -72980 52706 32341 -36792 -84179 98771 51143 19925 -4778 -20457 -54790 91747 -20839 28313 -44193 91803 75772 35314 43294 70796 -11793 86240 -51575 -36777 30297 89167 75402 26577 -23351 46688 76867 90844 29913 20191 -98759 -85187 22882 46884 46935 -68280 65813 -61456 -10704 -36495 -54758 -12356 -75146 -58889 -77312 96861 70342 90599 45471 -91927 44337 -57159 97907 -56484 6478 26635 49882 53500 -84165 61089 7243 74548 6396 7987 90845 -94880 -61097 41858 12821 -5474 88462 -46714 44000 -43637 49709 69499 -5364 20423 -83438 7445 -19406 5516 98701 75280 38834 -64978 -71579 88031 -99694 -96363 -50477 79010 95304 23834 -97476 98447 96415 55643 -94449 17184 -87772 -35521 27774 36364 -84069 38342 65548 34249 97084 92198 9292 87065 84825 13940 96991 52055 -41071 -56950 -90409 30734 97254 85153 -90792 49590 34965 -38506 -28444 32280 -28875 55679 -59485 76263 82255 81290 14084 28899 89409 -20185 41775 15412 7313 79337 -53862 61400 7439 -8875 -84463 24459 -24922 76475 -29477 -10788 3539 -16988 15774 -65074 11954 23442 3591 -5510 77467 -27601 -76456 56784 33650 -58015 31635 -73008 17113 53611 -28841 30656 24946 51361 -8243 -99084 -89420 -49188 -19434 -12484 -65298 97866 -60897 -84006 -51266 14679 -52931 4125 60290 -40816 -84704 -43191 -67230 94824 1959 73881 -32972 -9478 -54955 -2687 16209 -41625 -36686 -97349 60377 87629 98951 -91347 20966 97522 -32390 99387 -89718 92005 -97 -40467 -12178 -77313 13425 34989 -10129 -61559 69685 -61075 -28758 21893 4783 95201 25472 -3505 -67973 -67194 -10189 85622 46272 -47543 26403 99245 65905 50669 55597 -93518 -83786 88776 -6110 -44965 4711 89617 7006 57413 -45247 -49111 -64347 29124 13896 -39563 -43088 -32400 -66047 -60822 39668 -6951 82755 4923 -58229 36220 -39476 21990 -63348 -42560 30363 76730 -53675 -51178 -11652 96848 51973 -45500 -73259 -90734 -38900 -39856 88079 23611 92244 83229 87271 -86052 -98189 42402 81647 53110 -18160 -62624 71700 -45574 -34206 -91079 -46414 94790 16857 -97079 -29981 -48222 -49907 -38862 99666 -48448 78992 -67549 65743 64298 40878 34910 -44807 39822 -26355 -3757 4497 66362 -78375 -66476 -5615 69259 27629 43505 64086 -96686 -29383 21829 -42558 15315 -73516 55306 37302 86349 68223 64181 -2565 97327 80115 77611 -70201 25179 10354 49781 72681 1094 41651 -95658 71062 64583 1231 -22459 -3130 85080 -6534 -19479 -20714 90817 81184 -62230 -74871 -3622 28311 74507 82644 41396 -41684 21522 62720 75301 -58753 14053 -24144 -92104 -15272 -45930 86985 -61866 64952 18045 -48038 69789 57951 12375 36943 38758 -4930 61675 -46475 -31036 90272 -65190 37934 45777 -44062 66635 49990 -90034 -42079 58134 19752 60854 59171 22880 77456 76195 35760 -42933 77661 -44628 -78949 81767 -2405 -94008 -37603 -56751 -75200 55678 33644 -1923 98591 52478 76736 10260 -9443 -4892 -78845 78504 79556 90706 -92174 -66506 -13067 -96937 3842 14272 13876 93054 70224 37366 6113 67221 75924 -90346 5716 69406 19995 -41501 -21969 29555 9459 23479 -75457 -21922 48962 51259 77876 39433 12345 -35351 -62690 46674 52981 -6054 89834 61386 -76662 91553 -99745 -39415 38344 -12195 -51451 -18625 -61560 23130 -88 -55724 -59969 -72956 -14736 -7602 48369 99065 4974 -36557 77473 15807 -22678 -46025 50146 77384 8694 -40269 56388 58261 -32584 61242 -11705 56363 -24232 -98106 -47292 45839 47557 -8808 -16012 95062 -25027 8727 -5026 14159 73677 71159 -3530 -47994 -80473 23190 -84741 34624 28608 -43062 -91791 -85955 -60778 93549 -76134 -95884 73589 -61603 93017 22616 -46516 -340 76025 -1422 -41948 79018 94749 -56026 -8007 92894 2373 72180 20902 -46289 88696 84675 -51270 -55432 91291 -46390 -25267 32381 18494 -29771 47923 -43946 56865 -82878 11696 74990 2613 -98666 -74824 52112 -67535 -91248 58128 -97279 -20737 43843 36157 12930 3896 88744 90647 -93995 96029 15964 -45507 95530 -59563 8358 -18855 -20254 98038 17251 46177 49690 64614 81103 -48173 74188 22954 34768 -6308 60967 -4824 65178 -26758 -76049 26968 12918 -84722 61576 75872 -93915 57148 -48140 29932 -74643 8747 -23287 85404 72211 73502 -4121 67380 46599 -71834 -96204 -25141 -8231 96930 28672 -35270 87636 -28723 9699 14119 50641 -21318 -33168 29436 -44056 80530 -38708 41443 15470 43944 -85068 95088 86526 -14650 -65719 31380 50104 -92137 72801 -13032 1972 14490 -9620 -76963 44999 -49830 16000 42167 -20585 94026 17798 16010 -76257 55561 38587 97566 41492 31717 -38031 16670 -28319 -35640 -30787 -7001 -88623 58920 5717 33199 -16399 62260 -43816 31954 -89363 3566 -58648 95798 -15230 -84859 -60731 -37152 -88182 34088 49593 69064 55109 76441 2219 -26489 3097 59452 67715 -56641 -30474 -41727 -21836 -39131 -6066 -34166 38515 6352 55941 -13498 -53651 -70614 -51066 -73229 79839 -6763 1942 -91560 -38360 32227 18456 -83354 -98660 36607 43105 -88201 -45060 -13461 -18645 9998 63027 -23784 77 11980 -99818 -21447 53985 -84638 -44441 25027 5477 -31958 15684 -27594 20470 12804 92586 52788 -67880 72248 94427 -78525 11682 -78749 -51172 -53490 -69645 -11387 -88392 97804 -37677 90586 50616 78410 6185 83174 -17946 -7948 44507 7158 86165 31783 86374 84002 -81615 67373 47595 67466 -88357 -88883 -20649 -67855 -17724 36613 57858 -41906 -43676 -43199 -2270 -65653 42557 9048 87341 87466 73411 5145 -99667 -73676 -41430 35168 -17740 -17253 96401 -99915 -93207 -56130 53649 -11202 26333 -49400 35964 -96969 -72231 -91829 -82022 -51671 -22850 -7248 22080 -75181 42077 -75714 -1753 46522 -85634 865 95999 71462 -76245 56694 -22614 59275 48952 51624 -69608 -50273 5165 63964 89799 -2042 -90515 -6613 -11908 -68329 50887 -75125 76120 93907 55482 -41643 51097 7947 39528 14825 -78639 31509 13535 73085 29095 -79866 26623 -97958 40580 -96993 68300 -18423 59992 -61306 56617 -46520 85372 -57287 96927 46408 87535 -4149 -95472 28555 84024 -73415 57330 10773 -78050 -59708 54925 -42327 -45595 -63169 -80542 99861 -48957 -26744 51123 -7459 -57219 -64671 -88966 47466 -30482 -89160 74516 -86326 -44111 25305 77268 -80852 23519 30031 -4785 36879 45666 -8575 1019 -59498 87787 17694 -33183 41795 -98189 1885 4708 -72155 -82097 81012 -52469 8663 94159 -65578 88958 -91395 70307 -39824 -84390 1799 55166 -2849 -80750 12546 -16637 28552 76626 -75541 -55955 -71120 -69098 45325 13148 -87399 68617 -83361 42094 -78538 -68165 74910 91330 -65459 75158 86242 69102 -39701 78140 61109 59568 -41895 -48707 -84458 -52261 -14922 -6368 53018 95439 33161 29846 52256 88913 -64438 -84384 12510 -60509 -42023 -69847 -25422 73736 -10649 57296 12847 45483 72519 80231 32356 83793 58677 -72355 -94714 52746 84522 1425 66007 -71757 49611 99967 6054 43543 -87311 -24448 -5808 -91915 -9880 -57197 -76655 -82933 -63042 97797 -87167 -43074 10676 -98457 36018 -67900 6155 -28150 -72941 80627 45962 -96505 -33632 -33124 95862 6711 -88858 41851 83886 -80240 81350 60219 30958 -73207 -32719 -90001 44654 -38111 -28388 11373 47830 -14624 -30895 -26471 48384 -7621 -92178 5891 -96970 54829 78286 94040 -12858 31466 -90895 8520 -65474 81486 19730 -31245 -10745 4432 13299 55746 46146 -42213 79374 62068 67164 43231 -8672 49815 71406 -89351 27694 -32395 -62864 59486 -28125 -79507 -20033 -62493 74367 62179 72472 -95785 -23884 62608 -5867 19093 70536 16147 13005 -53039 -17111 -50052 76812 99517 64391 39895 -24593 19050 6493 97329 2377 58550 -77566 57436 -9456 -48816 -88230 -74905 2432 -25107 29859 -63566 37478 65155 5082 -67634 23054 -23062 76239 86699 -1610 35988 -16069 52686 -96245 -64675 79931 1560 -66058 59581 16914 1735 -77769 -68291 98851 2297 1436 -64058 88524 41596 4601 14134 -97934 -50286 -19143 56439 36864 -66583 -29203 4864 43758 55844 65499 76980 8283 26647 70516 -87948 -67248 3766 -3117 -784 -58738 30453 95563 28732 79259 -22575 -88254 -58545 -83509 -4599 30349 -65361 -45924 -77262 87905 -61329 -15513 -61213 -28299 -52994 -46764 -10817 -60318 -10459 94714 2310 -91127 -99819 36577 -15844 95331 36966 62347 -19023 57340 2362 -83611 18651 -52878 -71688 -5112 -85171 -11007 -60626 -97836 64086 -5633 91929 -40319 -13372 -47776 -77021 -50607 88480 -68797 35014 -28645 -2622 8452 -95633 -13653 60595 63493 -39723 -24461 74033 -60832 -36508 -60829 -66740 90213 88175 86413 -67604 -98262 58475 -77666 -61495 51691 -28993 -32329 95080 -40697 90196 -71425 -27343 83069 67950 -80311 -26327 -91881 41099 27266 34217 -41687 -30469 82103 -48401 78498 66508 22049 26279 55122 99770 42605 -60382 80664 -20377 -88168 98267 -61048 -74658 -69917 11958 39174 -61393 -40208 -75691 -43111 28998 63240 48335 78640 95518 35541 -78816 31662 -71413 71218 -95938 -88823 78538 48600 367 -60520 -18543 -57368 7060 -9873 21416 36137 61626 97872 14091 -43103 78070 -12838 -5202 32104 24118 18400 -26012 -9081 -66577 9318 -44109 84097 -21223 31667 37018 39772 -62328 -48771 96343 98495 29497 64225 -60915 -17538 -18521 -22555 96045 -51325 -66377 67614 -15608 -46889 -14295 -69393 -82276 22144 37990 78144 46041 98503 -51092 45107 -93382 -13199 -87925 -34587 -34001 -11812 -4180 -39601 45233 92995 38220 -51060 33900 23661 -58361 -98134 -31319 15706 3996 23946 14072 -466 -683 85753 -88397 39534 -66313 41646 43126 29800 -21559 -15864 85276 82531 31218 17112 -79282 89520 74359 -66083 -85420 64042 23900 -17842 -45577 -81058 79311 -43600 87901 2243 45607 -5652 58382 -50302 -73071 -2635 96626 85952 -64279 3844 -66342 -75022 72142 71663 -90964 26030 -22527 86614 -78451 -32648 -30970 -42362 -99005 66611 -68075 -96008 1631 -78603 -27290 -24985 -6815 -62687 54896 56632 127 -19812 -7587 85553 20943 -18240 -28901 -46328 -44023 -81878 56018 60519 25522 -74654 -67892 79183 -4992 -40550 -40471 -36288 -27483 52209 18207 -56843 63112 13282 61288 22527 -92531 -75821 -93406 96610 -88017 95642 -45992 65985 -20689 -40680 -22800 -20956 57223 57195 30112 -4501 93697 86500 42276 83768 -6691 44586 87942 8359 64338 -81959 92326 39116 37231 32800 -75798 24824 34149 5768 -85926 86268 -65702 -69695 -3961 50127 54866 -59774 30847 59123 -33119 -43022 19628 14585 -42435 34997 -66559 28725 -24380 52928 -88194 -44777 -43799 -69191 -58010 -56122 -51184 -39939 57833 -15722 -30783 45949 -89263 15074 -96387 -24020 18088 -45804 79769 -69156 -18159 91847 93412 37721 -42762 3899 45641 21458 -18826 20543 23627 89546 30121 -32933 -98328 20336 -95281 -42018 5563 925 7776 99838 -7397 5439 -96717 -99021 76216 17777 -1007 87970 -63496 -57518 44081 -59458 -68504 -52555 80209 69088 41235 -66692 -68300 52314 -44287 31976 8879 40820 -56737 26029 45647 -31425 99900 15439 -64960 11847 -31468 85681 -43509 56945 -46000 -48210 -97091 -21523 89248 -5588 68781 53677 12955 49402 -56457 73607 99358 -90383 5460 5091 73050 4096 -91490 -28391 42366 -7642 -39284 -75227 -52367 -46946 -33841 71294 -30630 -46107 -10857 36591 90580 -27355 51593 47436 -75994 -70517 36539 72445 -18922 13508 -7860 -74289 -59624 -31478 -52469 -68974 -92374 1922 96441 -38385 22601 46101 78838 -76840 24215 98481 85473 -95025 -19540 46568 86207 90275 -40880 -1364 -33829 64081 38682 -75136 -78199 80696 7681 90477 -11382 51883 -8351 -5253 93492 44831 63952 86057 -2411 50135 -32364 -56242 -80797 63228 -35317 30978 50421 97842 -48270 -72631 -45323 7509 -49295 80709 3253 -11800 51048 30167 -53530 28153 4792 20906 12112 36228 29073 24844 27957 -4027 48887 -45054 -5397 46539 11450 -81151 -45311 -19102 -76590 27278 -32671 56137 -80870 53309 -9286 -42312 45595 -93843 43584 71012 42717 -21938 -53035 13339 28815 -65848 -49671 -47444 59333 59104 -96595 78147 28453 6442 -69858 -4757 -92773 -91307 -75364 -80340 -78504 -41294 59853 -72143 -12362 -19273 37807 -99941 -19307 -25797 -51915 96447 -47883 8187 -34171 30913 62130 -59031 98743 -80447 -31436 53362 58259 -96653 -77185 -99335 90349 37515 3228 -74506 788 -34440 20657 84559 58755 -95137 -18246 64847 72668 58017 49603 -76521 -10182 26146 -41234 39020 73404 -92984 -12 19064 60720 50024 -151 21056 74669 -39401 1478 18513 -52418 -90413 53101 77101 3391 -69022 -88189 -52492 99669 -49230 20081 -52498 13338 -19901 -41352 76850 -54530 -85022 -4623 33410 1438 48797 48349 15038 -58520 -30018 -4822 62648 22939 -72852 74214 97374 69242 -4570 -5126 78789 16374 62022 -48758 -58854 28161 22397 -98135 -68924 -69687 78597 -12013 -19192 77689 62157 -74866 22302 77191 30846 -46102 63932 -52057 91407 8452 -98793 53679 11152 33163 -10784 6510 33271 44658 80319 40520 67996 80006 44258 10127 97742 -83527 -90842 98231 37297 -10078 76568 58585 24331 -47448 -9096 31323 -777 25528 54970 -23101 -44284 82678 -49000 7669 -28223 -28816 30072 -86614 -55903 317 -47370 -60578 28452 3708 29184 72453 11227 -8079 55852 3209 -30836 92769 -12239 35855 16510 71920 94358 1515 929 62273 -32030 52927 65941 -30511 16030 95188 -79472 -8545 -7310 64721 93535 -37448 -27890 16223 -33745 -16188 69811 -90542 87932 67386 -65997 -33628 -93834 -4436 -36734 16047 29802 -55526 57422 69727 -98542 46580 90048 -28462 78056 96094 37421 60208 4429 -17471 -40495 68214 63511 -32183 -12767 -92925 -37865 15587 -8407 -26689 45219 -91470 26364 37620 -98088 -1801 -39819 39486 -43399 -47906 91208 39901 -2515 5622 52135 -50588 -51102 89168 59165 -68315 -35073 6715 57506 -444 -20585 94074 37590 -88754 82617 -27465 -92351 24445 -41958 20219 -45203 -85487 -27953 -77098 -7791 -99657 89193 1273 -42741 -53684 85211 -32480 -92315 -17627 -72904 -87970 93488 -62997 6853 -5375 35405 -39586 39714 18478 65581 52418 13216 -46004 -47023 -23623 3434 22495 -26302 69796 11947 -30144 81314 3310 13216 95446 -90210 -35082 -42744 -64219 27322 -48471 49521 62354 24398 -30674 -70781 -12004 55881 -61560 -85926 85785 98681 50882 -25635 -81698 -86008 -76724 -94456 -53065 64702 28250 14351 -88224 26600 39807 -71118 78799 56323 -14043 -69857 2693 -21611 35725 -31221 55163 20976 24722 48317 66160 23033 -46998 35888 -48537 -38118 -94304 11966 -77142 -30902 -34041 -43648 -15738 17228 71784 -2690 -29328 85026 24010 38440 54676 -44851 -10505 -93989 -9838 75291 98549 68121 79899 -51916 7452 -91688 -51312 99368 22511 -92399 90369 5772 38375 23305 -12412 13434 98238 23325 -84150 26062 -77666 66857 83396 42017 78311 -68608 -58077 57212 -52202 -37306 88424 4629 -75134 -42742 49419 -71219 -66609 -50820 28971 21038 -33532 -4601 56821 68981 54207 36556 -21987 76206 -73142 83471 93048 -45709 -34867 30608 7801 31216 16889 -97645 -12321 81777 32390 -96930 28262 51724 -82662 98835 -88237 64619 97614 6028 68082 -4745 -68777 -92145 12019 -29921 -89296 30013 -90611 19294 38337 -46264 99584 40993 78450 69211 -20992 15702 39175 91563 -29508 34294 -48546 -97213 -40231 -33335 35672 -7916 21226 -44145 13472 -13869 72998 -25354 80906 77837 -98102 -23701 -31234 62580 -66105 25622 -51581 34762 -84859 61046 -97407 -50417 -69149 18407 45250 32658 -35811 73860 2226 -32804 -35590 93819 -78318 12204 29093 95090 36121 -14640 95589 63624 31748 -30012 -31556 -29967 -89082 44396 47317 72751 50087 -17306 94625 54043 -43478 -93720 -47596 -51191 64002 -91172 20893 64190 -2549 14220 -98668 86974 -10273 -59494 10973 62350 63839 -85821 -67442 94830 -5207 -58331 -45808 70125 -90100 -65835 59135 56793 72595 63172 5436 -97 -48663 -42604 -94408 57391 -56711 -35542 -6095 4740 -7561 -30600 -99156 -35820 -92305 15388 56564 68472 55496 -69240 -7405 -27863 -84239 -52813 78945 21350 -45348 -57178 -93248 -69204 -61734 64615 59714 -6340 -43638 -75511 46389 -14447 -98852 -94235 -23399 -66439 -47445 -79451 74143 39382 -63291 83444 -89781 98722 81632 797 35576 -66887 -85459 -21106 38503 -67377 81697 -91471 48535 -37737 -85342 -9143 -22058 39117 -24532 85813 17516 -42979 35321 -5912 16252 98309 27249 57288 17197 -46372 53856 37740 96207 -60583 -28986 87877 -13621 67271 78235 -14169 -37949 37958 -72480 -1762 -77810 40453 -58892 27408 -61900 77863 -50770 35062 -63802 14450 -28044 -65526 53848 -6929 -74187 32237 -10007 -51590 -5015 -4283 69482 22432 79716 9787 38378 37875 73378 89745 -79220 -11777 -11277 55124 -89247 -36121 -85939 34560 -67511 50782 10946 90823 90506 62681 -13926 -20483 -31370 94444 31546 18878 1629 -72916 77002 -11242 -96095 85758 99808 -22884 34349 45335 -26147 53408 93843 -69819 86908 -14714 93225 -92017 33804 49975 -64288 71549 -33072 -24474 6751 86606 -23852 -89233 -37786 -12853 -92984 16293 8259 56149 -5336 -9122 -7647 57637 82916 -44863 -3460 -12800 33249 33898 -79604 -83746 33114 98347 86596 -64845 74076 -60011 17084 14987 -13561 -21350 17186 18496 64518 30195 29279 -28825 -2455 50582 -52835 -3023 -25584 85609 -69205 -66919 -43160 34825 17278 -61101 -24382 93112 53825 -34904 26492 56274 23192 61401 -89897 -95536 29358 -83714 86305 -25282 -13247 -4530 57246 -25496 43503 -18593 49210 80353 93256 9067 21070 -30492 88647 -72337 14394 11771 -65247 -48232 77667 47755 -10630 10566 72751 28079 -69220 -59619 -13520 -4575 53649 -42066 -9951 -92169 -55761 18071 12965 17114 -30923 63595 92476 -94541 -1537 -21061 -67513 -59403 -59880 28666 -61327 78138 26531 4151 -5511 -48267 -83549 -25806 -3578 -70331 81779 64526 -47057 -27568 -72941 30138 66978 -87043 -85350 -11137 -25834 -4438 -11817 45670 -36912 -24033 -7412 -6769 63182 -11864 -4702 14070 -50890 -67749 11140 46341 73949 -43720 -46643 -2217 72498 26788 83332 8689 8728 33425 -85852 46930 60632 -6644 98870 -97960 -20957 94988 52183 -75972 -92143 31791 9413 99002 88099 -86679 -23007 -47329 -79170 24165 -76723 -2860 -13589 78388 23614 46580 -15836 -58404 -75492 64036 88272 51804 19746 52849 -39310 -41524 2491 45749 589 -87882 61498 78691 -36411 -82025 75173 78251 10162 -90550 37236 50931 35700 32693 43215 -8181 69406 78053 -93592 -76932 -91241 -3385 -2533 99878 44669 -48382 56557 -79479 -75663 -71681 -3157 -46362 -54593 -88541 -57594 6404 -25279 -87289 -91354 60194 85641 -50229 79824 77699 92301 -37776 85497 -43079 49597 13621 -36300 31013 53993 -88841 -51518 -99360 74507 75404 -38080 42435 46936 66798 17322 35990 -55550 71674 -83541 46696 39539 61203 -44620 38468 -22102 -25727 17911 36245 -73958 97314 98161 8060 18701 13319 5954 -34866 96014 -28442 -64580 93764 -97928 42522 -39029 -21624 34350 83333 -75697 -51347 -22943 -51150 94736 6105 14024 -23427 26022 -27099 -60966 90823 8273 -19533 -27959 -92139 -32456 21399 69934 46488 -49111 79366 -56365 99656 29737 57096 13796 6553 -37185 15958 55683 70710 -14210 35865 -75640 79071 81681 44092 24354 16295 -20740 -28532 59747 48499 -55759 -18446 1757 38013 16881 73999 -76849 -19795 -32565 670 59872 -43055 49170 61640 84324 -12192 -34641 -75921 -14269 -13418 14600 5743 -18485 71336 -62205 -48623 61232 -26822 -97316 -59997 64261 -685 52919 98969 -97087 45627 48203 -1687 -29674 54443 1870 2361 9655 75027 36148 -83255 -68087 73353 40975 -52273 -63534 51137 -61754 -36300 74323 70375 65189 69241 -64242 -30193 587 46850 28620 -63989 -51309 -86249 -40609 22608 -45529 -39601 27395 85337 46276 -29262 -86045 1399 77076 86725 -83138 -46587 34921 8443 28960 -21146 85295 36532 -14336 29964 31451 -35877 -86510 -30401 -13570 -14053 53124 937 79959 -14658 77152 17796 73695 4699 70847 74611 -2524 20685 31706 1024 47226 77472 -99441 -85814 -7578 -11572 -82409 92614 -65458 3704 67039 96244 25562 70829 11241 -31544 67549 -33035 57721 -30802 -43682 8589 -41229 -56586 22393 -90452 -3624 7764 -71853 -33058 13874 -6904 -49436 -34120 -33626 -53450 -88908 -83890 -23496 -60435 -76988 79569 33721 13062 16150 -34448 19515 87528 -73850 -3358 -64010 -86706 -34579 -14594 -78288 65563 50586 -75702 49855 38329 -8878 75813 72333 -94310 -10784 7178 -1940 64456 -73449 -38282 -41332 -17005 43480 -16243 -86981 42456 -77038 64079 -31026 -50838 -51338 -51292 86011 47497 31257 24727 10970 7678 86180 -46309 -51197 28443 76061 54939 81362 87870 -87516 -26822 -66220 -45681 -46403 43647 -74889 -99590 5438 -89368 95032 32490 61377 -79704 93116 28730 -88670 -89996 -4676 -60389 -66731 58110 -78629 38608 -29936 -8361 20358 71525 -22543 52143 6543 -5143 62041 56919 -94513 -12508 -65212 24016 -95033 84364 -52764 -7896 61592 62644 12517 -74917 -70360 -23996 -43489 -17023 32069 -49212 -88269 -18181 -98364 64499 26873 25603 91778 94515 88625 -3981 -67624 -42111 -89475 12226 -79864 -97158 56065 96915 -59854 -63317 -71495 5239 44117 54056 19479 -24633 -11093 -47265 20561 -71103 -25940 17182 -37293 -59368 -88537 -25703 -35557 -78324 59801 -66901 16253 -26074 -34749 -77196 -52914 8467 11408 7803 -7885 4371 -88666 -53984 -41892 -47244 5305 -77338 8481 -6728 -10935 33744 -94188 9713 99973 -61846 -34320 18932 -14576 -13031 -11297 -60733 10360 19775 -63602 -85807 76804 -36573 6217 64904 24013 95924 -84941 -62258 19196 89799 -17664 -70447 -97977 -97980 -6612 96170 79618 14459 44143 27777 -89076 11744 51794 -99281 -16321 21205 -80073 -81388 -53382 -78181 82931 36984 -76063 420 18920 80396 56980 -46887 -52754 -36842 -4323 -50815 50563 -39802 99293 82521 -39353 -95622 65058 -2855 -28528 38865 -26107 92434 52768 83728 -16199 -78530 9735 -13270 24016 -85302 15963 52485 -22195 -50626 -61915 -71616 85143 38416 -40440 -91593 -61227 -28851 -53695 3795 79151 -30514 8073 96576 38497 -12357 64648 79336 -13251 93781 -71067 50350 -93564 -62596 88939 -90950 -20154 -81958 71035 -83014 -15329 86148 -20103 42705 32232 -91407 -17146 -74171 -86918 59067 -41972 -50097 -25437 2591 -4310 89637 -35037 -41208 9222 -46763 -37579 -98292 -17238 26352 85774 -3451 83476 -20660 -49273 22019 83647 -86123 -99240 51425 41626 -26125 -68669 6331 -30912 -38845 18185 17696 -91347 67717 69545 -61537 -74862 21222 -97188 95741 -29337 15563 -83881 -70818 -51782 -10606 84488 83520 63159 -55535 44651 78248 -41286 -44381 64518 48216 95258 23392 -75742 17724 68282 41316 -1928 -206 38723 -71572 19017 -754 58632 16510 -1702 -90350 -7042 58416 -75255 29390 93855 -37936 80728 47536 -37352 -91997 83880 -81862 -85003 79735 -8993 89035 -4819 54577 -77989 -798 59011 43707 -50401 -35159 88082 70515 -80696 27960 54366 -44456 -1488 -24627 68712 30959 -92678 36088 57853 87011 -32445 89447 -21362 -88685 1111 -8148 84604 88056 65015 -22401 -6953 -60877 94000 -12431 49667 -46881 -3371 22444 -94375 74050 30407 191 -3355 -98241 51139 -31590 2750 -52833 -96762 22939 41030 69878 -16025 11511 -61411 71063 89069 -52214 18009 -70991 52297 73445 -58026 7655 -93166 99253 -66269 65565 72399 408 93887 -82998 -68206 47093 14324 34358 -94765 93857 -69187 -93082 58955 -42254 14297 -99153 54045 70225 -82173 54552 -27035 49887 -99085 45686 -82372 71359 22514 -87165 -87157 -48539 -64365 30966 80957 6488 74791 -55936 38250 -93676 -9632 75198 74845 80962 37333 21067 21882 28699 29962 -86957 -77815 -27247 75906 54317 21674 -64838 82888 1109 32782 -66067 -73639 -72427 47632 -11958 11884 69733 71977 92742 57260 5181 -19807 13775 -92615 28676 17860 -46973 66656 -16655 55878 -5099 2327 82286 47569 79791 -70621 55411 -56159 -60862 -90321 -7174 -68509 -46351 -3427 5191 -37043 91191 49143 93601 73775 20472 -25994 91525 39106 75694 59859 -54201 -7802 -88233 -87231 30021 -6434 -72254 11259 22415 95824 -30352 89394 37611 9070 67501 23964 -50418 -4813 41910 -68372 44441 -65733 91581 -70376 28468 90563 30191 -31281 33587 17775 -26035 30843 18261 59178 -37411 -2006 61014 63303 74763 77759 -12681 71601 44197 -19549 -43334 40784 -38344 -2261 1353 58443 51700 54732 23123 97061 -67442 -53484 -8074 -62095 -90537 -78961 60337 -47532 -83856 82722 -394 -33370 11618 67881 51501 -67733 -61018 15 28688 -70656 51344 -76656 49055 10161 53425 50785 -50415 -44735 -3121 -37354 77798 -90150 -44192 64395 -79997 -35691 45520 25408 45965 -43180 -89617 -15868 68138 3106 39034 -65238 35162 93474 89714 25159 -1981 -39145 -38285 -13643 -13103 -53355 11025 80761 -54999 -86037 -64413 56821 77088 -27447 43881 28703 -33525 25844 32168 -67522 -70184 -51163 46416 -58674 5705 54899 74183 54465 -48366 -23877 95562 -3428 -67960 18505 -39508 49576 -56693 -66567 -63969 51784 -42058 -78319 15474 69028 20610 33873 13116 -12012 -97883 -35959 48809 70662 -27411 79742 89064 15181 -2083 98715 68866 69967 -85456 -17092 -14631 26447 81594 73059 29748 89995 26489 47468 -79322 20241 -21184 -46564 -80558 -67090 75458 -21024 -44508 -20882 67966 -16306 -45894 -8317 -35083 31834 82366 -79948 -81988 80863 -13380 29750 -7799 -91701 54039 -63110 20437 -58601 -86849 62242 -28782 35154 -90919 92171 -50691 -245 55065 83981 -2178 18151 68730 -7636 9499 -51122 60383 -32738 -48336 -47710 51157 -73675 6677 40468 -1022 20747 -98751 36539 40800 -17313 -14930 -95655 4789 50112 98972 -28624 -40275 51837 68616 -28543 -30263 -72172 -84155 87919 -82316 -95899 -21398 -61751 27608 96261 55453 24242 -31726 63115 -49418 -8562 -27017 53233 -60611 -69923 -99633 -72001 37514 -81386 32365 43052 67871 61207 8963 60248 63172 68166 -70214 -43867 -59204 99927 64537 53676 -35664 -3082 17519 -15862 -44913 38588 -19604 31806 66242 -79667 -73590 -76629 -14816 87863 30937 -90147 -50545 -21470 20077 -3155 3710 -86051 68566 -75749 8013 -24950 80124 -57697 755 -50880 -20861 -12359 -15239 -25595 9112 -57357 -99148 -53372 -67640 -39571 -10429 85873 -34290 2076 63312 85912 82392 -55535 -62228 73962 -34474 49322 -25422 -98960 28501 -78147 96805 16608 -35481 74695 -22640 -39949 -27597 905 408 -83731 63637 -10734 -32055 23807 79616 -87000 88939 73538 -86725 9346 -86703 -34507 49601 37754 -79817 -86507 15736 51543 -6291 -71595 2547 -50222 -11579 -65013 -80454 -31905 65782 99897 93499 -77610 94043 -53516 -99880 -55315 -56626 -23699 65966 -72030 27823 -11407 4690 -82338 394 34899 -89093 59220 -11543 14327 -33653 74184 -77483 38617 91872 -11978 -29270 -68058 -49735 -42765 76715 -48342 13968 2778 -5718 91580 -96766 -63174 35762 -10728 56574 -82347 -13822 13009 82621 98972 -16246 44684 -69441 15146 69554 60596 -74072 74846 -2165 90586 24111 43866 -55321 48327 -84390 84521 -13703 -53422 93391 -20303 55360 -53264 -55387 -77548 53328 -69553 68592 79720 -73092 70502 -25776 -58048 49535 52803 59280 -29133 32063 -70403 -23927 -71122 -25487 -98206 96892 -77956 -43272 34541 -5151 81763 84359 4012 51322 52327 -50307 52172 -68281 -25417 -55852 8053 -15734 -59672 -98500 -68357 -57456 86281 -91997 -71669 18024 -20840 -88738 -60115 -86462 62341 32669 69503 -20642 83984 -19463 14253 62076 31910 34609 36465 2500 5709 -4582 63642 -22065 42544 -80574 81150 42204 -61497 21465 -51079 57250 -67330 -35173 73559 1079 19817 75119 -14292 59036 -73318 9142 -18166 -28405 81889 67580 51183 -67558 -17855 -49828 -60800 88567 -70199 46735 71608 -93331 -75069 -74211 -50012 -83842 35629 -17517 -63982 -42923 -73171 -5810 5551 39886 -55219 -38180 -24025 -52019 42383 -34279 87503 -96757 90649 -67131 -61320 90455 92618 -33992 3426 -54346 3040 24942 -78589 65081 -36378 -58555 -97371 -63447 -17913 -35277 98594 -33641 -58338 -36628 40745 11126 15609 -89683 17490 24280 891 -92230 -18489 -64711 62288 91822 -48120 70869 66326 73308 73193 54677 96948 40316 29367 67718 85095 11833 85685 3584 23147 -20731 -86418 41317 83711 30865 27611 -64848 -80329 -89588 17656 70470 -11384 -53213 -23424 80395 -86431 -94635 -36796 -42678 83228 -90616 -2909 -80852 -95105 80335 76480 97743 56853 87351 29250 -62083 -25640 21098 -63937 -9648 -27514 -52067 13315 -9205 -24151 -83031 14523 95282 74700 39422 55350 75876 -45639 55590 -53369 27244 13876 97252 89771 97510 86012 86990 -38675 52288 44418 -16359 83322 -51429 -42451 45635 72377 -72894 44529 -55629 34032 51142 -50002 -37 69897 -49745 75799 64249 -56376 20435 43991 70633 11799 35260 -94405 25333 93356 -89584 -28120 -52644 70581 -39117 -7651 19698 70509 -39448 -79271 36594 61008 57833 -3736 51733 -38326 -81446 -78859 90177 11774 78702 51676 55497 -50956 76807 -78799 70604 -49886 -16441 -34609 -18090 85365 22574 88722 -85050 -9250 -98207 23020 71821 -99135 29924 25695 -1707 -98393 89587 46431 44594 -22003 48464 -25930 72654 51485 59757 60421 4727 -48142 -9166 19556 -939 32270 9091 84641 8686 -67167 -81468 -37693 43350 -96989 -14710 51730 -6046 -80874 60141 -32575 44821 -26737 93947 -5891 -27149 96150 -55090 -57301 -2800 52752 -12755 -11750 -73570 -48581 -50473 85594 -90937 94641 -14172 60520 -82352 -7982 -22891 -74764 52525 8389 -45429 72871 80556 -7099 -71233 95995 84550 -73916 -93207 56409 7669 30518 -19096 -10182 -71883 76299 -39603 12431 -39869 5357 98263 -6812 92449 58704 -97426 -12135 92408 -92020 -33989 -82990 28775 -37779 30188 -62680 -63125 -37804 -31628 -64791 10051 84042 27629 31683 22192 -89635 85958 -47906 77847 -54783 -43251 66017 42867 -70630 -63318 35255 -78981 15697 -83451 37974 63077 71401 90181 49476 96639 -39691 -7383 -19467 76881 16162 94439 78780 96380 -16072 -63554 -68541 -81491 -57734 15668 96400 -16854 52396 10917 -35992 98554 30560 -42994 -81563 -77015 -19832 58945 -46039 -37450 -72434 -95766 40258 32087 5579 -57539 -36892 -85886 13243 91891 -12357 52428 -31995 76510 -93093 -92987 -38428 39605 -74958 33545 -95094 -36179 84808 9441 -21922 43430 -2423 87502 -75704 77606 -90186 -88326 -66186 -82247 31282 -59874 -20163 -80128 85185 -33722 -93777 42600 -77129 17373 -88061 -64685 35738 -31373 10797 -83568 11310 66307 44220 23361 39712 16816 68174 65764 -49783 -51839 99096 -83162 -26193 48865 59012 50456 25370 -97183 -45048 74258 -66351 -94599 -26572 -50793 68881 -18371 74141 29913 -32940 -44151 89855 -46278 -19577 -19931 -65997 -72612 -88626 7836 -5307 -82608 -88207 -94544 -22869 3573 -99490 -82793 -96857 64891 -23376 -71026 -47760 -68029 -38550 -11859 -3953 -12454 95350 19332 49744 -20449 -65093 -87594 88941 23826 99188 -61532 79473 78510 -66470 78000 -39176 56447 -6325 10956 97925 81522 21702 -65796 72212 -77695 28221 -969 -79879 86325 37032 57263 98838 46618 52583 45311 30238 87516 45156 19002 28741 11024 24813 92821 14808 -2727 -83336 -42921 31099 25930 21824 72041 -79957 -66237 -44141 58983 40784 -77973 39731 50408 -41487 61147 19662 68618 66688 -57863 -89063 -27193 32823 24926 -41063 -89819 -27933 -5301 -69352 53860 -33700 -16353 -10456 93794 31411 7450 33643 -77850 69136 93081 19602 89843 -41451 -26455 -70254 41178 45627 79724 -91972 30714 51713 72313 5576 -18290 90819 77560 -89501 -34994 64202 66116 -71965 -8816 26999 -16376 33694 -13111 62482 -49483 49089 -72201 41383 67133 -14727 -37498 73455 2577 88821 -63245 -91357 -5183 -26880 -19871 57536 -49874 -38255 52969 -52106 17456 -78726 76757 47729 -17110 -34028 -91848 7631 -40256 35414 -17683 10226 19561 -97789 -63228 -85701 93694 22752 66432 -80416 -6908 -48300 20229 46519 72158 -26834 -51264 -85537 80037 -9202 -5879 78898 70101 -8710 88479 -11768 98119 -42578 76625 -16216 -30012 -25966 99052 -90559 18011 98927 35306 85653 55578 77611 8313 19547 22680 83120 31947 37792 41046 54093 -56813 68912 87645 91344 -64499 -72251 99829 -91799 94057 -89855 19415 -63342 78032 74610 -97601 -27325 -94320 98207 62150 -18642 29628 99181 -82160 -67285 -54442 -22655 5522 -72304 80377 16286 -3777 75287 28918 40881 81627 -95904 -26733 -75154 -93974 81943 -18571 44691 12073 7179 26741 -78551 36792 9692 -32599 -28324 -60957 13615 -66948 -23363 -21194 30434 -84456 82375 -32167 47575 43816 8640 23213 -78461 -69858 -95891 -69205 31618 21422 22212 -96387 -39462 -36511 -58835 -14462 21437 -87677 81650 -25219 72914 -22993 -41245 97845 -92358 21525 -35965 -64714 -19270 -1379 72860 10925 38966 48451 60843 26586 72300 -32794 57475 78079 -84312 97857 -43956 67533 -85045 -31637 -40341 34592 -73497 21645 15950 63664 55924 94167 31128 54636 50318 -62583 -31548 5892 50369 -57835 -25648 22452 -94145 -25941 38254 -68225 -72400 78281 -49760 -84484 -75556 34128 11675 -24394 -35758 -64374 -35129 -78048 -30718 -6342 80707 -659 -2591 -74598 33721 -67311 -56470 21561 -3739 55892 -78851 24422 -85092 -94344 -35583 -28899 -36552 98949 20664 -29008 -48145 91061 -59483 -7174 -35 78948 22945 -22400 -92572 80572 -13334 -44953 -400 -63805 -17371 -76037 70238 76097 -59410 -46128 -67632 -80853 -11773 -32410 -71368 66983 -82577 -70235 55156 -92917 67793 -63952 -92720 -600 -96964 28137 -73140 -35028 93202 5385 70293 52846 -46548 -86169 -91336 -5502 -66289 -53722 -80237 76921 -18920 -30589 -57021 69537 11105 14751 71439 -35946 96153 97689 -4176 -47527 46942 -30397 75578 -64325 -17172 11260 -68563 -67574 7311 -71513 79679 -18035 75132 62837 49652 87544 60199 -18451 -29185 92561 -62862 8289 83967 -77646 39969 -27854 -13636 -17533 -45040 14974 -16971 40330 -59571 5245 38928 -66641 88701 68076 63805 -3335 -84264 39948 -72090 -29296 60443 52183 72205 -18487 -91768 -52034 -49798 -64986 -48920 -8947 45532 -2891 55494 -39709 -8822 34002 -85329 81840 -45931 75549 93151 64779 -12638 69041 -55069 33165 35757 -92067 -11903 -92655 29981 -17122 -88053 30306 87714 74497 33296 -76923 53593 79864 65270 18244 -44473 -5441 -32039 -22748 -65525 -6118 -52595 -26468 84483 83824 24089 29065 28099 26465 -33648 -25217 -28310 48241 2373 -30651 53958 -35700 -91107 -19752 11972 -25993 -86140 -87205 13970 -97716 1328 48977 39480 33965 -64422 2282 -21972 43219 13873 -66994 94437 76055 19925 -4539 -4315 -45502 30244 21278 55633 -40265 47449 -7820 70810 -23911 71239 -427 -94574 52781 -73608 -63374 -68206 -94196 -33372 -93614 22628 -58801 -5507 -33603 -7141 91664 -48065 58087 14050 -88590 -75730 98094 13808 -84154 50341 61087 -41659 -62949 65737 94819 -33711 22876 -91852 15438 47762 -62428 4108 -64328 -5479 75225 -72696 85248 25023 -22235 -47232 -67395 79736 3349 -85117 -42955 -65476 -2552 -84607 70154 -39408 96483 78363 81547 53221 -22104 -35374 76682 66363 56628 33305 39242 -32194 -29892 -59484 20568 45965 50263 -6286 -59290 79747 -36352 12036 -76195 30909 55067 -30637 49399 8565 90293 -31170 -11887 -19706 58466 83147 96204 -7110 86452 63363 -7190 19648 92164 32927 -69597 -54570 17605 90091 -49394 90225 -71375 29241 86026 -24529 78535 90810 72687 -62322 15199 91195 -72089 38697 -40078 -65207 -61971 78986 -26636 -93795 -57689 -44090 57209 -45298 3321 74499 -66093 24728 1572 -73166 21024 7127 -29057 86252 -92031 74671 -27445 -89400 -27080 90946 2090 -11826 74006 -3902 -73969 -78826 -57173 44817 -969 -39338 32289 -79171 -67816 -95829 -8193 -98283 -64385 85428 -65591 39434 88340 58100 -57549 -90074 24998 70355 -23466 78041 66837 -11261 54053 -6543 -55512 37859 88264 -64654 15961 10101 28548 26228 -28458 -52142 -45925 63827 -44898 -16547 83295 -30533 -43108 97135 -39906 67445 19750 -49268 91735 -65084 87552 15466 36323 -43390 59361 9637 95608 51642 -50951 -79077 -9635 -68623 -89235 -96875 -63836 -554 -99629 28377 15612 98336 -56711 -82249 -32508 -49220 64635 64271 -34101 82691 36820 1022 49226 74715 312 -10014 -43225 30212 -82099 -5315 -6552 24887 -34824 -70797 -93093 -6651 -52416 -98872 46884 48844 46652 -49001 -82831 45782 18798 -41808 -92051 74396 48989 -5273 -86436 24862 63237 -45056 -38936 22441 17780 -40300 -72356 -65874 60511 24869 -49466 -27869 -77551 94531 -18383 35580 -10901 -86454 -58080 79402 80966 18979 75595 -2189 59001 67485 82642 -92974 37753 -60841 7997 42636 87743 -95140 -99932 59252 -84587 23751 -60483 -54695 -92786 47004 71760 64694 25198 -77615 -58942 97441 -68218 36957 53183 97286 -26789 -8991 -52817 -35693 56293 68606 83416 -15235 49484 8404 -90090 -65552 -38506 -45027 -80237 -14055 62708 63536 35292 89159 21782 -8045 -69856 20651 -5424 16780 62806 -92252 -48173 -56130 -48459 -96392 44389 37829 41146 -85139 13758 -99206 58600 -25810 -82426 21860 -11861 -96910 -55619 92478 -26684 -68080 -42056 -93703 -87658 16314 34542 63912 43199 10939 29401 70296 -8367 35181 83676 27034 -14923 -10694 78985 41875 -11373 -98719 54063 -11190 50744 97410 -74580 -20397 -12114 -88703 -22228 62166 14751 -53869 -34960 2453 8083 63061 -23645 77513 3114 -66462 16737 -53343 31519 12525 -11102 -72636 41605 -67273 -24493 80827 -64785 -89681 -19137 -40764 70735 45082 -29118 73574 -15077 -87945 78777 80559 -32039 5216 -61664 -72200 27663 1205 -31635 73644 -49306 -22433 58538 -47259 50470 -24886 -72050 11607 87397 97174 -998 17738 -32783 -91214 15768 45730 77940 46734 76165 82184 9961 47755 33889 92880 82577 -5653 39697 -17512 17053 -29028 62686 -80240 96986 -77444 -85686 3624 69248 14493 19992 68063 -60354 12406 -24057 -75975 32122 17336 63792 -38094 71212 51799 17970 41027 60210 -16892 -43212 19149 23918 -86267 -80999 -58028 -26930 50731 -44225 -71291 13027 94127 -30277 -6578 77154 75636 56667 36718 -61407 -32188 -35290 14961 43284 -96175 -29114 15448 -99280 -23263 -89703 26478 64697 54451 -47333 1969 -9675 -82102 33422 17194 -2149 3262 52019 -53224 13275 82778 54531 -63414 98405 -86847 -42177 75173 90124 -58309 23109 -45384 -10270 30107 -69116 -63042 -4525 2077 26817 -51610 -81029 -59551 -34682 -98726 -92957 44853 -10500 20019 72945 32632 51024 -8531 53873 -69817 -3685 -38624 -62811 84980 -20063 -52387 -10761 1807 -212 -94830 -98189 52132 41467 89787 -99779 -12537 28741 40953 -44200 6762 71276 58794 -87894 82920 -46119 -91919 -46998 -29570 -80817 -35541 66953 6342 -11296 71505 -50442 -67229 54222 35157 -15281 13688 91962 40537 -30016 61621 78168 57828 16342 88778 15656 -92761 93035 30636 -88594 11724 -88471 -93474 30737 -28603 -1085 -73965 -27124 -37186 -35113 16691 -91772 -86661 -27182 92219 54994 -79200 91253 73140 27979 -19031 -25626 -48364 1586 46754 14736 -78386 73099 90896 66968 29 -37514 32051 84166 20176 14469 -51121 -79202 -6208 25308 85565 28397 -21081 -98371 93739 -14794 -33162 -1786 31490 14591 12482 -68034 37239 -60877 -23855 99312 41352 89906 30934 -19362 -82418 -28158 -55346 28198 32620 -5222 -38693 64566 -83348 -34282 -71471 90263 92418 58430 31889 31222 23241 -54617 9646 -45673 85809 -32304 79844 49935 -54904 -78462 65936 -57786 -64255 -46272 87108 -42642 51059 53415 37404 -58262 -67842 -17675 47637 -93758 -96251 20856 83154 -67776 -44524 -63663 73492 82463 -98238 -24117 88318 -28407 34076 -32218 -7959 10077 18851 26610 -81369 -4742 74786 -30291 -71042 92437 21808 70369 82382 -419 2391 -98147 -22221 -17254 9495 43670 54429 -39530 51187 -77843 -74118 5348 79732 93617 -18704 -2853 15389 71156 5034 28857 74945 17997 97090 4727 -2366 24213 88633 13515 891 5086 -34016 26002 3298 -87713 47362 -7518 -67042 -97792 31108 75955 93303 -10340 67972 -63384 53647 14240 -18512 -13615 -15942 -51491 -81490 28716 -4643 -83741 -24628 50268 63370 40847 36160 29790 38732 -64778 55527 46359 31408 27835 -62358 22689 -5472 -21596 94092 -27681 -62842 -56323 -98703 13017 -79813 80077 83457 45231 -5152 81494 -89358 8569 59207 -55391 55953 40565 22530 78111 -39140 69176 37937 13193 79719 -27745 -90903 -83824 -410 25555 -63380 -19970 8760 13192 -47002 53134 -90189 -35577 -57473 -77004 -32643 -35205 -85422 -49149 -76679 42603 82531 -50214 48550 -37330 -36609 -94804 -79295 -71558 -70629 33251 -31096 75266 -94376 4985 -7294 -34046 31536 39403 -15227 -10048 37120 30588 -16170 -2605 -65022 82592 -24096 -6813 -59766 49295 2943 -72647 -9926 -80386 -27522 -49443 8022 59545 19921 -33690 -9182 19230 85470 37176 -44655 -16800 -80900 18769 49913 43185 -47644 70438 31511 19611 86809 -76671 72159 -36682 -13969 -8486 4181 11206 61908 13254 -35134 72242 -46697 42242 86660 50777 -6833 86278 95180 40824 14653 74141 -34375 -82097 21629 71266 39955 -63072 -14273 78918 1470 -87964 81535 -67843 57288 61148 96601 52871 -70943 92668 13290 -66207 -30862 11299 58010 -19647 66153 23346 10338 84466 -55928 55166 -48639 3111 79308 40688 -25562 -63984 13146 37681 -5133 -69349 27205 54627 19951 -49867 13799 26193 48004 90549 58913 -87256 -76287 -98971 -65628 71699 29618 -79794 59048 98968 -84762 78173 62569 -17999 88822 94303 77235 -66653 -97633 -50750 41565 73123 19065 -58359 -73560 -66286 -67441 -4230 66971 -80278 49981 -89130 66177 -28168 -7766 91630 321 -55036 -20112 89564 -29047 9334 80520 -52061 -60546 -90654 -75397 2417 -11767 11418 6964 -43097 65720 -38180 57713 -44389 77764 -7513 -90439 36820 -59194 -24515 -50556 91836 -65534 470 -66386 -15318 -36932 76580 41155 -76054 -27513 -96200 -38391 -85934 68613 29635 -17718 -17852 56055 98369 38164 -25598 -82817 76309 -28263 -58155 -83933 -63000 -25791 38732 -22005 -50290 97401 -9160 -87084 27890 -26594 -3249 -96203 99221 95463 57352 -44331 93332 -35315 -51740 35133 -85815 53160 67681 48113 59411 22063 -93592 -63374 -30532 -29265 -98975 -20759 -46991 -77445 -93695 62460 -96847 22699 26935 -74783 75447 46083 -54415 -38236 77650 -13873 84184 80738 -36685 -66126 98310 28179 24444 65046 68577 -42167 28325 14339 -7044 -10045 -32562 15563 4291 -82994 14707 -66635 16343 -6423 24733 -40954 -11512 -15985 -18739 46124 -72018 -24476 22724 -74487 -52886 2141 6506 12196 -72277 -10979 79134 -35233 52070 -43073 51284 95291 -66566 59179 -30202 -53015 21287 85547 -86629 -63604 -81918 -9364 -84567 68210 -74251 -45554 -33236 -41651 66878 -34579 49264 -86751 14469 -58686 23877 62197 94211 41452 60704 68830 -13345 32186 -52568 -24496 17038 24035 -50469 -43581 84774 48104 -81683 -65502 58079 58250 -88622 -42053 17945 -70660 80528 57422 -71257 -61192 15764 -9131 57144 -36450 48730 82667 -4938 -17409 21100 75102 -77053 -24548 -52614 -77907 93829 -76519 10474 76513 -50986 -53528 -91192 85126 2655 71297 89175 76417 -14750 56773 -76710 -87978 -98989 87995 -27620 -34089 -50300 3252 -34153 -43484 2839 -29995 -23951 -34207 -44880 -57960 96280 47700 9682 54204 -75645 -33708 -61371 -59024 80885 99269 85479 -98045 65555 -85221 21475 64955 -60613 -56706 15720 4327 88168 31132 -37353 -16339 -58788 21063 33330 -87690 64417 32979 16927 42965 -16216 75284 26460 -72101 -85220 57702 -42774 -50623 41665 96768 -2447 -42840 -89647 -96260 -88571 54142 -88626 -84272 74484 10886 -44502 66236 -63165 -10318 34868 91597 11183 69185 24740 16902 -13307 -25633 5510 -3091 44580 8315 -68386 25681 -56563 44898 72510 -18980 21248 71501 -92709 -36736 -24163 -28115 10404 67176 -43220 -42270 -51815 86578 -24753 -767 -7277 70003 99418 75677 8295 38507 -25276 -82945 -12395 -22225 96232 7694 92636 -47388 -12733 -68257 22039 -18051 29783 -46519 -17796 98259 -82178 34919 -3937 -71629 91127 30993 3779 49129 76848 1347 -5896 84454 48458 -5384 52022 7057 -14224 7962 -96695 -89048 67921 -40056 84901 -42609 17363 95024 -17483 -59774 -52201 49257 3590 93139 -28684 35224 -32815 67098 -63385 -76859 -97718 47838 -58120 -51762 -66476 -14523 -75730 91982 -30383 -11261 -7429 25818 54108 66173 -3461 88834 -48105 18793 68080 -65800 -39745 27055 3940 8322 -88184 -28430 -81627 -25357 -62271 12629 -19551 -43900 -84948 -51533 62222 23697 -87878 42901 -79689 -42150 27583 -59300 -53092 54754 46687 -62580 -68055 -95768 62512 -47488 -5181 67346 98498 -61044 -18369 75945 -50142 58889 -59936 -56432 59215 67238 -3195 -91365 -77206 87774 76609 74863 -19885 48837 3317 -65112 46013 -31763 -93295 20814 13382 77438 69453 75012 55097 -13906 -48059 58193 -85730 43071 22641 41164 -44315 72814 72038 -22914 97008 30765 5612 20038 80103 63500 -93696 -86814 14899 32588 -59150 -18550 -20452 4659 12969 2796 -1096 59270 -19100 80312 47328 -41809 13097 79381 -98722 78260 48130 66143 -18919 -44854 35802 7080 32530 -58379 78855 94879 -6681 91045 -95700 38774 -14284 -12079 51856 -52612 -12392 65993 11982 -56702 49649 24971 -51670 -1170 -300 48260 96813 -61637 -44762 -62578 -14175 17422 92521 -58361 27885 -35762 65677 -20263 88178 8232 41636 88119 58791 86543 -56576 24146 -85620 90751 78789 -29094 22559 -53643 -49553 76154 78242 -36832 -33594 67257 -34095 12833 9102 4270 -72381 -87948 -7348 -73751 -21812 57155 91069 94943 1276 -77210 43353 -87365 -797 34533 3772 -55748 31637 43891 1218 98640 93679 95615 36303 82295 36781 23438 61501 -55590 -28739 -34311 58354 -33200 -95017 97634 -35562 78306 99030 70397 77167 63238 -5568 -78141 36352 12000 62945 85409 -15062 9338 -77277 -39825 74908 -21436 -28415 -87666 47180 41619 -40268 82296 71908 -38308 -73393 42728 -35099 42726 -92749 -68200 3558 51861 94302 -50031 -29783 22924 10318 53516 -82143 -64552 69189 -46656 29489 29456 57934 -35066 65581 59888 44451 -99381 -76129 76541 -58646 -58071 -92711 -79872 1072 -43622 -74886 31380 -3776 -52714 -91852 -98452 64413 -59816 -36964 52028 -73941 -4628 -60179 -43311 -80812 -48921 -36465 3542 67028 99193 79761 -43153 77967 -82549 -23692 -98723 55622 45048 -53486 -79146 -55969 27149 -88072 -51872 -35930 -67967 43987 55925 11791 26854 -50901 -90834 -70535 -52045 63166 -8856 58439 -95237 -35804 -74392 73825 19669 27391 66620 -16061 4557 50811 82843 80685 -96397 -97954 83280 -98504 80948 -72422 72008 52525 67472 97085 96263 -79242 21351 -1376 -10149 -44277 98643 -54343 -22922 -19021 38832 -37489 -32582 -42664 33776 26081 -70185 -2294 -80934 -18049 -25373 88425 29188 -20191 14128 62217 -69782 -70229 21949 64196 -84642 87573 80867 44822 18541 -97170 -65036 26520 -63134 39733 -51142 -91302 -33280 -86046 -87787 63380 -37762 72174 92093 88480 36230 -97464 42952 90603 -47019 -25804 64391 87013 48872 68169 -70107 -53149 -46287 -56030 -70310 -270 74606 78590 -96692 -93444 -1785 57366 86172 -43719 -53351 -30453 82949 -80056 43232 -38806 -63605 79108 92946 97691 -8170 -51004 86489 18193 764 -58010 -5380 -61319 71847 -88745 -57001 -76863 -42264 -70717 -74119 14466 22506 47850 -9213 90198 -23943 -56582 38709 95327 -43611 -56099 1261 29528 78162 -93034 -73388 96425 98564 -78126 5092 16899 32524 -70950 -70393 13511 22758 94504 40776 7856 93163 -64427 56711 -98149 -52940 -16150 -74873 -12681 -50506 32960 4066 -32736 97660 -55622 13328 15979 -38694 -95873 -55269 -55142 -89305 61164 50307 -21653 -78066 26702 79771 -11393 -45286 67960 -93929 -25835 76609 -96873 -5362 -48256 -79656 59472 36815 -26334 -80533 -84101 74259 -10158 -92799 17273 -15497 -16184 -99310 38312 -31984 31545 -16137 -57056 43589 -23660 8229 28291 17069 -83672 -39003 30174 32176 -34332 14338 18512 59901 29011 -87020 92371 -98181 46574 71718 90337 -40435 -93788 70502 17836 2945 -28539 72984 -22899 -89425 -10938 33677 -39105 -15607 -14102 88190 -97960 -77924 30430 -57160 15833 -56222 19161 68098 55961 16049 -36462 90077 -63943 43786 -50874 48035 -93237 -69118 80776 43431 -38066 -65806 -97147 -5364 -71704 -76409 96977 -58672 -83429 -49333 -32991 -92741 11983 -48764 494 40028 -91864 -80864 61993 56379 -89634 -4611 -92274 -53136 -20609 -89132 5180 -17477 -83166 -82660 76793 22963 67258 86977 -28391 24419 -79647 88486 -76743 20820 -87148 75190 2991 -28823 41760 -7818 15326 48568 14198 33750 45792 6310 -48818 65349 72324 -76521 -57132 -33253 -85317 17397 93535 73080 58379 -93383 -19284 66389 -21943 42351 79501 -78962 -35393 42190 72398 36634 -68419 51402 -83631 -67416 -73838 97412 -28074 -12111 83161 6660 31033 82244 5413 21825 15076 9077 -81328 53216 -11309 -66118 -29752 47979 4624 93409 -92401 -74720 26862 -89773 48962 -59818 -75212 17926 10669 -19672 -13202 -80312 26661 22343 98806 -89482 -66200 -60004 74452 -46093 45522 -98899 -34049 84542 -8247 -39706 -19958 18520 32331 -57489 15456 20704 72260 -64352 -15433 -50298 90980 -61001 -84449 61814 -7381 66753 54156 68908 80807 -52136 39491 -29804 37399 47857 45655 24336 -38207 -5428 85796 31605 30771 -54216 20214 -55069 62372 59301 -50146 -43649 64790 89990 -11015 83655 23889 79428 64369 -95832 -57163 83509 -33170 -92132 60539 -36383 50819 31867 5090 74583 11068 -48764 87137 58972 38546 -19171 696 -24979 39911 -25027 -30121 -64527 77558 19253 -34867 53495 46077 -39046 -16351 89488 98914 2997 77481 -9087 -65693 86152 -37151 58024 -79699 44985 92163 44929 9133 73412 19007 6237 -56478 -59231 24079 -34744 -12577 -40821 -38481 -18279 -99220 2349 65353 -58571 -85183 -72642 7745 11183 -49030 -35553 -29176 -84507 -69410 -31369 81183 -65084 -75917 -1853 4428 80805 -48555 -33041 80627 -9987 -53586 8948 -44483 5160 -55087 38459 45911 9994 -52303 -43075 -48892 -4464 20422 -91570 -25731 -27664 -30179 -4630 -4823 87853 -69278 94039 71025 -19657 -46683 -28986 -23849 -61386 -77966 -79684 -72408 22471 -10993 -30495 50960 -30537 -23184 48801 -12850 25319 68178 -24287 -56300 -78752 65617 45284 39324 88375 -21544 -52910 63961 -21289 -761 -37704 32558 -71253 -3770 -80445 -57684 63589 -70838 -67751 6921 -28405 97246 28744 68213 60027 -54481 -34024 73180 1554 -24430 -53329 53784 56299 31363 15910 -54510 -33628 15587 90957 -46444 -15272 -43794 70870 62994 62090 38494 29983 -1785 69122 49401 -69000 -5593 -37120 -99449 -83968 21823 -17140 -68744 -31556 -3377 70634 -80262 38683 -42265 -27134 25858 49117 -53489 80189 -38498 -87229 -10974 22038 46200 -55038 -31822 -14991 94026 -48470 -80019 -93259 89850 31904 -75937 -63217 -34203 6038 -21393 -37449 94718 25410 40267 67760 78404 645 -55962 -19118 -46106 95239 -87562 66643 -81384 -29574 65650 8990 -96527 11615 10289 93038 94890 54754 2042 -70054 90158 -93057 -1009 55959 64274 8324 -36470 96596 16884 -18863 59158 -73146 -61455 -83259 36020 28735 56690 83515 64843 -90307 1125 -11351 -97652 11344 -79676 -30201 14759 -78104 -8250 52387 -97643 -73162 -71824 -56827 -16527 -99416 -63616 90618 -49927 -78662 8873 -88439 -99568 -33331 99634 -86184 -50914 25986 -56731 46256 62788 41855 8954 34071 -40536 67477 -64960 -70424 -54740 -84250 45277 2528 -79042 -30722 95962 84030 61769 43654 -22573 -63035 -2501 -90382 21136 62131 3555 99980 -194 61976 58469 66895 97251 18662 32450 -31510 -57027 -91501 -83837 69695 -82318 -25048 -77776 -27054 -29303 -64239 -32527 2828 -96371 68202 24699 -41584 28015 -55545 -35331 84958 39791 10924 -82245 88326 -7210 51733 -3474 -55525 36006 84715 -15574 93952 57018 85779 57188 -28366 19789 -15152 72936 23349 82854 14509 -44074 97532 28393 84111 59595 32080 -55321 55461 -39805 -92472 -10867 -17584 30787 25269 50676 23006 73036 57501 68117 40154 -45218 2224 16282 13915 -95840 22958 -18241 88716 64033 -73862 -89419 -3276 53782 -42742 58662 -28541 91304 76332 40375 -72900 -17042 -98835 -26405 -39736 49370 -85405 -38033 -10608 13679 94531 -93337 -65038 39131 -6790 44583 65852 7431 62260 65866 419 11552 87876 -96047 61849 9877 -44562 -6355 -19455 77344 22685 2970 -95519 27447 -14369 -78533 -55065 -77174 -85073 -76773 31180 -23725 -66044 2085 -56695 73877 -64144 -466 -18525 71810 -25102 -72793 37992 -93881 -65749 -27275 -9499 52680 -23088 -84039 31521 -8501 59002 65991 -38623 -15681 6242 -2088 -36979 -11823 -58718 -27538 68011 -35991 23373 18793 91338 54852 -13269 -90020 17248 89461 9408 78731 -4967 -15394 20258 -41408 27361 -33937 46835 96473 90513 -7562 90689 96585 -59443 -13424 -80064 -55314 -55295 -13241 95159 44392 -23862 9920 20053 55341 67831 -86531 -78427 72929 28916 -14902 -55462 -58634 25907 54400 97005 66340 -54083 62835 -28237 47485 79740 99436 12226 -14080 -57504 -45205 63624 4179 30116 -33206 77903 53303 47781 61628 -86175 -62720 -84213 -41261 74267 35531 -11023 -29429 -90026 14730 -99758 -84572 46872 -31258 99127 -76491 -10218 49514 87302 -78465 -66208 -25847 -62381 8751 47911 93934 -16145 23152 -16071 -41967 82120 42438 -10685 -81862 85380 -47121 77135 59455 26373 -1665 84925 -35078 -12520 -57788 61226 -25467 9375 -81565 -18134 -65700 89535 13872 96042 -56070 -94294 -28927 -84389 33988 -7157 -63106 -94122 4300 -35494 -46393 -30935 6855 -80016 -81925 38205 56977 30595 37777 30031 -50492 17657 -62271 36651 -52929 70579 244 -8425 58134 -50561 72756 -42718 81284 33062 -89234 -24802 -73153 86620 60687 -82709 26082 -77710 819 -87346 -35719 -46959 93459 77570 -39338 -83968 32279 -2035 -23486 -26240 -77236 38712 70422 -20999 -34516 10006 71100 12692 -85786 74318 -52621 77468 -95833 65272 58569 -47776 -77151 -41668 23530 45051 41634 -87343 91670 -58490 79347 -82485 -91764 52136 -37008 8922 27277 90020 89584 8317 30724 19980 21577 19255 -37041 9062 -10328 19575 -1047 -18433 -6393 -8618 -21672 -13276 61869 -84750 -45466 -34413 32190 -70947 60795 -13276 82403 -34432 -47035 -6092 93746 89247 -70891 -71720 -86755 -63375 92 63647 -46439 50523 -17389 -2622 -46149 -38385 -87072 40865 62076 91781 96899 -64533 -49631 81181 -34597 -50561 71128 -78439 -46057 -4258 77922 95352 -81693 -18387 71659 36321 -17450 -11824 95747 -92531 21769 -94013 -62446 -1298 -34359 -95448 13290 -63663 10779 -96276 1059 15348 -26221 88037 -72180 -16159 65739 -67678 95652 -22155 -19860 32919 25177 14552 -58794 -71855 10118 -25118 47453 -35857 92614 -33159 73252 -64398 18795 82784 51755 18912 -34661 -85704 -54317 52865 -26108 -85928 14500 48580 -14228 25302 -55730 -9592 -56030 74771 -91197 -58664 -39997 94125 -5307 32972 62531 -45934 19001 21136 -70729 -57845 -1895 43183 -52620 40775 -30671 39126 46628 57965 -77814 55122 75610 88305 54526 -21315 58165 -6090 -78359 688 77917 90115 -12492 63825 52667 -82378 96383 85302 83604 53087 -27570 -17800 3176 72180 -23137 -21742 13393 -34091 -15739 -62151 -37542 53139 -98452 -92090 -32412 -80981 -2901 -55468 -20528 -59050 93309 37972 -1517 29897 41124 -4192 -13431 -32983 29424 -97552 -81878 31625 54121 23189 99778 27945 57055 80223 -9127 -88189 -67249 79531 -21026 -1499 18339 -88599 96244 61498 78015 97506 -40097 11023 28475 -62447 98908 68213 -9897 -88344 94748 -66399 31992 82893 -92696 -84980 81192 -18843 74597 -79888 20961 26762 86407 -91492 66526 29837 -36741 -29260 83777 10981 -88755 76403 -34938 -72253 8425 -74376 -41919 73965 -21862 -96703 95698 27750 53985 62027 -66575 79630 95496 -76983 1015 -29694 -8236 26205 -15166 -53472 27873 -9478 -24350 69764 -53028 88104 31816 86550 74756 -47251 -67100 99304 47207 97773 4757 28421 80163 31629 -11277 -76325 -6923 78273 -86308 10862 2567 36596 33193 -81587 -8898 -6002 94699 22709 -71213 81553 -14776 -4368 9021 77562 9157 -78779 10460 8681 46717 52638 -20959 -88688 48288 -37212 10252 95630 -37351 1715 -34232 6780 67570 -96290 -10442 49075 -2876 -17795 -68695 82349 8350 -69442 -81190 -42568 -45723 53882 -12385 8876 -50748 -50883 -65475 -31633 -2626 -80433 33893 -61047 -2169 3528 59120 5930 -82337 55572 -66272 -78628 -61904 68097 85867 12632 48769 18240 93745 -18239 46288 99180 83428 1669 51974 27425 45083 -20262 37782 26284 49703 97569 33030 64489 58995 7048 93863 -48043 -77645 49856 11374 -41157 -84676 -8903 -57523 29673 64358 -86643 -31876 85761 -46295 1891 49607 -51974 -52701 99733 -8893 47692 91831 -79400 10614 -34348 -65096 -38380 -98866 -68411 -64835 26531 -26188 6265 53724 88348 -97383 -71007 27889 2355 -46575 -71709 97433 58844 -76282 49598 31704 11477 -36111 22341 78828 70810 -95548 37407 -4888 74944 -9324 -40697 1793 -98838 10117 -60703 -54445 -49498 -96835 8326 -50569 -8695 9361 23326 -45976 68080 93176 -7519 28538 19217 -2033 2654 62619 91735 -24153 -56431 59380 36535 -18895 -82991 -99510 -21889 -97798 86106 -90737 -43091 95165 -58228 22887 -46722 -95159 -42852 97237 -66586 -19118 37301 -54356 85978 16521 -20149 82129 -139 -45731 96123 -14835 -66622 79179 89957 -39898 -10467 8307 -78802 -69608 45959 34966 81011 97341 -60351 -96627 -36342 41569 -99133 80023 12530 76318 84437 88711 52750 -13619 32534 74640 8287 -63630 73361 -82408 47373 -12223 -47605 70247 74228 -83203 86168 -73005 -75388 71931 -57118 31732 99783 -79394 22325 26990 58046 -92130 -45186 67130 2579 11123 910 3087 -40090 2835 70638 88755 61659 -20382 25872 -54075 32939 -80696 70406 -35443 -58485 8566 -14444 52441 35115 -26630 -11844 -97333 -49538 -47295 79273 28801 60199 -87089 87991 -54640 75072 74070 57606 -27103 -91908 -41039 28600 -5306 -42667 -9550 65922 80485 -48112 74666 94581 -71778 73055 -47343 -59288 86252 -34219 93893 -10097 -66932 80689 17497 80529 -13486 8673 18392 -74272 52581 65508 -10267 -87564 91780 -34588 -85709 -3228 5594 31420 19217 45608 -83855 19559 -82420 -67021 83766 4338 -13554 -60216 -25540 63208 -23425 42033 58239 -81060 31203 -6797 -58063 89590 57128 32470 -37620 33085 31803 -55632 -98957 86920 -80644 -14015 -68331 -27507 53906 22371 15794 30195 8438 -29680 50561 -76602 -35488 4847 90286 -77744 7010 -7712 15465 8510 -9198 -63911 33207 -56346 -64904 84324 96838 1379 -71551 48766 71839 -14071 72111 -29511 85712 47733 74696 -93787 -65648 47515 -20066 47299 -30914 52149 -22273 -50268 75874 95214 -32884 94080 -16155 20067 25897 7291 3570 -79860 89224 -37684 42170 40524 14539 -10016 63928 -10887 -95686 93148 -91096 85345 52731 -76301 82830 -3661 55803 -9120 88813 4931 95249 16288 35154 -50845 -62868 -45398 47934 82706 70702 94314 -4423 98389 54968 98343 -50646 565 -95998 -69323 51827 -25347 -77203 -59568 67017 20501 -91954 8808 365 -72192 47305 -14231 75992 -39774 7417 -90998 84936 39213 29165 40223 -89097 14909 -64397 -99812 75359 -63337 -92380 -41412 66170 86636 -43727 44332 43952 -73733 -82517 -58596 -97009 98798 51478 61954 11916 3814 24974 12358 -42370 16098 -57036 -95425 -47743 69573 16340 -41398 -22605 -34406 31934 -41335 -1608 -5209 10239 26619 -99748 20587 67930 -73617 51862 64870 82589 -99341 -8903 6334 72846 -14547 28552 -24764 -49199 54391 6965 28220 25388 -91095 -16730 -31674 2523 18120 -47249 57559 -36039 -80104 2884 -34134 90265 56498 -98522 54756 94694 -10420 -29077 11597 44115 71391 39639 29802 95629 -36800 88399 73299 -86872 97933 -7256 35656 31758 12396 39933 -67359 -84760 -57839 -13357 -44334 -75222 -64191 54612 -53837 10736 9989 -66503 -17100 -28664 29850 33272 -87232 79942 -91436 47732 -14074 35183 -86434 -19821 -96296 -76243 -22960 1216 -67979 -17297 59488 22381 92235 -96593 -89282 -93295 -81560 52020 76036 -85425 -90845 18161 -45045 36067 32768 -16054 -32463 2889 15613 98778 85885 -39236 65362 -18989 90963 30062 -25798 -36033 5352 97457 50066 -39188 50402 66784 -91497 45352 58436 -27571 -72570 -44774 -71868 50570 39233 -16649 50796 -919 30499 -82257 37279 -42581 -62395 -71371 -47275 -96520 -8209 -22983 -67008 73093 41968 67091 -33646 71638 86051 -54087 -6031 65219 -82236 -72851 -77301 52811 72023 -89029 -48536 98102 -7365 57592 -21296 96081 -96224 51473 -22980 -56470 73496 51366 -25895 -83470 -52436 -17814 48038 17567 62909 63803 93549 54568 -90470 91024 79108 -40160 99317 -63425 -35275 46230 42146 86047 17351 78096 9770 22752 2024 12776 -90491 65874 1514 -56662 90818 37256 51320 -16066 -81378 -47043 -18802 -95623 69782 -44306 47896 60405 23309 44209 -42887 39921 20884 -24824 -23926 75407 83428 71043 -49032 -94403 38425 -73806 33834 -48474 6816 -37395 -57773 81032 98241 49023 74198 -46384 66105 63443 79329 17367 84981 -97765 -52719 881 97162 108 -36467 33641 -56262 -98842 23712 -67911 -8708 -19019 46602 -79069 44424 -14618 -69271 -41682 -41472 -72359 -79636 23183 33525 8780 -85194 -10577 14745 17723 6429 18573 29314 -81263 55430 -64192 84640 74298 46456 44880 59063 -64669 -91252 -40317 -84513 -59083 39111 16369 -16221 14781 -29269 -91219 -6277 31985 63643 97238 -51319 -37550 78147 -96608 -45155 9484 -96602 -890 14795 28137 38901 26400 -70963 55880 68666 -55501 -30194 99131 56526 23772 73642 -54133 -908 -15162 -10450 96779 21985 -83184 -50364 6136 -26126 51045 8582 24945 -32166 82981 -4713 -75163 82029 95324 -18951 -17069 -40000 18649 -6572 -53417 -6822 16236 88528 -21239 -22098 77714 35846 39420 -61670 -15291 -63431 88823 9907 71625 58216 50326 -87277 85388 -70508 36479 -4238 -72677 99727 -72992 -70582 -17510 92890 13451 24866 -34554 -39124 42462 -9738 -80452 -16175 20573 12152 -24804 92946 10222 29616 -90280 70134 -3460 -84196 73283 8452 96846 39476 -97576 59520 42763 -46975 32122 92737 -45075 -82249 52802 -41452 -32058 13749 -15167 84169 -84131 -53475 99073 27106 -16103 33470 12284 -86467 -34824 63999 -21567 95705 95441 -9795 -1218 -46850 80395 -36811 -45849 41684 51542 -60487 -35981 -21185 63491 -5742 -63717 -26888 -15845 18508 -85949 -11132 -79780 -16954 -11593 89391 23342 39059 67240 -65009 5495 -49569 40356 42585 -98019 67730 -46908 -56434 -29393 77533 93721 -61898 21632 -76754 -1031 -71137 74351 37714 95938 76088 2154 -57872 87501 80361 34021 65659 -953 52045 21293 92896 -34218 26197 9568 89619 -52849 -43481 65832 23049 -93555 -45181 79446 45886 -9680 70775 -26833 23099 46871 98555 16366 97159 82207 -51393 8321 38048 -74838 49632 -50399 -67794 60094 -59363 -53114 89768 49924 -26463 -76334 86837 -53941 83946 -41562 -63431 33806 97570 82769 -99744 2697 -51390 -8638 -36914 79622 51983 -34278 91980 -75150 31544 -5489 -28021 -10418 -3516 -27070 -83111 41337 60673 -56959 -16560 41236 38894 -37338 -77576 -31507 -99056 -86587 -39119 -8995 5471 -41107 -92662 -46778 -58446 32406 -60504 13009 24478 -49987 -14440 75044 -20632 60530 -97621 -19167 17120 51932 97922 43305 -305 -5552 16138 -73716 11840 32054 53149 87117 14475 71507 -63488 -75783 -48960 -61265 93763 -3875 -84354 37497 9531 -54748 41531 6898 40574 -17757 1171 -23408 63869 -44864 -21866 14886 1346 -86751 79627 78280 37325 41104 -54167 -44713 -94682 51158 -55435 -5234 42705 15177 -53576 36490 56759 70674 67739 -24114 3563 22377 74164 -44040 3005 -45123 -79543 3974 -46953 -36014 -95688 45257 -23057 1567 -89021 -72965 22969 -58660 95093 3320 -60088 34782 -96256 -38234 -45609 83763 6228 -18316 59558 -87128 35153 -25555 74979 30970 -26262 49675 -78835 65594 -76327 13537 -37205 -33382 70918 85432 -41654 78209 -90937 -40037 -75091 -83992 86996 80794 -74330 1762 8017 -38430 -1605 13124 -53096 97064 -62335 37406 -28140 -4885 -16597 -19776 -81028 -23950 96643 -99302 39834 66635 -13154 18939 61303 -814 -60085 -57312 50717 -7726 -80089 -72712 66162 -99519 34074 -18158 38163 11933 -79081 -90461 310 91658 8678 95942 -88528 93928 72969 -84236 -52117 2097 -98393 -22354 9797 54964 -95389 67024 -72762 15920 -31358 60559 73048 -12050 -47767 33986 66253 63646 -72225 88497 -454 -64847 -18141 -27266 -80970 -93733 9161 1938 64230 28872 43050 42698 -24531 -16258 23376 -42105 -61333 -80036 12873 -8473 -85325 -53417 79122 -28223 -59924 -44567 37582 50009 -48870 -9155 -30249 94652 -33351 -96333 20827 -80007 -82260 68360 -95986 80098 21650 98168 -55032 61624 35217 -1732 -93714 -55715 -36067 73336 72696 -93306 -9283 67430 96354 -92022 11582 13698 16525 -75283 -33787 41791 -10918 -38662 -41705 72244 -47780 -68003 30972 -78876 -33225 19297 50710 99323 -16955 -6458 -33030 92819 -82701 -55250 47563 44810 82191 -56527 -23268 97590 98820 51779 -53397 -58944 -98483 -52839 33077 76023 43885 -81066 -6535 71331 -52552 -87532 33435 53751 78276 -7144 -63642 -70990 15472 2886 43536 -99060 -68490 -58601 9329 59195 12752 -56419 -12400 -88075 -14119 99032 -85045 25103 93114 -40238 86766 -64382 -26977 96565 57324 -83391 -39265 57493 -22576 -37449 -85797 -35233 80355 96714 -55759 -4219 -87986 94477 98094 -55858 27493 -34306 57380 4185 -60164 -37161 47104 -39614 32600 -26150 -22487 -87607 98885 78041 -39190 26310 68391 3019 -6996 -32657 -44822 56271 53101 55156 -30265 -59535 91717 47363 98579 -6581 93300 37507 -94977 -49910 -41079 -93105 37033 7712 67921 -33242 -74826 -24638 45916 7864 71799 -35567 -66434 54871 70093 -87729 35094 -16291 -94664 -12784 -84998 97644 -28596 75918 33997 29913 73223 -72263 -12291 53237 -92730 -17436 -69088 46039 -67164 -44581 22323 27986 -55331 -72534 -84440 61033 -86372 26695 -33642 -24256 -32588 23345 50049 81109 -39312 48898 -71892 81356 -81198 23645 -67264 26990 -34090 87239 -97408 -92250 -47463 86129 -32838 -6533 3412 38379 78154 32154 80305 -27375 38926 3843 -13609 76740 27603 97739 -45445 25532 -22989 -27088 56992 -815 6132 -1161 -98712 15995 -64584 -42558 3222 -792 91264 -84782 -23405 23199 -30973 -72858 -61207 -98248 46363 -72311 42405 -99587 -49416 14389 35466 55770 -44764 31353 67617 -59669 -6784 -65198 39849 77834 53520 63880 -26065 -98755 -19748 -43391 52271 -35232 -4313 -69337 5423 -95225 -64156 3790 59306 85743 -13857 26656 15647 -2097 -65292 80864 12869 9770 46969 -24064 46518 -86546 -43107 74704 94135 -74140 12029 -48541 4958 23177 37165 -81781 20569 -17398 -60817 -31416 69745 45091 -82421 -34858 -11315 -36009 27792 1050 -29841 -58913 59860 35042 -39697 98146 60767 -42272 -97005 -45161 63609 99983 -6179 -36999 57134 -3873 -64440 94117 83026 4106 -89051 36818 71302 40850 -9370 -50662 -52593 57310 46501 22681 -37940 -23904 84764 -92084 -75622 -77957 -33426 62373 57919 28146 88694 -20156 19354 -13743 -28609 90714 28305 -47124 76151 71496 17842 21429 -90316 -27789 99453 54263 61470 -89553 50975 9317 20278 39988 -82212 58114 -18727 -4423 2069 -11816 50724 25640 18154 -38916 59803 912 -75334 -91789 73887 -47421 80137 -34249 -94432 -10052 23245 -46104 5242 41934 91182 52190 -74684 -86583 36024 95512 -94710 -23103 -71293 85012 76798 30263 -17746 12543 63814 67544 -27146 -43749 -91690 24205 87017 -57651 -72717 79491 31822 73077 32711 19621 73476 18994 -82081 77585 88458 11240 51041 54192 -73558 1504 -16041 32724 21267 -52541 -39287 7527 -35185 -19206 -81612 -68879 -91598 -30875 41041 -13017 15253 45735 87139 9991 17770 -71065 -61887 935 -14097 25059 81991 -58105 43974 -82521 45026 -62363 53839 -69153 -56419 28594 98742 47381 63524 68123 39993 33403 -3784 70007 -56849 -32300 51376 76625 52699 -83227 63715 5994 -93228 67294 38892 -23400 -73806 88493 82371 -8859 77573 46869 -12251 -3554 -49327 21950 86978 -40516 -83822 85115 -27097 -43768 19468 9138 -46731 -67499 38835 -15887 -3423 48239 5791 29505 -94285 29251 -67688 14087 96969 63121 -33034 -33082 43508 86119 -74970 -28963 96539 -19934 -99405 -98747 -84504 95651 92476 -28767 -90507 16540 -3113 7558 -88167 -60941 -37493 -67746 -86652 90470 10837 -18119 -89422 16532 59192 27473 -58343 53174 7774 37378 94140 -57708 -53740 92146 47277 31938 73467 -13442 96388 -19913 -59664 18870 -45963 94679 -29908 -32203 54322 86433 27251 50923 94210 57079 -60887 -1739 -69877 68317 56385 25945 80789 -48906 7754 6920 65432 -15667 -27685 16748 92090 -3996 33361 20965 46878 84090 74850 90589 -36197 74805 26961 -82455 -84313 83725 -15428 -50844 53871 95260 82415 -62546 -7042 69754 87157 54689 -85544 12765 81719 29910 20479 -68445 46341 -15114 -48871 87359 5199 -99469 66509 -71998 24641 -24115 -41175 83669 -94751 -32580 -83939 -58632 -8198 -1166 -84566 -87747 -23056 -68302 -47314 -73889 7220 78803 4031 29553 21858 -7693 -61291 25907 -99843 14772 -71033 -59171 17410 50905 85238 92672 80495 22871 -73107 15102 12716 -44165 94325 -14594 -97569 7594 99512 -22502 -53220 82532 20199 -58768 49284 88928 59250 -93835 80239 -22900 -44776 34145 43592 64909 -73604 27686 88558 6746 21073 4239 -64481 -55972 14925 -90917 -62294 93526 -8841 -18208 -35361 -81161 3879 67864 -39147 50616 -82503 -16489 33766 -19002 10365 -28510 26483 -66940 -12060 9719 -85797 -25876 651 22525 34316 -58692 71278 -88255 78797 -46479 14253 62623 -94378 2441 81851 -71819 -16042 86130 84271 -8008 -91397 73834 -51560 2989 -83047 -37725 -32532 -92263 83913 63534 23540 -40641 -75464 -64593 -59438 76165 -85471 86703 13236 632 15096 14145 6417 -15334 -24899 71963 -98884 -14980 -38576 92908 66442 -53139 -27198 -58903 64420 70900 -70136 81301 7971 48163 -27244 -41999 -12197 -41367 83836 -56309 31224 95406 13859 -80790 22254 44219 74465 -96847 -4135 45234 -82231 -37148 36130 -91605 -12724 18774 -41187 -51033 -69658 -41390 -866 16283 46256 98498 71316 46825 886 -22244 -6441 -12903 -2406 -65034 7155 -71108 -17345 -68767 -92090 15466 -97081 92696 -8831 74482 -4213 30476 -97798 -4534 -58990 63289 -2094 -90531 47359 4459 39357 29162 -30024 -24163 -75722 -66784 -49943 -9908 76589 53795 52710 83150 43174 54489 13776 71915 -54561 -16647 47146 4110 56422 -60555 4640 -35379 -17780 12955 -93458 -90827 369 69911 -50956 -12253 74460 -9340 -83508 -4001 -77090 26503 99588 53978 97995 17110 82135 -4781 -80193 53363 -47372 24420 36573 -34342 54131 -12293 -42884 -82458 -54738 19104 -48125 -29976 -34155 -12383 38926 69441 -94784 75385 -82662 63686 29110 10916 80282 -58187 -70640 -48263 -29524 9282 -76622 3996 -27325 79109 -1248 -79829 -16154 -61019 83478 13124 -12080 -34919 -60372 -63001 -66574 76986 -31394 17874 -89743 94370 77343 33709 -75153 -99367 -71895 -29280 38419 81139 -71651 -56006 52793 88886 16059 -81046 61330 46374 40312 -28573 -88580 45636 57573 72569 -34183 -35444 17293 -20821 45177 74595 69839 90686 92223 -68703 -64411 5343 35090 -71173 27804 97677 57673 -34532 -97827 90796 -96276 36629 -95250 -15162 35001 42041 55392 59391 -96875 -13571 71543 33135 -89042 43264 -68349 -29805 -95785 -49513 -43211 -25912 86751 -93403 -10892 -91262 44931 94269 -70559 82159 89193 -87358 -11106 -1262 86176 -41972 -10536 68185 35847 88917 72305 13277 55009 54744 -90028 66400 -51666 -72301 -38156 -82046 -74516 7724 83935 8749 49002 -20449 9582 -94222 -64060 66821 -80316 -57856 -23817 12766 17446 10632 -32293 -62202 32572 -69918 -60932 84983 79680 89816 90640 -9110 48369 37281 -50154 3951 -58399 -86480 19810 -29882 63026 33497 46801 -30935 53299 80943 89893 -15843 56977 -80378 -54868 1920 -98820 51710 -61036 -99872 -35855 -41255 -79281 89791 -31916 95321 13440 -3152 9381 80054 -7213 29876 87547 -68547 98971 9988 2431 -7090 28705 34294 65602 -74689 -44666 -94049 -25181 50655 63479 -9465 -84968 -20516 -38364 31416 49373 77056 97605 3834 -23794 70196 -73673 4317 -29045 -7801 -89654 38508 1088 -62207 89822 85190 47729 -15337 -50184 -65873 -66687 -40726 -93979 23671 -61268 -28902 90702 44857 28241 1070 -33238 -75351 -51149 8324 -74116 -42965 75506 49032 -4560 -4831 28453 -34124 -15957 42630 4035 -68917 32117 95526 -96507 80311 -15350 32121 -47550 51155 -35669 -18134 -90526 35812 -42525 -3270 -28881 66066 -26795 -63101 77034 67528 24211 34994 39042 -7497 48007 43059 33680 -67236 54537 -54915 -96021 13606 60410 421 -2249 -151 60754 -48581 -53396 -2887 74144 56737 8734 -62756 20189 14188 80445 -57209 -63599 -37087 8611 41263 -38145 -78266 -54382 23211 -10751 -39524 -33332 -67817 39572 -46034 60701 93864 59210 84476 97288 -9720 -11076 66404 23287 47069 96189 -91423 -57795 -64819 34722 -95347 -76949 19106 30321 -78853 77719 -92991 10231 -65935 47857 -22352 -4879 -95352 -64998 96320 1339 73157 98811 49787 -24957 -29887 19232 -41486 -4381 74836 -44019 -27235 -74969 68438 -26108 82588 -35326 62867 -80804 -91965 94769 -43124 -51168 -37522 92927 83559 -67573 38567 13033 73797 96193 11923 22857 50240 67025 -86909 11294 10633 67702 27495 95216 -32627 23390 26372 69319 66396 -64415 96911 -86436 86760 -74416 -79166 73505 -83873 -22595 -99597 44522 -39585 33510 -34379 -35276 94427 22756 46227 -54539 3359 -95322 -77735 68405 43199 17170 22887 86534 24697 62759 97378 -9352 68913 -41885 -50614 95816 -25943 -62653 -65069 -14933 -44492 55052 -40761 61472 -66007 -64890 -30878 -66406 -5606 29117 25015 18231 -52431 19535 19587 -33873 -5074 16891 76804 -11113 -87442 -56784 -72042 72588 36621 37768 -9750 -51057 -75559 -73836 -26082 37975 -18994 13240 -90865 -40421 86378 -788 -50296 39263 -39630 52683 3871 86517 40046 28238 42088 32514 -21951 -53771 -95854 98737 96105 74891 -25194 21143 -13171 80372 64064 81390 54101 46918 -35359 -3398 73903 31851 55729 -18453 17198 97347 24468 -85325 485 51055 83911 89338 -35921 78906 54598 -53427 37947 -10783 -36732 -65710 69139 67502 -85694 -60622 -16839 -18607 6772 -78710 10019 86827 74369 84570 69190 24309 55204 -24027 7875 95594 16682 69043 18557 37715 74197 -82109 36268 99679 49293 35471 13907 -43573 88110 8598 95637 -79440 -41063 50521 -14654 62110 88389 -23827 67042 -14009 53558 -64592 84619 -83054 -69914 86737 46873 -12098 96169 14879 -54670 -39796 65822 -12918 65247 -86457 -77092 62208 -26394 20751 -43963 29586 27774 49671 10762 -63918 5128 76865 -48435 32431 52939 -628 -7442 -23438 47515 63128 29359 77987 21836 49473 -77483 85598 25486 45217 64376 65587 -59708 -64572 -94671 -88467 44217 88246 69032 -67671 -93907 -92094 -74462 94604 -33016 -53363 32281 6903 75062 9109 56278 -84872 3577 -52236 -16182 -77506 -15639 28043 -15232 53662 -10819 -71772 -33583 52749 97855 99532 -88794 48128 83314 4213 16734 -74269 65798 82790 75818 -96324 74012 34022 -97923 -99589 86954 -30487 65456 -7453 34964 82095 26812 -51924 -28461 -58941 72742 -54257 26818 76525 68064 -23192 88927 81473 54433 3306 11029 -8362 84490 72814 -66312 62309 -22035 35339 -47997 -88236 -9473 -69862 19705 -67416 53702 21832 -59292 94758 -12997 -83236 -52803 71059 -43077 -32886 -46084 98933 -38392 -14135 -39178 13252 21451 -2183 77082 17309 78218 26894 30471 16465 -44248 -34282 89317 -65900 1713 -12232 39470 26382 -15413 -87393 -45784 74488 -81755 -97621 -21473 85824 69622 54741 14716 57094 -75843 -32691 -99735 23290 25144 -80335 65033 79759 64562 -52203 33695 -92176 8249 -77628 73110 51106 56325 -90764 26189 -30741 3371 3033 85594 8083 58400 30427 75245 -28447 24405 -60269 96603 -76380 20446 -68619 96792 -55362 -24022 -39637 -3464 2249 10939 31191 72081 -35779 92767 -86783 -42846 -59724 -8704 98488 -48298 1413 50162 -2557 87467 -62144 -4997 -14560 39466 16783 90749 92919 -448 28352 -45767 -16067 91181 -97242 24401 46863 99039 -75458 95591 -85480 73327 30868 -53899 36995 80506 -41280 71039 56078 -22003 20915 1190 -29737 90323 8842 96389 77847 -81131 -51919 78223 -679 -76887 -31761 59749 82890 67513 59251 -46362 72035 6138 75684 -37993 -71867 50238 3511 -53848 15710 -12510 3407 82986 -21851 -32978 -41551 52069 99768 -89973 52848 -16542 -83318 65033 58638 -11685 3088 5094 -42928 -95672 -83835 70904 3250 -47347 2255 -61964 86387 -69035 -85892 -5968 77950 -79757 1933 -32110 -85192 16742 33803 21195 94240 86727 69863 -85458 -21236 31447 -71663 -76300 -46396 94222 71452 -4593 97589 -48774 80310 91227 24891 96248 65621 75853 65413 -35423 58428 8952 -4346 -58032 26545 64786 -57221 56159 -16925 52239 96425 42640 2910 15519 20799 22897 82708 -83959 -12276 -5486 -21828 35484 55380 53295 87231 -90318 24310 -76624 -52251 81770 54093 58638 711 59642 57633 -74808 -14630 -23338 84498 43942 -52006 25373 -97518 -86990 72192 -66631 50440 -35175 -43143 82299 -72509 -44387 -66264 2524 33514 49928 -48872 23461 -31365 10283 -94832 -58947 -83134 -34539 13917 98665 42875 40443 -24731 -80144 -5705 31000 26362 -78086 81716 -64503 94472 59260 -82331 37967 -30292 -54706 83602 63946 69384 -1850 -83452 89382 54780 -7412 8443 97366 -77724 23974 14225 74702 -4425 -11920 46270 57296 -58971 -59331 -42298 81593 -3373 -5226 -66014 81090 43340 -15284 45850 28516 75160 -93228 14604 -48892 -98494 74824 -60321 -61244 43377 87040 -53512 59477 -41595 -38255 -6463 -62324 42389 15037 38191 60555 30510 -72771 -1810 90369 -49173 -8053 56927 70111 7464 -21272 26989 -58935 7621 37953 74114 -18787 93337 30768 -30248 8098 -27391 77181 -5644 -15862 -91132 19238 79425 -60444 36295 -35672 -73075 98756 -97428 -67781 44344 -7352 90310 79384 -87081 37976 43218 -87124 41517 25878 -17138 5676 93996 -18604 -8087 96652 -93299 95868 77642 -11285 42328 -70872 70528 -96860 -16098 38879 -97237 -71459 -99604 47329 68231 45768 78372 10223 27529 55856 28929 -31843 -33510 30954 14097 -79191 54212 -44387 17057 39301 91332 43669 11875 -1190 -49180 689 66200 -22489 1886 99962 -13362 -36499 -42522 -38666 -21265 16448 16048 -27516 94971 50491 7066 -40002 -47929 25702 51299 -61229 -59048 81508 12828 -55365 31596 -69999 61516 -80531 -9579 -99864 -52468 -42701 27120 -23933 -45805 44026 67463 30741 -35807 -24424 -17890 -86819 -15292 -56853 -69773 57362 -24032 -97726 -16247 66041 -98976 -33809 24057 -65773 97015 9238 -93073 63661 25358 68191 47764 11954 -57048 56021 -80067 -29304 -6833 54010 27615 18200 -38070 7398 -1001 -95786 49984 39627 96890 94376 -16878 52201 -69892 58990 45923 -75585 15104 96969 -21870 27059 88927 -39222 1940 14253 -4359 -46264 60956 15664 69226 38601 38191 -8230 37357 18070 -21503 32636 95955 56133 79050 78251 -9205 71595 -5049 18669 -69468 -35842 -70317 65609 60452 40305 -33634 -31201 -30808 89471 57530 2316 -83086 14070 -36257 47977 -16079 -52528 -11146 25539 -34208 25167 24973 26714 -27211 -37871 14974 67828 -58630 -79196 -62879 -41735 33062 -28129 35061 19303 16491 -3218 530 -80940 62751 -78665 43730 98169 47531 36093 22966 -12939 -2138 29179 55354 75326 40999 -42081 -66751 91489 -50874 55884 -89385 67576 -92537 -84340 -15147 54454 -96776 -16195 -24855 -8071 93840 -70296 14859 -39676 -441 -15567 44318 -4495 -25450 -91502 -15453 91197 48708 -82395 49856 -41249 -27320 -20592 -51528 -23860 7152 -67052 72415 93826 23037 -72960 -64681 -50600 59926 -38581 -35260 -85496 6541 -11858 -37938 -47000 -2519 -48947 87088 -3418 60572 23812 -17747 53438 75780 42004 -94721 49507 3797 -58992 32061 -51266 91428 84530 -68532 55822 5733 -99975 37717 28474 46838 28135 64943 -14746 65910 23389 32186 70824 44712 -61648 83910 24805 -50102 21916 11392 -35106 -87573 54138 22910 19448 -42461 52318 68094 35128 89985 -35182 14648 879 7982 -92863 49218 30946 72320 49261 30703 31923 -14566 -12187 -97080 97678 -85516 79862 68451 -23365 -27270 -4632 73477 -87844 16311 84617 -63169 57445 4787 -58822 59855 91191 94096 -92869 79902 -78585 -95486 15722 60473 -39360 86298 -52298 80811 -61316 6106 -6757 -61277 17609 35475 -58492 -9394 -24070 1139 -37714 -95884 -12819 62832 -20232 75823 -79445 93420 -7927 11505 31040 -68263 -82256 20276 15888 -16248 -46706 53107 44480 90079 15947 -56853 -27134 67120 -17232 45128 -76260 87873 54747 44984 20679 75793 -91008 32651 75966 31286 -20266 -98126 29721 -13667 86605 -17313 -47444 81059 44342 -99418 -4431 -48673 94421 2730 -11203 62160 64275 25101 -62792 14657 36728 -43134 62324 -2755 -91287 18867 94186 83033 -93699 -8459 -78485 -50223 -88087 7151 58862 8897 17555 -52375 -83006 -66316 40177 -72014 -16750 1746 43527 -36474 44911 17940 -92635 -51985 26748 36497 -12548 -41176 17912 49203 45948 -59212 -70734 -24296 90067 50341 -55265 -18688 -77856 -41621 24030 -72887 25684 -36735 -99338 11701 80484 -49611 48468 -90735 38722 -2487 39119 -43442 -91260 6954 46609 -31631 79168 31560 -46473 11425 35238 -67593 10988 16142 -57563 -47846 40439 3460 11560 -11926 74774 8466 -87960 4620 24467 26026 -2641 -8276 47882 -6748 17678 -36164 92680 97501 -14241 -23818 -73658 -99212 -16519 95311 98500 67459 75398 15847 26194 72738 -65701 -7255 -96870 -23017 -89750 -53119 -13961 80472 96284 39774 70653 61180 93302 31647 43688 -83041 -93239 64675 41710 -16072 -14715 38569 17324 -60351 -44627 -10186 26991 32082 -23464 98200 -5683 23898 64963 -60946 -87819 37992 -94421 -59913 -24468 -70078 -95696 -24959 -77548 -3046 -84463 22399 92714 99944 -20576 52006 -35854 -69344 6449 -653 -96388 37101 75930 -68835 12230 78398 -69963 -77458 -10012 66518 -3865 65069 246 14486 -76582 -39455 69845 -25411 -95636 84715 -27781 15462 73950 71549 -6599 -88193 -88965 -89139 -18240 -11994 44703 -21128 -91108 67962 45158 53921 -63882 -65889 64153 25189 -93943 6467 49601 63308 78723 -90264 70608 776 -18691 59117 -19325 63530 -36562 -12959 14582 70165 -8699 93752 82456 70257 32700 -89325 77668 -40948 71814 3217 -44644 47436 -42974 5762 -23222 27727 -63272 -56813 -20203 -4888 -14748 33691 94983 -74498 27013 -89938 37358 91248 -42084 -38209 -8386 -83059 -22199 68513 75082 -51771 -31676 -28658 69582 66738 60583 65327 86173 6686 5219 84117 -35044 75950 59245 -90767 -89349 91269 -90860 -31881 -6423 -44499 55111 86137 43858 -95234 -28375 83888 89864 44216 99388 42537 93107 9346 29975 65667 -56558 -17115 -72608 -20939 -97314 80205 50826 -1308 -71297 93657 14696 -86649 48015 51926 31587 17393 -44751 -80728 30500 -96353 54662 31357 -69668 4334 6506 39803 47050 -73091 -41573 -95329 -39753 64288 43019 -22914 -456 58005 -71535 78092 -52648 44053 -74852 -4360 -85674 -73484 -117 -33839 -14668 -31551 7179 940 -59770 -3087 15132 -39278 -70717 -59423 -8464 -42581 10548 -71687 -66647 15704 5496 55584 31224 18602 3459 -54854 -57585 98159 53093 -7029 30593 95457 67478 53187 -18976 28001 -26574 -4616 -90267 45588 -84290 65379 47868 69755 32544 61716 18320 -68612 22224 -39303 70926 -42204 -76524 98822 -11696 30033 -75345 11229 -90347 -27190 -54782 311 -78376 -30517 -33815 17388 -77045 9417 -12714 -90329 -30555 -31189 -72530 -3012 -51410 12759 -31518 -25569 -9559 78832 72910 31132 93949 65904 -62399 57181 8551 93604 56256 -25077 90946 -3239 -32641 -77374 72979 76467 50303 -69983 -42539 91443 21349 46199 -88324 -33339 55960 32641 27168 12348 -64600 -94516 58058 -50362 43546 -49581 16456 -35373 55774 2807 -14734 92923 -56803 -18090 -54486 24577 75668 9287 -99362 84821 27361 -26254 72988 77177 -68263 -18475 14442 -31441 99990 -29152 -99108 -55341 14120 81874 -67500 -50104 -7645 -49856 -25966 -59388 -14659 -7405 -10481 1027 -77373 46011 -48237 -62414 12786 88711 -60039 -76856 -45520 39818 -32935 -67787 80337 -5605 -9644 -81022 -97668 50901 74854 -7837 -28390 -65259 64740 -5096 -62942 26155 -11062 -98262 -3585 5373 41864 31942 67409 -83810 33839 -28206 69668 37781 -54931 82747 -96528 14977 -59012 23421 -81172 -60338 2575 -50678 -46123 -19560 -91449 81474 74053 -51678 72118 62085 -44453 28114 38805 -72390 92232 -34927 -60299 6617 23172 -58487 18307 -35130 -36078 -59459 7329 -67133 17657 17220 89007 12603 15073 -23605 13880 61064 -11986 32805 33353 -67593 52210 66346 -23218 99837 874 40884 17008 67816 85174 20011 97280 -22871 52980 79830 -60403 50780 -24101 -29617 59147 60059 -49174 -80883 -47242 9336 28185 -9146 67040 29737 -58847 90759 96678 5720 7183 32287 -31676 85944 58214 -98800 80027 -13404 -39730 5995 70167 10807 15118 69389 31438 -45149 -51051 -91677 -49828 -80170 4028 -67640 86952 86448 -45895 -71871 26790 18014 56467 -96116 -10466 -36213 -20725 -89191 -45638 45380 78413 39988 -41906 -50346 -47648 -73311 71491 -16402 74260 90864 -74877 34242 -95878 -72369 4337 5596 -26718 41703 -97029 -58707 -34586 10986 -64565 40967 -84711 -68743 56498 -41782 31265 38545 81699 93359 61115 68939 -4221 -49157 -81135 -71072 -7302 -27640 75152 -36831 47684 26885 42653 -75293 -5764 27058 -35494 -31818 -77301 -16763 51992 -77859 -94366 76620 -1019 11754 -96772 31101 10164 -51935 -38217 87623 -370 -7406 -84375 -24055 4118 -90071 -62998 7584 71186 -54232 -62368 -18489 29619 44755 67536 58630 -65442 -62092 -11686 -72536 67334 44248 82534 -61617 11742 68093 -73969 -35849 -11565 -88698 9003 -67134 -82944 -84180 38771 -24216 -91305 -79713 -15306 25847 60839 52551 30134 70816 -95370 3464 -64362 85886 61253 37221 -83145 -90256 47937 60377 25204 68446 -7248 -51782 10796 39192 3720 9681 -1913 -86993 39828 -43790 9773 44794 -75635 99964 2586 46055 76585 -57019 -70191 -23739 -88997 16006 -40746 23482 -48629 -85866 37745 79806 18851 -78305 -26449 97769 -48178 51668 -95310 -48879 62299 -97375 58014 -59353 -93140 -86355 -10533 93707 74316 2539 -53578 4282 -89628 26452 -98093 65804 -53529 70911 -25408 29090 -25179 34655 -14445 71253 17673 63500 37216 87766 40054 38845 61493 -54967 -83455 -39435 -55897 21071 -40123 39710 -69275 -13446 -54357 -59976 56253 -45680 -54669 -64562 50706 18886 75800 77997 -54215 -14023 -32911 -90255 -70604 -22217 55362 75838 77202 -34772 44355 79290 -22473 28268 -3576 -23548 -38468 68004 -77634 32609 40773 5335 -18398 -5364 57327 -29675 19151 43152 -86339 -84944 24664 64935 50468 -54465 93055 -29326 97532 12330 -43197 4801 7766 56934 37165 -36513 25316 -8148 -5765 67386 70281 -4185 69955 -95525 -26562 -11871 42647 -36034 41470 29195 -5400 -89857 -96431 94428 31020 96000 21838 -91782 61762 52321 -85788 91823 -50642 -69704 16340 -62038 -75098 65190 -79604 -40487 -4954 54026 85235 31157 -99380 -25878 -49420 -45086 -38009 -71166 98539 -1759 76510 10262 52224 10238 -30625 -95180 -69714 -87217 -78138 -18110 6354 -91875 -76240 62028 77519 -47598 -45264 -14311 -51348 -98129 13975 -56384 -54347 459 -85697 79982 48648 -45718 -79746 1644 94837 -27562 -65802 99370 1274 4493 -40567 -39417 -69336 -610 -75229 -23235 -86241 44110 -59062 -50113 -72369 -97954 -83273 24613 -77530 81168 17671 -68260 57828 52590 -22640 -17048 21926 93586 -34451 -87888 -12326 99862 -71128 58263 74556 66944 50119 -5109 -92439 45249 -80705 56767 86058 -96955 -98511 98466 -12780 8284 15600 -38985 67166 -6123 -58765 9366 -40799 -4369 56789 -3247 -77186 23691 13299 -37444 -5232 -52258 -30863 -71314 -37135 70960 -92625 -60659 84688 -51314 38218 98469 -1336 25551 -74358 -85759 4033 8584 -14401 94640 11000 -94310 -55820 -22706 52337 -56062 -49335 -3968 16852 15423 16339 -24620 -78726 74141 -21090 52038 -88506 -3738 23423 -77599 30647 -11623 -49761 -60374 -66313 87002 30021 78853 63590 62041 29290 81954 77653 -8806 -57214 3224 -68012 -17186 38130 21790 37007 63695 84325 37392 55917 87224 -69762 5132 91024 45186 -34654 -74143 25135 -72241 -16835 -70292 -75459 -82517 -32351 -57406 89614 -31031 -69588 -58787 -23254 83952 31269 -18275 -4511 -19953 9175 15239 -43158 -80506 76370 -46551 16306 -80508 94268 23198 87160 -30873 -75775 50305 -99856 78886 7445 5458 56530 -15805 -18665 -16774 71614 -85974 42279 -7755 24673 94060 -98711 -49653 -33371 -98049 -67953 70271 -76207 29217 5728 -76581 20982 -92416 1438 -72667 -45920 70460 -90360 -70284 -72860 76188 -67042 18473 -44106 39529 -41894 -76282 74239 36931 65535 70388 -76971 19296 -57445 -92237 -35934 -16664 23242 53913 -206 -6242 10597 -31966 -96797 -91964 -83314 49353 -83268 74511 70384 92895 -16849 -23776 -65952 4546 89478 -84992 86020 14738 44954 -61057 -23740 -80307 -67763 10401 -26557 -46057 -28897 99833 80487 -54772 -20581 73223 85432 -81724 -67991 -33552 24002 -16873 -23547 72721 3745 14426 -62121 -27975 97367 38457 -61764 -66726 -40015 -83629 68879 11524 -22968 -66892 94601 -80788 -79229 10816 34012 -31393 4945 -85630 -41196 35927 56657 -8850 -74363 64604 83945 -11411 60795 -60990 -37592 -26841 80734 10775 2475 -16480 -61500 -83057 97543 29826 -24863 11330 -32597 -14868 -50631 99558 -38757 -74165 13550 97149 -29132 52172 -17562 -97496 12761 -91157 -15175 69234 -24504 -72894 -74800 81150 -44112 24730 71250 -72677 -41341 68260 76764 -23820 67974 11488 94729 -36535 65869 -72426 98421 79201 -96885 30120 42429 56926 79292 -88069 67504 26755 40386 12260 51153 79438 96454 -15791 18717 96003 -1501 -85971 -70777 46127 38121 -40382 -96411 -28096 -72087 82322 76602 -15403 66199 -27042 67439 -25687 28046 -19668 30629 -36968 -37578 -29885 84061 -41569 -2713 71545 71188 59569 22893 -34828 13252 98983 58069 25257 -90974 -75416 74288 11824 31587 -5562 -59043 -4890 -36713 -79945 74526 84127 26796 -16174 -87212 -33385 -98925 47721 -43831 24196 -95139 -78345 95988 -69702 35880 -14154 62891 4289 46017 50025 82592 17359 -29570 68890 -95320 93398 62570 -6029 -55657 48023 -94430 -14134 89861 72282 -7120 -91477 57015 -8223 26640 49558 -59849 31647 -82326 39104 -30033 17156 91345 -59808 2386 4392 32469 -86990 4000 -46132 94252 58950 58756 66490 -54934 -24497 -79824 11679 66579 -75135 -76306 56455 -9211 -29376 -90763 80879 89022 89708 66792 -62 -53468 93901 27918 34428 69367 60279 -93202 33831 39655 92862 95331 72001 -85863 3220 31676 -47208 -76661 99790 -67824 -60654 75045 -69132 20678 52717 -12906 57988 -63419 45336 -61066 -58007 -45036 -36714 -78684 -51404 -13669 2282 27414 30645 -64085 -9241 -99394 80914 85715 -43851 36080 -9813 98357 12439 -67681 11312 -54160 80635 20716 83319 -69557 -31526 -75901 -50329 -26791 -54264 30235 71104 85701 29647 -50552 -62258 -47164 -17280 70540 28949 -39045 83380 28471 -33315 -52840 -73462 77271 -18861 89381 -60400 -96889 59699 -33774 -51467 -90907 15157 55693 -37489 26131 -31605 -70657 -3107 70259 33218 19366 -82828 61904 85837 61597 -24636 -62389 -10247 -86784 73674 -13679 48525 -64363 73825 -13490 -40696 68034 -99427 50649 -4543 -5918 80641 93775 79274 43498 28896 29597 59330 85109 59090 -41348 3647 -22567 76006 -52254 28074 -44725 20674 53347 -8712 18970 -60950 -41665 36465 89179 64322 -73904 10697 78525 -81271 -66534 52829 -61048 -77700 -37254 -15951 -72823 -73267 72938 66892 -80692 -37248 71863 -45611 -86702 -71975 -92297 24630 -13971 -50789 -2231 77314 -88373 -53306 -31807 6170 51198 -26882 37697 -24411 86507 91811 -72845 -55296 -44653 -63448 91178 -66943 -52457 -40192 -55402 -91249 46202 26903 -34655 37291 97292 -15654 84516 24391 -84472 98416 88623 50870 -20201 -45683 53294 -72520 -34843 25840 -96870 38096 -7395 47288 15241 36100 -46233 25758 61998 -55578 -67521 -40967 -70743 11215 94145 45200 -51292 -63153 -1490 70264 -85822 35231 -98289 61814 56253 -45175 17015 -82277 -2383 -72026 63734 -39212 -80466 17740 42464 -20938 -29232 87268 56912 42729 46568 -35420 41640 -99183 -48267 16461 67235 -27043 70400 14733 94100 -39363 42536 -67677 -74908 -41454 -45247 16756 -83956 75937 -34409 50697 -30116 3728 -55684 -19731 -3990 -17907 -19105 -91828 15245 28000 -96000 -95932 -15885 -39015 -6656 -15613 70397 33092 35997 -65877 -46400 -30846 44644 89673 -73492 74886 -67410 34002 -92808 75047 45597 -53024 48020 70895 95568 -39092 35653 -15586 -84806 -64274 91145 40232 -26512 29016 26156 55074 45054 -56491 -10710 35121 27488 93023 -7173 -42542 21766 -81610 -2718 11718 -22723 -73703 -15818 -38433 -43281 94906 -91265 16982 -95769 -37 7733 9077 78537 29347 -84047 68987 73671 83004 5275 -44120 -38939 -76246 -73819 50228 -81888 88386 12919 82705 -75542 -72644 54740 -12866 -11668 94921 -42271 -93299 55968 -35800 28471 -46113 90421 -70092 -50110 -32987 79616 -85038 -39610 27839 29210 63256 -79769 22294 -97792 -43662 27310 50009 65420 70953 -44633 -92795 8572 -74435 41153 52230 -64053 -86671 -96181 -24818 -2726 35623 -66028 -88181 24995 -62282 -74703 2539 -52155 -29142 17642 81607 -21731 -66713 -21735 13142 46508 -29216 25353 -36080 -61351 -5579 -15781 -84108 11307 -13892 -64767 50873 73165 58835 -93688 -12106 87828 -42631 818 15647 63650 66655 -68635 -66082 -93648 18043 -58343 96094 90909 -91033 62896 -9407 24961 43848 73391 58687 -94050 -38617 -17745 82275 83951 -15898 -97070 40801 -74122 48995 58464 97534 8636 41455 95942 -31042 -27208 -15633 14147 -14372 84561 17100 95066 82721 88554 41199 -79174 91142 17248 -30914 -22818 -51385 -91187 -17531 -31763 -85442 66683 -5218 -77738 -3031 81013 74583 -14585 10056 26969 -26440 -97478 47844 -54311 -87285 -69317 91194 3169 69343 30657 -17173 57659 93023 56436 78141 -36368 -90710 -93698 -81242 -41259 -32499 64541 -79437 -20512 -91278 -8481 93391 64927 41255 -86325 1607 65172 25503 -94991 49661 -81083 -33194 -28757 13612 -5798 -18911 36092 -32528 -98543 -87148 -96447 -89461 -22982 -90193 -94102 -23220 86964 8094 -33187 -5946 -33960 63387 21101 937 38523 -44672 -22486 91837 40376 15533 -7985 -55331 -5292 6506 -95038 -26061 44598 52296 58601 -62783 -26069 3892 11411 -64728 -17095 16257 10639 -84135 -78201 -49559 39027 -89639 82631 23343 57926 -13125 93588 -79259 -76622 32945 -70612 -55268 75005 -72011 679 -7488 -53631 78590 72459 -2255 -84303 45981 76957 -69197 -3495 48412 -13518 57723 -94102 -19187 -37016 -71465 -11343 -94354 15132 -81482 30354 -32701 -81346 65663 13466 79245 -28035 26099 26929 89198 73357 1523 -50535 -73386 64062 -89548 81085 -40047 -59024 83656 -35118 -68112 53076 20211 5383 23683 -84819 -57490 -5045 -19445 -1498 -73879 8343 33667 -33420 -23316 -27107 -457 55639 9949 -25850 -4193 99513 68725 32403 59106 98996 -52810 -34124 79093 -19178 -77980 74137 42146 -40249 -51445 33298 -82354 -76926 -36540 16375 65863 -66708 -28734 95529 79005 78441 -26849 29267 86747 56159 86186 -58812 51592 19947 96128 87968 -14904 50653 -75799 88111 -30229 -21530 39008 50800 -19849 -94753 -98698 50585 73160 -18856 792 -10934 99424 42716 -33135 6215 -38493 52054 -59454 68916 96288 -24188 46893 94367 31895 29587 46840 -95206 68826 24936 97118 -36061 25415 4150 74609 67406 76574 25133 9593 -33246 49991 23214 -46056 18690 39233 -88128 -15686 -34927 -28123 -61198 -8089 -70767 47562 -73886 41039 19166 -67856 11007 -66761 41094 49855 17013 -19623 15748 14090 19992 13386 11439 81981 4931 97539 -84960 81423 60070 -78605 54227 -68413 57651 -50264 -4374 -57091 -241 -33646 -66922 -10212 51222 72444 70038 60227 -44793 -70319 17526 14093 51879 30081 -95937 39185 -6929 10222 97139 17310 -16491 50776 -69387 -93142 64719 -1756 71076 14314 92325 -44279 92332 54984 70949 75875 8966 27124 -87834 73428 -20567 -27262 16742 25166 26175 -70906 -28777 -91074 -6824 18039 22702 -85475 -64671 -4267 96574 -95210 82770 -77573 -5634 -3392 -26049 -32878 61927 -26029 -90620 67746 62768 81397 63313 41094 -15928 20139 -15125 -65348 -2953 2091 65133 -43253 28611 -32278 -29977 95643 44068 -29460 -6431 -11753 92037 -11702 85997 75402 71573 24099 2335 97352 76453 7480 -44813 -36554 -11326 80840 -28831 -51832 -99154 85751 -12453 -93083 48189 -10487 -43425 -97414 79786 17786 -57913 23319 92344 23247 -65727 38405 63848 85277 82327 -62536 24467 1994 49890 -14282 76227 33041 45834 30543 -84221 88060 45575 52324 -28512 -58688 92776 69113 11773 5666 -94009 -38460 7414 11063 59942 41639 -91843 66782 -50874 21815 14080 78611 -19723 -30740 41809 -54785 68146 57304 -25165 -48476 81395 -5534 -87893 -85154 26340 58115 4361 -73101 13339 -6968 -41296 25357 29953 22431 78458 37758 -32878 -63413 -27073 28706 -72167 10121 -24521 47916 -83057 53727 -70719 2129 -49394 78351 12284 52553 -12529 -94309 79987 23401 -54491 -10056 59223 -53880 -9752 -90543 -74019 1764 58975 -80612 -8594 11960 60708 24894 38979 -83752 25924 63810 33596 -62795 -45432 -85982 25371 75608 -87920 -94459 37334 -83403 -48442 -43440 97713 96485 -19292 93190 51917 -95181 -62927 -45342 25915 -21448 -39261 -53377 13298 50528 87724 -53970 98678 -26938 63452 -26230 -74396 44757 -99008 -76331 82637 -559 76355 51315 67434 -7605 60118 60740 -69113 -69071 69047 81998 -54244 50042 -21218 10240 -31097 -89664 -35177 -82129 -71956 42187 -59186 45044 21150 57170 -75245 -31012 13940 -6354 54698 -8543 -74863 -78475 71318 -61966 -92792 -50568 -39578 47557 96437 -84386 -3677 58005 866 13305 78252 13434 69425 51956 -33465 -59581 -43155 50460 -23956 -50484 46178 77122 -45524 89009 26268 -6349 77193 95521 -24766 -58314 38911 31311 -21380 902 -36472 24268 88615 25657 -36739 -19655 64577 44152 65130 -14933 -85920 92706 -36131 -97449 91636 -52994 17586 24492 -64180 79250 -79206 19000 50853 -46431 -80438 5128 -58480 -6217 -87788 -13490 -7594 -48130 -58596 11286 16265 61845 58945 -61808 -27144 71609 66118 -19985 77098 84275 33963 -35491 81135 22121 -62360 3436 46369 88402 20945 99832 85441 27774 54451 -36930 92362 33746 74591 38019 49264 -29640 55849 -79222 -55051 38037 14348 15984 -56551 32757 27820 25863 -32599 30512 41132 546 61632 -78120 -86366 -22781 -95278 16160 -542 84801 -56642 56450 -1131 62642 -149 -17818 -52121 96438 -26154 -73698 94945 -16967 27423 -42223 -80520 74515 34688 -86841 -63109 -95215 -25115 -94707 -30827 -79685 84646 -97915 20637 -73186 48578 -81895 -64702 56013 -26644 -34633 80480 -34858 19641 -85259 -52805 10713 -4471 14768 38703 -73866 -23688 62615 3720 -41799 -6256 -16677 -92145 -79304 52684 -45077 -2998 -45205 -83458 73467 -79170 -92043 -70167 88554 -15248 33997 -20795 -3169 3722 16109 -40952 -75980 -42616 25082 -84917 82035 -87857 89766 82807 87650 -82802 74085 81681 20894 -27849 48696 -50046 -75810 18230 -5769 8752 -92720 30986 -38863 -98214 -51533 -72827 84981 83553 16734 -44134 18790 -44143 -38121 56124 26111 66100 72744 -88389 -78130 -98507 -74386 73154 -24129 48290 -54962 8458 -58978 -79880 44600 61633 -58564 -58242 90310 77542 -31560 -95923 -99977 9034 -79724 -45286 37421 -52 -12276 -29241 81525 55599 11767 5608 -86105 -55154 70480 -17924 -77715 -28999 -34581 -10506 42210 89234 -89140 -27452 23460 -78121 -83184 46044 86443 -91889 -91468 -20614 -11143 -86213 -78266 -17206 95654 -36450 -81636 85528 -70507 49993 -14022 60235 64401 6547 -84764 -60389 26333 6492 57398 -50050 84231 -28164 98337 29603 27071 59109 14563 9351 -86975 -14191 -32715 31708 -12892 -1427 -60765 -16946 23784 -8265 -97842 -28339 -55660 -52955 -18836 5045 -31596 98475 -85084 1395 54839 -30937 73782 95602 81469 31133 8798 98410 -71261 91080 99251 28982 -11523 -32405 -72240 93654 35849 -58224 30717 30810 -71329 -69641 -21328 47262 46297 -74536 318 -85446 -3244 45841 -94478 -80171 48773 30867 75942 -13408 -7169 28480 -88979 45925 -55329 5250 28950 93467 43761 -13 -14515 -87774 -31147 -29003 92446 -24058 -76037 -21619 -26863 95717 -63981 63613 -31691 -62002 96273 6013 29417 64930 -95076 38946 41248 -84117 83495 -9154 -88563 -83013 -13910 -67531 -40406 14886 75396 34165 72472 8804 -53658 7665 33654 -33922 61854 16457 -88727 -23109 -62518 -33209 -83545 7737 90217 47703 74401 32359 -69486 -22716 -60713 -98537 16729 179 72875 41289 -79396 15118 71280 -97218 -88441 12506 40215 -79602 -30616 -42337 11657 -5641 51200 23839 -59587 76081 -40852 56230 96147 70540 22560 2613 7772 93253 -72534 79090 -87581 -17978 -34051 -68149 20322 -78100 -15472 -90101 -92320 29582 13357 -96355 -78942 80306 19841 -8809 98646 -70932 86217 94666 40742 -98435 -98572 17645 24061 45123 -34353 -53071 32882 -25564 -3603 -4949 19683 14505 -73091 38799 63875 12170 26667 26411 -88009 13632 12164 27954 -65599 80371 -75793 58365 90350 -58234 -53632 45027 99157 -39036 -21515 53668 -69245 -32119 -46181 -97202 66486 55156 -60404 -70968 -5004 -58465 18614 -53677 95382 -4699 63096 27213 40178 -41791 -48546 10841 21600 -26497 80386 -85743 37332 77700 51056 -73193 -55284 80087 -88219 -9483 55454 53092 -29848 -24876 80375 21982 64640 2520 54901 92549 39829 41427 -92330 -76248 -53766 75944 -56701 -10283 98009 6170 -66169 -84054 39492 -43330 8775 -74824 94770 -96183 46631 41484 -89959 -61013 -6237 28684 72538 -89911 -81685 5758 70114 -55854 88137 -87609 92735 71383 4391 88291 -36834 19978 -83676 -40628 -2571 -11644 62282 -7792 63250 -72315 -16627 -67690 2610 14849 -703 97468 -79844 14189 84886 8358 -60239 50089 6397 -8978 42001 3958 95615 -49442 1125 -85752 -65199 -5694 -36175 -1508 34594 27973 -50714 -62174 -84110 62223 -61157 -53393 -14481 -27672 -5736 -87941 44070 -94856 1505 61073 -29684 -95191 60572 15132 46578 21396 -46442 70248 46499 30553 -74598 40462 -47547 66724 -24631 -69260 97833 -85339 -86658 67700 -98829 14562 2108 -15428 41535 -23225 35077 -24713 -36863 86517 97984 47736 -39329 -92838 98304 -98475 -27477 12878 -83752 -40979 83911 -17901 70422 87320 8551 -99656 85840 39902 59704 82535 64815 30155 -89998 615 -27669 48173 79108 -35780 23290 -2229 63531 -98606 -25386 -25904 22547 60066 -86646 66581 -17455 95973 45346 -36408 -84878 -31107 23179 -96131 -66841 28077 71666 38876 51244 -93813 -58107 19393 11530 -31086 -3444 -70225 -50697 -98851 79734 -87478 -15945 65303 -86910 -68996 63364 42979 -14076 28698 -13911 -21676 26406 -45015 42113 33155 -99937 42067 -25878 -52827 27066 -19402 -93613 352 -58079 33831 -56848 31433 -14671 -99300 16501 -57061 -9698 -17494 -41359 -51822 -96553 -2888 81789 -63290 40574 -5437 -80872 -16218 -3060 -85297 -69311 -50577 -13629 -58843 -33705 22714 -78865 -75916 14745 44929 33732 24252 76289 99432 -9422 -96471 88627 -5249 -67996 -45404 63149 95606 81306 -68447 39094 66489 -29946 -76985 34449 -93574 -5927 96257 -75728 -24111 -73306 -66661 -94215 86958 -99150 29136 -32290 65662 -89064 -27950 92670 -2041 -82240 -13172 12151 52169 58259 -44205 -43306 -59623 23948 6737 83543 63832 -61884 316 47261 49880 53070 -30471 17460 -40722 33937 22020 60368 -46767 -88978 48728 -60454 76787 -3103 -53294 -46613 58003 -87302 -1571 -86569 -3801 8207 -47913 7864 -88107 15065 -78778 -61016 -20919 -67730 -46631 25091 -46212 59841 -22122 61389 -77311 -64111 69131 -17965 40301 -81776 48765 -41849 12789 2072 51678 -24721 -50273 12900 -22017 -45588 12073 -8264 77731 81756 -48892 -77969 72435 -19722 93787 -17393 81662 56286 -26613 -2264 10288 44684 99395 -69239 -3489 -91682 97696 42358 53003 -16214 -71462 -23048 2 83826 -38996 71203 -71743 40014 17375 61840 44335 51766 25547 7703 -40161 -37123 76630 99139 -87844 -66254 -47970 -97946 -26287 -59196 -44899 -36908 -41799 81274 35829 37666 65506 98942 -37264 -72830 73386 49422 1341 -98933 -61943 -14961 -92897 60061 90391 87095 72744 -59745 29935 -95765 -32234 -98488 -93642 -18647 -35733 43202 14169 -507 12392 35030 -20514 22501 -89486 30979 71002 -59936 1895 -88773 93521 -58006 21664 -17561 24947 92333 32708 58853 9699 11837 -46906 8351 31981 -92412 -6434 -46218 27280 -49266 38915 -84826 45426 37852 -61403 -47244 -50216 -88685 47913 20690 -92255 -75524 59569 52251 42085 -55507 -22771 21672 31069 -86794 65388 80204 22346 -5120 -73975 37269 81508 3855 -63664 -72655 -99166 47704 32910 73075 63927 72004 8536 -50684 5845 20690 38256 79725 -54421 32511 70110 70439 -82168 11049 42723 50466 1505 -97044 -96389 -804 4582 32173 78503 37254 -83407 -58154 27493 54139 -87692 -18321 90556 -57157 -3141 -54948 42685 76157 -30201 -1058 -15451 32011 -93908 10701 43113 -80318 77633 17857 56444 -64829 -58900 65491 -25161 -73559 74543 60209 59815 19627 58468 16095 -97801 -43129 -67674 -89176 46175 -83671 39244 -44391 -30688 46477 90024 -98850 61953 43149 -9364 90167 -32241 -32521 39122 19552 44437 50344 -88327 -28768 39981 -35333 -49564 -33159 9178 -16554 41345 -1133 81417 20028 92999 66305 -64480 1421 -84302 -52080 -73796 -43232 -81585 75628 32214 80288 -92253 10719 84349 10756 96004 90613 8796 -21974 -85290 -16067 67764 58818 51510 24921 66570 79242 -20388 -41654 67863 -93630 39253 30732 90002 45695 -97741 84211 -44517 16689 37374 -54654 68406 -12331 85084 -36768 15033 -71972 -66780 9647 92664 37858 38282 30153 -93938 -24677 -78950 -12539 -16105 27563 41693 66882 -74196 -38413 65607 92414 15241 -47496 87278 -79598 -25628 -56198 -68689 25311 75284 -11337 1633 -63948 -29194 25954 55767 57887 -27767 89428 -33931 -35446 -48516 -70846 30229 42769 -58306 17856 -40747 89376 -89771 -7762 70205 61654 25199 7087 13955 -64646 -91604 38380 -19021 -96321 15483 36539 -28109 87429 5113 -33660 -96447 -69871 -12954 15925 17709 -22850 6505 1239 -63584 -69369 57260 61077 82969 27345 33956 73593 -17002 12050 -10099 65447 -67175 -17137 -9926 74061 -21173 -60759 -31039 -12417 47382 10602 5356 19123 -54249 59943 -53166 50092 59149 -85626 21432 -57528 -64539 88382 10107 23779 61453 -28878 -88551 13628 74643 -93847 -74075 -17573 -31899 -72681 -40319 35467 -57102 14896 88028 -38819 46040 6734 75878 40915 37787 -42687 -37977 61520 -64621 -46813 40612 74696 96772 58813 37557 2309 -63869 -59332 -6112 69581 -33707 10941 70180 31333 93893 10433 -51053 47587 8077 12914 -77225 -84167 -40583 -5522 5237 -2239 30348 -29565 68146 45396 -86419 46686 -18170 -47369 28612 70872 -79237 85083 -19939 51945 -57812 7589 -61816 26102 -39231 64338 -4151 -98933 69746 4541 -91754 -86293 91299 -79775 -61033 12187 8159 -25192 2331 66907 -90464 53478 13755 -80216 -25356 58563 -90494 48523 -78088 -98334 -87690 56577 -72113 12641 2821 -6776 74590 55420 -15307 -19022 -10918 -18477 88812 -34826 -89843 -85666 -74811 24406 36034 -29544 4894 -65844 71580 92727 28691 90626 -21850 99103 70608 81111 -59034 -98886 69532 -17479 -52578 87193 -65781 -10903 74382 76891 44160 49583 32762 19997 79967 -48225 -85189 30830 -48018 -58621 -71424 7916 4029 -2084 4822 49305 -72215 -87980 96473 17293 -84502 64417 39517 77932 75069 5911 96873 -82770 -69081 29680 -75566 -44058 75361 -33722 -99756 67597 -61511 -6257 -91211 -94115 6731 -29290 -53824 -61282 20163 10239 -32567 -35722 -18706 50814 69440 -19625 99960 76023 8501 -11282 -63260 12999 76608 79783 -6642 -84042 -16145 -49546 -25433 30833 28541 76138 -30955 -79151 -78584 7807 -96100 -58853 33260 -1955 83795 50213 -7631 -49603 87971 44031 40899 89053 30688 -9989 -5850 57157 67593 47048 29380 -17050 47792 93666 -50901 -84445 -31756 89698 -81714 76451 -9752 -15288 -57099 38784 93399 -56827 99938 -40122 -86962 -74055 4692 -28230 90981 -39446 -94633 72719 -35486 64412 -64899 58098 29764 20058 84788 -26796 -22690 68655 -24694 -40424 -40257 88105 -61863 55489 84084 -18975 -9546 78024 19682 37705 12352 30781 81726 68704 91749 -25978 85433 -85898 -22684 23850 19124 -66057 -31363 66800 66844 3113 88579 -28186 62623 26046 -60589 93658 33677 -44664 73408 -22452 -73058 47567 -97333 7498 18144 64579 72781 -80476 -94289 -91561 56353 50027 15945 46549 -23565 -23567 -54454 60854 33133 -56734 51766 49401 -35085 -82691 -576 66738 -31928 -65623 -68253 -66268 31797 -66800 11063 -6808 32625 -8602 58452 23165 -86810 -52831 -25502 35193 55226 -81272 -99537 -10245 68626 -4651 23096 47785 50203 48866 -76775 -5192 38620 94873 -31569 -40075 -30663 77877 -8054 -672 -8176 -69335 70566 -61363 -41553 -24811 -46371 -30469 -27849 -85353 87885 22526 81346 -92967 34772 -94728 8634 71000 -43257 -81357 92348 -37258 54907 -13812 60000 69992 -23333 -37439 -15411 17913 41526 96482 71920 -29356 -14502 62367 -94612 94623 23886 -45140 81134 90903 -67622 -59093 37114 -57129 -80778 67032 -73587 -81290 -52161 3141 -19110 67088 -60104 -75185 73017 33921 -79361 -16287 -32883 -31167 29968 45130 32441 52994 -43007 21740 66632 19467 -86408 27820 -84732 -3027 -92591 16379 -93410 62980 -2737 69166 89146 -94767 67369 5430 -65883 881 75304 -43032 -51371 16336 6081 -52996 -33056 87117 72169 -47005 -65920 12044 -12257 18753 -59912 -99130 30032 58956 37698 -86217 -33065 93649 28736 -89489 26161 34592 62926 94642 67979 -36661 15587 58405 35559 30747 29665 73949 -13804 -57248 83598 70857 -49979 62613 54382 62979 13944 -48838 1923 48299 -71469 36100 -21214 -5117 -27357 -29822 -71785 77960 53677 42960 76588 -41140 32892 -5019 18588 88276 49082 -59731 38231 -56594 4798 -61515 94607 58518 -95319 -73626 9946 -7750 -72564 -17246 58146 89661 51333 -17776 -56498 26268 -25535 17004 42448 94245 29534 -74084 -5335 68502 -13101 92565 -41310 -49388 -46318 -81472 69765 16909 50506 -40304 -81326 74364 -44120 68073 -21682 29789 -13631 381 -83334 61550 10893 96462 -75157 21843 -526 -5424 65269 -86738 -62645 -70493 -94653 -94652 -88639 -55034 30735 38503 11189 -19340 73779 60120 47601 -6473 36788 75722 98008 21652 -85214 -98689 -7978 -68378 66855 -67170 -14649 -40413 34411 70878 -85999 70306 10573 -49332 -74951 60974 83548 -99266 -13255 -43438 30009 422 56784 -45423 -55277 91414 45828 22596 66120 50876 79219 -56021 85839 30532 -24768 77085 874 -50898 -53079 3606 35166 77295 60176 24710 -16832 -49030 -76709 -79890 95785 -8796 -57134 75200 -31803 99139 -45891 41312 28975 -64873 72053 -93108 16516 -14758 16934 57966 -49454 92127 -74565 -18609 70658 -21412 -34176 71479 59570 -29835 -69842 55639 85200 47977 -1536 72953 -29177 -17274 77874 50652 99165 99982 70827 759 -53912 65936 -31134 75409 -46913 44930 -27136 -98337 50654 87846 -63009 29280 17115 74283 -80480 -7005 18088 -40095 74526 66768 8536 38397 -13122 -98547 69623 16576 -84588 -15984 76661 -71214 41987 -59091 -8361 -76754 69428 -68913 -91999 -49801 -76499 71188 39265 13918 18734 -65769 -95034 25007 -6905 51796 -72366 -28201 -27170 94463 -2145 8594 12627 -79769 62331 7003 5493 90893 20356 79909 -1319 -97495 -75818 88723 -12733 -85688 87795 -29137 -38503 -28667 -99614 -78720 -99735 -51406 2816 71455 -2472 -10303 18910 -781 82030 -20282 20964 -2969 9905 68401 3497 -4906 95573 20058 -49516 90086 -63491 54128 68529 24940 25749 -21131 -78087 -84623 -11510 -99288 13567 36224 -14953 61038 -94491 97215 90459 -60182 -36743 -36125 -85709 60422 -22152 11733 99428 84197 -51288 -69255 -18573 84281 27201 66847 -93859 9619 -74394 -1641 -12335 -42249 21335 -42399 -96672 -15595 -46564 -22316 -56768 42390 56346 -99981 28645 85950 38461 -81570 66448 9540 -60958 51725 -46943 -83639 50865 70222 -953 -70788 -7825 -85276 25568 -70757 -86766 13202 4355 -68082 4152 58309 -85691 -42261 13631 20492 -84879 -13057 51043 -84637 -29432 -68958 -68641 20619 72208 50503 67716 78534 23020 16147 59589 12917 76878 -46855 -72760 55825 50800 -25264 8111 16173 -91538 48823 63035 1514 76450 -87236 44050 20898 -28920 61452 10151 -81852 -61014 -60789 58620 34027 -42593 -95176 34511 75514 96860 28474 41835 35549 -18480 86686 22970 18573 47636 41338 33285 32316 -59857 -32900 -43168 19347 -8717 62981 5715 39207 94200 2685 41006 79978 12933 -53609 17177 -33510 31655 -50875 82459 -38571 -96799 -90627 49391 86917 15416 -83012 -14946 -32538 27960 -12719 54773 -6956 -95817 -69680 -49039 99517 -43355 833 18575 -60314 90533 72457 -76970 -82793 -14140 102 16937 91857 36809 -82663 -27379 -95343 40431 -58219 40171 -52155 -22988 97222 6356 -19106 59679 68444 -68799 67959 -37091 17803 -79099 10138 -14527 -85336 48872 -26978 75665 67740 -56046 74041 -43215 73189 -72256 -2036 49438 7037 67428 -38183 22994 41213 -77509 -41617 -69024 71354 60237 -83554 -4428 -72158 34391 90612 -80454 85903 -36742 -68 52100 -93857 -93096 -27709 15370 55751 -87375 -20343 13301 92325 -19973 -26226 56874 -31391 -84275 -9005 78875 43218 -82984 -13857 -74246 58558 99383 -41610 61541 -33163 -59180 29634 46729 48016 -75588 84372 64096 -80956 63120 79748 -57916 13775 40223 56376 -85753 -94466 63482 31212 11661 77775 -86897 67902 10821 37006 -80964 -23584 -19180 -78839 12434 67428 11842 89403 1906 -74829 -73044 25019 99031 22316 79526 -60124 59730 -27043 -57220 -99486 7277 22891 -86852 46046 -92188 -10271 94087 36021 95045 -9654 45326 -59740 -26565 77824 -96946 -33167 63336 69747 25730 27016 86565 79350 54510 84086 -15511 83938 26921 -53695 -25322 -98227 -91222 -39582 -84606 -48280 -78107 -4186 -83091 95669 36296 8430 -75787 17264 -8892 54529 46378 59610 14087 -53319 -60067 79899 -18705 60111 -20373 66113 22748 9929 -30802 69154 -73643 59914 -29095 54612 -9236 32660 -44459 -52512 -4868 -80264 57047 50101 -90065 -78307 -97372 -64273 5780 -39076 -44359 -31224 63254 -64900 -62009 16148 97110 27488 82809 99175 24119 -85617 39331 -14180 51324 -19798 77995 -56634 10794 32686 -54831 -38451 61744 72680 94914 -5520 94353 -2815 -30815 -47962 81961 -27056 -32873 41089 -52332 -76039 -36812 36994 66092 -98903 -69279 -68355 -17857 69858 -11166 25119 6274 57817 -27526 -73876 76214 -2834 -73088 -44760 63202 43044 99966 -4972 -3423 -34878 -58818 -46317 23353 -5204 -96349 32184 98730 -43453 59854 29754 -36505 -69222 21333 -16214 -56265 -16172 -60769 78633 88054 -42232 -61410 -26924 -38467 -34171 83152 -62055 -74833 93663 -46387 49144 -8397 94554 26499 51023 13365 -14568 14603 -56541 44627 -98299 28669 -48284 -41622 -2014 -95017 -96771 10184 85981 -32097 81085 -14620 -14522 88857 37155 -88387 -20093 35928 -55254 60721 -23295 -89077 24743 77928 41835 -58257 36156 -636 -50931 -4235 92590 -8957 36726 15524 96215 -52892 51137 -50382 92032 96387 18439 -93892 12139 97310 -58783 65161 67719 -5313 32813 21382 89779 -42961 -246 -94896 37253 -84143 -3743 -7709 41163 -65140 77325 -64379 9594 -62354 98111 -46821 85266 74167 -78322 7157 20635 -2148 -94734 -83349 -77886 -2982 -48104 -64432 66701 17765 95892 -93589 -43631 -21162 -74977 -25132 16347 24991 -11534 98475 -456 82967 42822 33517 82609 77117 10476 -44545 92967 27810 -76472 -38037 15234 54695 54102 40805 23874 -97928 37630 -91867 80957 -12766 -34942 32613 -51683 41460 52915 44378 93621 -80272 -53905 84669 -60669 71631 -41540 72744 60365 2327 -13467 18726 80338 96020 -4640 -48815 99090 69125 27591 99142 1954 -29265 -24463 -12922 -70175 -58441 64172 -14097 519 -59449 -55689 -59841 -96847 41991 72177 -46126 -26435 6915 -32788 77369 -29528 -65525 54164 48316 80151 92361 1357 -68012 -45028 35740 -85088 17328 -80294 46539 77676 -1412 -88370 91075 13384 49502 55353 70969 -46937 58653 56979 -31057 -10905 -80538 -90316 752 72497 38748 -47654 35974 88860 -60163 61574 -63066 -81491 -88 -61804 52625 35345 91532 -984 -96143 -19750 81933 -51361 27073 32868 -2152 83789 29857 -72262 96661 -84996 -35652 10497 70637 -50022 66194 -96731 -5551 -1275 56893 -12691 70746 70528 98077 8834 -53808 -17168 64247 -90939 79983 52377 485 60826 -21335 -80780 -63254 -43833 -16348 -55930 43424 38596 43209 61075 52682 76977 -99561 77567 43768 34853 99150 36051 559 99892 -91859 37701 -82019 -75945 -99049 20689 -73926 -25985 56196 95180 -54276 -46434 84547 4925 -93271 -35909 8527 34045 -92307 33063 70434 -12524 46369 73630 32538 -24973 -31561 -28698 -45101 27920 -64785 -70396 -47989 -54443 13124 87160 86343 29592 29967 9230 -44316 46557 -41370 -80953 87461 53968 -80097 79294 32200 -85628 -20195 -38937 34343 -22133 83089 -36904 -87769 54999 22940 49421 27982 -13636 -1486 34379 87688 -31469 -53711 -69264 45575 -68141 45789 99031 -91363 -82775 37786 95789 23870 -26790 21282 -56449 56864 -76014 87014 81536 -40126 -72528 -67745 -58190 1305 -6465 62298 81339 15544 -18953 1620 -98067 -43061 -84989 -65621 79841 -44291 -71979 -65152 -81082 28273 38367 -70292 17381 96922 -95553 -19149 -53408 84353 -35906 -63154 29481 -17499 37858 42723 44548 -75910 -79197 39740 -16778 60179 -56285 -93662 8661 -42683 -93628 -31393 -69499 -108 -9804 -65845 18890 -56100 3873 -76556 45028 48486 -73019 -97461 50680 -9789 -40952 -74607 -88853 -95123 -81795 20504 57802 72704 -52585 98637 -15103 -83108 -40885 4060 67047 -55462 -59079 -48890 42402 71008 -95280 -80296 -43552 73672 17646 -91614 -53698 -92162 48291 71095 46808 -76152 56436 -18280 -98719 -80404 98068 -27320 1756 61515 1585 -78408 84685 -38076 5640 -90600 22009 29849 -62559 28694 -58916 -90477 65877 94771 -25986 -4458 -87268 82481 86910 49792 44549 -98112 13746 92892 -46339 80852 79621 -8031 -40050 -36829 -45786 -4993 -92863 -70630 5448 86190 -50849 10419 -65384 -14682 -82112 -90650 -18130 51046 -28669 -944 -68669 27232 -35970 -90695 -4792 74468 -80439 91162 -11414 -73655 -45751 -41977 72367 -67081 -92314 55106 3759 16164 -46780 -85553 53746 -60723 -23082 -99968 25242 -18892 -75525 67176 -47168 -11403 48653 65614 78330 9998 8757 -11543 -37384 -38002 47709 -86922 -41726 635 -40942 73261 35654 -5129 25965 -27136 -47410 -41991 58601 -73476 54153 -16091 32218 -94905 84175 -96942 -92747 44867 -21764 -73268 2721 -62877 78695 -1120 27964 -5476 -88518 -75745 87006 -18714 12860 36188 -36779 69971 -68207 -29748 2585 -4914 -98574 -95336 -40978 51401 -32976 65970 -2962 -5430 33922 87855 77084 90395 88367 -23859 1846 94745 -24614 68515 -57706 -84624 -74393 31598 -72330 99958 69242 56712 -94427 -63183 -44003 -55649 -99425 -75116 -1616 -8758 -72432 57299 36919 43537 58335 -98173 6423 95070 -95852 55671 -70615 27561 -8496 -91521 19653 -9941 -68546 94768 51617 -57659 2206 20974 24037 66199 -7117 -94521 -26451 5184 -75320 2617 69740 -58190 73507 -61892 76591 67084 35058 64442 -25610 -48546 92249 58361 76651 13059 -9356 11405 41016 94897 66844 46303 98873 67506 30820 -56833 -97337 -62727 -99083 -32605 45676 27448 -78941 -92168 -40396 521 76588 -11038 -40366 -25471 27897 -1277 97154 -22574 -76829 -33803 -23592 -62603 89421 86305 95615 22950 -69854 79891 52580 14777 -22553 -11627 -42883 -83110 -22249 -4755 52167 -3477 -6904 -95982 46784 -86650 -86960 -61950 64661 61799 -95159 11813 88456 52761 -8225 -20043 23332 -48672 -17389 11340 -33342 -64549 17724 80337 -63562 55584 -33361 -46751 8222 64938 -75663 -90032 59961 -93497 48241 36501 -58191 -31561 -15222 -85139 69077 36713 -69479 -30763 86061 12881 74330 -22109 15856 -89198 -60450 -48066 9666 -98419 15263 -22509 -70549 28971 -84468 12170 -96656 -56114 -54528 -4840 -55488 -12017 -15327 -47006 73210 72601 -78959 -50662 -33256 94774 -75540 17993 10432 -51116 -51055 43128 -92616 50995 -9185 -21574 -81842 28919 -3012 -30295 77988 -91721 -74777 1809 -35165 17738 60972 -90517 -7988 44013 -29702 45351 -56818 45152 -70217 16815 -50735 60843 -46479 -44612 97957 60165 94746 6458 62120 65304 -72914 -93105 99450 42392 -57104 53366 10962 70846 73267 -7214 13789 -71403 -64186 -84033 341 -25317 1310 -27182 88968 7163 25701 -1427 -31917 21514 45491 -6780 248 -55547 -13258 -87485 45512 -31453 -7465 -84803 95214 78390 -79616 70072 -19861 -35037 50364 52136 48056 -59304 -6628 22817 -95906 52076 51769 -55269 34911 13228 -68593 -97828 -62184 36569 -9730 64795 -12195 -71932 -34232 -37500 38599 77258 -59858 -15502 79170 -12558 -63049 -97062 -35482 -51330 76313 90055 41953 99553 7324 -11566 47960 -69113 40699 99899 -67969 47535 38700 -90740 -8540 -51326 38959 -46219 58527 -88804 -11169 -48944 -96038 13526 28185 -42508 -96075 92402 75832 41891 -41022 -86084 -40494 47329 38227 -24106 -95134 -72578 93364 12923 67077 24455 21614 5343 55313 -62691 82467 80521 -82916 52483 69527 -67751 92533 -95444 -13916 -96670 28348 -73379 51687 20114 -90823 57779 -7202 27150 -23129 99103 -19643 -8682 85248 -27295 -93577 14425 54953 -69497 -18891 -35189 33651 19171 13768 23424 -45668 44784 68694 -19996 -35595 -69474 81359 66131 -16788 95327 -2309 8306 29851 11310 59458 -17565 57146 21070 63823 -57139 47639 -1136 -52799 93164 7201 -40603 -56991 87695 24746 -42737 -56117 -30670 -40136 28196 98193 -88756 -50020 77312 66383 61429 -79330 49678 74792 -89438 -14419 7236 6300 -15813 79107 -71371 -30385 -83513 79629 -38770 -19209 -49879 -94479 17528 4118 35886 70886 -39529 -60596 51336 32911 16381 834 82235 43474 -77495 68019 65955 96225 13104 -91246 -7142 89000 64435 -77259 52834 -72927 23416 -98051 -58019 78444 -29738 -51218 -37677 12135 96439 -37002 15720 -34371 91074 73431 -43633 21241 -34625 40015 -88135 -82336 -42890 -80274 37765 -31110 -49464 -24701 -80320 -50601 -9702 76676 26235 87629 -68721 14673 96507 47204 -62542 8542 -67406 -82861 -71517 94104 -24777 20919 75 -55284 -93401 16716 -46267 -33064 20918 41212 26217 96638 -39980 92148 -9872 -18201 -68269 -26450 -15164 -8514 9461 -19962 18506 -49145 -83167 70894 -74385 3922 34180 39931 -14327 55309 -53830 6044 5493 -39341 24104 67009 90357 -95062 -96383 42984 69640 37019 58445 -29605 -41386 43870 -49053 -88112 -67343 -21825 43395 75085 -4079 24236 32934 92886 -72724 6064 -2083 13658 -97437 36075 38810 -87616 77688 -30636 -82035 33237 79251 62745 -90104 96885 75897 -65958 -26258 -25463 5421 87591 -51612 45686 38113 -55311 13307 -82802 22497 -46201 -31238 81530 -1031 -91091 42897 19934 -42975 13753 -47147 -79502 -31342 47843 -48843 80761 -75440 35340 -77617 -50196 18338 -64952 -60231 54527 93498 -47198 36341 95147 -98187 -19907 -11038 -98229 70377 -39914 -99138 68346 37536 93577 -39744 -27337 48816 -70654 71582 -78790 5341 -24966 28473 8114 -33134 52209 -51523 90148 25116 -48203 47028 80995 6725 45486 -74897 -46662 -38693 90857 24536 70126 -65529 83148 -57699 66632 27765 82345 46381 -72929 46347 -80288 -4637 -9467 -45593 72796 51950 -51397 -4305 80454 32083 40229 -34707 -91040 -54149 -76833 -47545 4209 27581 -83364 6979 -86538 70830 -37472 -35944 32031 -18497 -80949 90310 24142 99027 36605 19296 5819 -96503 -59488 33930 29268 -18795 56723 -96232 23753 -58092 8433 81122 79755 -34234 39134 33383 -81399 -99003 -11263 82147 -92061 -34940 54052 -76911 9432 26032 40779 -80460 -54482 39221 33885 75427 -36208 16453 59799 66122 -41962 57742 69901 41571 -13771 66253 48721 -41465 98400 -84831 45794 -59298 -51808 17451 69411 35501 -74727 -28200 11595 49992 -8676 -34482 55600 -16978 -35752 10558 54681 35420 91135 -61033 -36306 -54299 -88796 14996 -56118 65764 -21222 34134 8613 -74012 78027 -77587 -10697 13198 76169 97250 -58242 -39392 -86372 82196 1923 30626 44846 -92303 -83087 78041 50996 -26746 1114 28769 -90193 -77808 -27399 84485 -79694 -60569 47158 -99770 -33068 -22705 14695 -72424 -58460 -90261 47284 -47165 98517 10056 -66403 -25297 43786 17031 -19372 32066 -13564 5564 -51288 -43883 17618 42748 69487 45794 11603 84192 -81591 25737 -41970 -65938 18516 20375 6753 -93358 84418 9056 98726 -50655 60228 70436 79984 -13014 67936 -82628 85047 -37038 6861 46102 49163 52602 -87092 11843 -5697 24392 -23512 -80482 82987 8236 55626 43860 -34199 68930 -42510 8845 6081 85694 -36119 77067 -35357 24683 94338 -2605 9180 -77554 32960 -28602 -7320 -41953 -10175 26315 18722 26265 87296 30015 37516 -5053 47550 -63798 80354 59747 -27497 -11081 32410 -38733 8528 -80677 40437 78557 34496 82939 -49707 15294 -23549 -18196 41906 48262 -56432 -50164 98859 62390 -1085 -90161 -26062 -65783 -29568 -30013 -14961 -98860 -52180 -7880 2220 30163 67886 -83684 -59261 -68400 25669 35538 -54633 61966 -12741 54066 45593 43277 -81224 4324 98974 -71576 89605 -99117 -38619 14861 88946 7751 -45389 -57572 54430 -23518 -99330 -41596 33151 90379 -91886 -20302 -43935 28673 -33032 -76399 63876 -58905 14569 60156 43897 -97481 34351 91667 -1611 -16422 -16370 -68510 -96020 37366 8319 -73346 61145 55606 21247 -99192 30031 90154 95636 31712 -45741 63748 -45834 77843 -79008 -38419 -66470 63180 -20310 -91538 -56361 77275 23457 -3755 54155 -23734 -52391 -5899 -88778 -82709 5785 -2094 17522 -4463 -4346 -16286 24461 -21021 36690 -902 -44376 66358 -61081 45554 -81324 -97180 79697 74669 29869 75542 96141 97782 -99165 -10640 3362 -84449 -11556 -17543 25527 -44902 37199 87977 63985 -25590 -69644 -86684 50011 6097 -98262 -92481 95656 13139 -508 -69476 6961 76698 -82478 73013 -10118 -49228 -79215 15476 -787 6398 -94535 81644 -56871 -23117 -23487 81829 -1820 -1275 57503 21379 84125 54632 -76039 33764 -77816 -23099 -44183 -39669 99006 81004 1468 62478 18372 -13979 20107 -12863 -5119 -31093 3075 -95621 796 45908 -50051 -29661 -52641 9556 -94390 -2293 -49050 -38273 37597 43275 -58738 65059 -18657 59384 84663 54356 14095 54242 4925 -1128 90300 -86845 43324 84603 90288 79702 -69770 34715 22226 98653 -16055 35667 45746 -90511 -24385 -71693 -24207 67622 -94848 -49415 9848 -41526 -19834 38004 16632 -31816 -12537 -72396 -63794 94808 2326 -68296 47786 -36788 18014 60555 -85182 -56820 -58537 71693 94620 59208 -45398 -94227 57460 69493 80315 -23658 -22849 -43521 -81609 79964 -57185 -77778 -48279 -27994 86904 -15185 -13398 15220 59032 60126 56387 -91990 -89273 24640 -51362 -10179 5140 1545 98124 46019 27170 -65627 -34584 -84952 32 67939 -45017 9864 -8653 17112 38119 -48073 15884 82922 -80679 69700 78523 -2930 -71384 -86209 -25336 -74036 -38096 4579 27319 19389 26688 -478 27563 58914 -5294 52047 72079 81719 68758 -47118 94874 -66283 88617 -65239 -28877 57674 410 25683 -42820 22661 -79142 54496 10540 23641 -17789 -13902 18372 52731 -68996 -65349 -92107 58543 -19852 -12317 -30801 75641 -93731 -57208 41058 84776 63730 80290 -27168 -21844 -46685 46753 93139 38497 -63759 -1153 54143 17145 5823 49796 -26906 -68259 -38252 76972 1884 1419 27640 -29342 43105 36553 11788 32700 58423 52863 2459 57948 -97861 36148 25549 35848 11117 -39196 48071 -79364 -22138 -67965 41357 81588 -37255 -15182 53115 -89993 95530 90011 63375 -25209 59883 -86122 80093 -26219 -23708 -31734 22281 -26904 -51173 20073 -86028 18681 -63900 -5024 -21315 -28514 -9930 90407 -60531 25940 46990 7995 -83289 -84032 57698 -12431 -33796 20604 70192 -57241 44077 24585 -27316 -85631 19636 -16741 -76310 60863 -35594 60158 -67518 -33795 95 -98088 -37286 17660 43167 -55870 46500 -91876 -40129 -17648 8503 37153 56849 59728 80680 -69814 77201 -95123 46756 70964 69537 -2461 40232 29711 25911 20338 -99888 88634 23127 -6092 -92292 -72130 -49828 50922 71455 76252 63601 -43509 57452 64607 -54559 -15508 3204 18450 60422 25343 81303 -20182 77342 3394 -35819 -75885 25620 26456 -82423 35994 5711 -52474 6518 6532 91659 15250 92630 38287 7784 -81649 5842 -39069 -40634 47249 2847 -45571 40022 -68705 -36616 -97286 -48126 -62667 95094 7499 -65966 -20558 79527 61212 35192 10462 -20528 -92862 59919 -33713 5487 3942 -3985 -27437 48642 27536 18623 -92053 -18000 -41018 3324 -22158 -29476 -34871 -32705 47626 70352 -11792 -24695 -72950 -65408 -71442 71117 21918 -309 -55334 -87313 41788 70958 -91767 -80009 83667 -53696 39209 61414 -34586 -33241 33086 -57134 39628 -97600 -93821 76714 54461 -57296 -95077 -6847 -35487 1010 -15761 -93214 -24283 65934 -6966 4697 37531 11757 62265 9778 56938 -89663 -89947 -79125 57578 -55590 -42727 -50679 -76544 -17126 -65126 -21234 -96177 -28596 -67800 -17880 67056 19583 -14264 34750 80752 -30036 82241 -61886 21155 10928 35600 9378 -75569 70828 -54241 25928 17720 90902 49585 94711 -48266 -36689 -40702 -37341 -13826 14266 61364 -18548 -59449 -94777 -75442 44550 -29810 -32760 -15987 17375 3217 -855 -77986 8572 88033 75240 -54059 50807 87410 -4579 -86093 91722 8638 -26247 -82874 -96358 -43952 -79601 40152 -19542 -83485 66807 70552 27622 -35584 75209 -52657 67364 6940 -3373 -63154 -44438 -32987 66341 12205 -3149 83800 -5102 -26221 12588 96024 -83341 -66583 72777 -83863 -42228 99451 99049 41989 -26482 93313 7836 19266 77057 -54511 14189 -31761 -20645 76913 -86421 -80043 57809 97572 34484 61914 -54679 84907 33729 57710 -69978 -21336 78166 -44908 -12458 -44420 -10962 67936 -31279 -52770 -10123 65044 87455 12664 -67134 39710 75205 10844 96070 69482 -99388 30157 81814 34004 -77807 98866 -34972 32851 -25623 86544 19176 -12681 -80867 -35810 93718 -32546 -88631 21425 76334 -28379 62120 -76876 31856 92738 -16823 -95161 -1878 83187 40425 -63678 75605 -31728 -86423 98761 -9359 76062 -17354 -29369 9490 86756 -7903 -79531 -65622 -84413 5256 61697 -93948 73506 64452 69000 12921 -71518 -74909 63640 89273 -8569 55156 19101 -42715 67557 15247 -59227 -13965 -37504 -99722 -39173 -68848 -17268 40286 -28468 -756 -18898 -40257 56221 -34395 -28837 98824 -66520 43406 -95694 80344 -16004 -33369 76361 -95578 -83961 53212 -56770 91718 97707 -44765 -71828 50731 -6959 -87461 23778 46854 30158 -36315 -96043 -10276 79449 -50468 52524 -92929 -90052 -37113 98969 -28810 66205 91663 65794 -45167 -51192 95562 63252 -58303 1809 -62726 -93418 -13276 78614 -4499 85860 -3612 85299 -9247 90009 290 -61289 32381 -20954 59122 30503 -2622 811 -9534 92214 16018 43227 81258 -42422 -39854 55792 -36312 57906 52162 -24165 -45599 -81219 -92270 51612 78793 -7960 -79173 41426 32274 33291 -7334 99717 16634 43379 15315 39135 -51029 38766 -96034 77958 48339 -10843 26432 -52785 90328 33626 -36495 58335 16838 35904 -47944 -96823 78814 -81339 47025 57945 47445 13290 -5270 65456 68674 54276 78367 37005 -23346 5962 98148 66472 81359 91691 -95353 18198 97574 -23366 -10485 9984 -58747 75457 -16275 77974 95674 -1122 67859 22620 -99070 -45159 -58963 17312 -73941 40062 67475 33058 17245 -6498 36422 18489 -13961 -85987 51983 44748 -91646 74203 -65355 -90941 27307 -10503 73805 -66740 -88034 -33917 4960 53465 -87680 21297 -24625 -45432 52310 -94529 65882 4570 -31920 39715 -34098 25832 29744 -50155 60925 -56026 -89138 -60928 -21914 64921 -33048 -29505 -96584 78800 25218 -38258 66580 -73460 50512 26822 -78843 41930 71108 63616 96346 76334 -99890 -68334 -82287 -52584 -84815 98520 -48656 98526 4219 28005 -52865 60019 78555 70121 -81121 92670 3491 62106 65203 -33762 -67146 13655 -78358 67411 2841 8819 73615 10179 -28018 26725 -82624 -92347 28114 82028 50246 -42361 -9149 -52040 16122 -10438 10180 -3879 -64563 83765 85401 -93462 42530 -34997 -72108 79488 99722 96900 -49465 -97002 70766 -98645 -80277 93072 1255 -79014 66603 37598 -42012 -53214 -76255 -13353 -58492 49092 -87744 -84424 29052 -22613 -81790 93553 450 -1027 86475 82383 -29799 -44741 -90121 44138 -964 -93655 -22204 -61106 45810 73918 -38359 -74723 4287 28644 -63222 -44357 -65736 -21173 136 93852 -33904 -26397 24308 -69674 -90002 -180 -87353 3142 -83928 12738 19072 68794 -37898 28830 18785 38508 39365 62152 -56871 -81020 -32986 -67953 42445 -69098 -89683 -84281 20359 -57810 59404 -93335 32064 73200 -32572 23450 62701 39740 88743 -87813 90426 -72545 71784 -75088 19564 -84021 92637 -9600 2422 -28847 21885 67174 77736 12345 94039 -13219 41388 65097 -2911 19156 98272 -4406 17929 55338 -94419 -40945 91760 -41038 4456 64740 20893 90902 -16061 65998 54422 96702 90819 -26729 28242 58127 -78211 -94565 52859 99479 62003 87729 62233 53086 64054 -42998 94586 26638 38741 -25982 41541 87756 5439 -17558 -57471 -43059 -88732 41046 -98831 -24237 -17210 -43899 -49249 -30646 -44416 -93497 -30862 60398 42756 -54361 -93173 21375 -91538 -99437 -93851 -59652 2931 22844 -8377 -11512 -31346 17093 -8979 -46962 85835 61498 13815 -23817 86495 -76574 11251 -44735 38676 -63430 -10478 -78853 -72711 23498 -63020 66372 -46962 -86185 -49548 -8522 32896 -57046 -76477 24440 -54051 1788 -40984 79610 -34936 -92348 42629 -86124 96263 -32305 45068 67056 67179 -96589 40317 81240 35142 87035 12523 82096 -79271 -71868 -56414 -3705 31628 -94574 -20679 -20164 84049 -39270 -84251 4283 -16491 78630 21747 26802 -66741 -75684 -73805 -64993 16713 -71945 84122 6082 35406 -72290 -99792 48025 39147 -75161 72886 18981 8939 12437 -38925 -3674 -66263 -77652 -12489 -60090 9634 26877 -47053 71299 18385 -69972 -80944 -96724 18490 -98277 3531 40020 7585 37883 69025 13547 -28148 9887 93509 -19485 -73562 -23762 23905 -38336 -8271 59090 -18509 12128 43985 49232 -12002 -49817 66671 22320 -23501 -51311 -10139 -54807 -16767 20421 16460 -429 41131 52815 49329 67793 82121 28795 88076 26455 97499 -42039 78393 50089 -1977 -76816 1720 64231 1122 -91085 -41134 90093 -57772 75132 70607 -34685 72121 25940 93882 -92100 -73825 -30521 77302 89923 -95551 61228 -7479 86774 69472 -83806 77966 15316 69370 -79899 -7948 68856 -74415 62788 59888 -390 90945 74963 65458 93312 -41672 -63081 -41385 -84807 70525 -19533 27839 28794 -60430 -11712 88150 54930 9725 -80260 84030 -76023 -5261 67414 68413 59552 84851 -9673 80014 79497 64874 -39723 -39679 32416 -23660 -75980 3166 -67047 98381 79144 51956 79172 -95462 13878 -51455 43535 92705 33394 -77170 -15874 88650 82345 91152 7120 4230 -85957 73445 -49402 -92997 50914 40286 -84799 -7893 -78019 67485 36833 -43517 -31040 -47562 -28143 48748 -46304 6801 -34548 -15659 14064 38268 -83947 81505 36919 30751 16111 61361 64888 98499 -34771 -25452 27728 -61996 -22721 83837 -31688 -75333 84506 11256 21574 1618 -62186 -75269 40714 28654 95347 -23917 -36714 -94602 61805 6713 -25013 31014 -20984 -65794 57996 67846 -47298 -63284 2457 38483 -38066 91200 -20875 36969 26621 -93661 58345 88543 67351 -54846 53014 -12024 -72672 10265 76166 -55752 46841 86007 54464 -89379 45880 -18166 -8656 -30580 37944 -59534 -1007 -63337 14840 24985 -46068 -41477 -73240 -50914 -11495 36633 -74787 -65754 75743 46906 21888 3115 5494 -41557 -30282 -98159 -32863 -72662 63284 15953 94586 -33858 -31518 22582 11497 -10588 87440 -52262 -66168 -20478 5103 60133 5150 35278 -13211 99896 -69899 8062 55378 -53343 -82559 24955 -2821 -81086 20947 -72655 -35109 -2596 80270 72242 -62360 64885 45064 -22124 -14094 -31698 68401 19087 -92354 86566 64150 -14255 -98137 64002 -93968 -7083 15245 -31890 79032 -12830 85920 38031 -88585 27061 9049 9972 -18105 40164 20489 35701 -21850 -69845 -40796 43033 74717 -34536 -68819 -53128 19574 14219 -87820 29867 40451 -38429 -48486 -8210 59030 -24987 41731 -53741 67040 -66564 -32859 -5023 -66760 -24781 98431 41842 40707 -68884 1424 -95945 73896 -50455 -4425 -34904 -18940 -71718 27718 11128 83545 -7503 -18367 6794 -72046 -31305 -74124 -72946 69013 51703 71911 -71370 -91453 71475 -73833 -23217 76576 21236 -41702 48944 68003 73135 78393 -79159 64982 -55587 51251 32762 70990 -38318 -17848 36257 -34358 -26145 46815 86131 -97851 76738 -74034 -64697 20242 24473 -80736 -64489 15984 28409 82795 -72445 -15670 972 69653 31571 -11369 -48977 57700 -98821 54834 -74804 78560 18199 -26131 -28851 27783 49402 -33832 -96327 37930 -99477 72234 -49589 -92451 98361 40997 56003 92316 -58063 -56333 48420 66518 -88275 5476 -31469 -74600 58603 61932 1991 -14595 45713 96307 -22558 -91365 -59484 82069 48124 -35747 21788 10306 -33984 -15602 -66773 9044 67761 -16379 45516 18664 -66053 37542 -96263 -55802 -37609 44215 882 -16049 10044 -53228 8542 -88531 -96492 45339 -97863 -4302 51943 42541 -93256 75408 -68510 37805 44628 34076 -96458 -98184 83240 -35137 -99986 -99878 -12921 -48851 19555 41055 -59688 43172 4149 37336 92981 25584 65054 -57990 89939 71874 64393 -59476 -86600 98118 -50026 -97357 19093 -81513 -83900 42186 -83610 11176 49712 93447 -55421 -56404 -46242 85495 54749 22521 -788 69749 2653 -56134 -70417 -3982 -29453 -81887 -8669 82668 -82236 51634 47144 -84400 16744 -99316 77987 -66736 19104 92376 -64848 62438 73842 -56310 82069 55806 -19193 -59450 73593 46436 7191 -43203 -12933 41018 -37685 -19691 53028 -56092 84416 2353 -47510 46656 52732 66932 41718 27751 69048 71707 -29396 61420 -15116 -7948 59648 -76814 -86102 59745 -63091 95684 -39785 -37148 -5770 -4778 37488 32161 -8659 19417 -61069 35125 70252 -42049 -31175 4859 71651 -43495 69775 35172 59641 -74455 13948 -78597 73700 57253 -92989 -8211 -15804 45513 27992 -4139 -45485 -95137 83030 66788 -60786 53884 7317 -77378 -28729 88633 53404 57667 75439 98705 -85031 77344 59835 -21971 -83095 12354 22688 48453 -14083 64422 72659 -58888 70940 -88951 -50952 21688 56185 33176 61255 78843 91522 80807 -74865 -27952 -13938 -30988 41928 -78798 -81379 47437 61475 -68283 24049 64190 -57601 34565 -26714 -11608 35289 -21133 40519 93640 26785 -29103 53854 -32507 -88747 -88436 51079 -54305 10334 -51805 44868 35466 4290 -9142 92681 41576 -94201 29303 72173 -51398 -94388 -85371 46132 67179 73541 -94100 -6809 19756 -94583 -78941 49382 30479 -25230 -44865 99936 72385 74165 -15641 17012 -15718 79730 -61501 72385 61719 -66223 -13446 -9863 82846 99069 -2060 66806 10538 31130 -93579 84079 80243 43456 -29605 11241 57232 91082 -96523 -99623 -72752 -11012 82076 71262 47358 -70844 -66520 -44670 -338 -60063 -28382 84476 -50918 -23087 62707 69220 79194 -25172 26746 77835 -90255 -98776 -64500 -9572 -69567 49987 81566 -89570 3061 70624 17565 -63567 -19190 82036 -29400 11404 -86730 62921 -5748 24005 80643 27033 -58231 -24695 39634 25621 26982 -24280 20083 1277 -36347 -85749 79883 39311 -44261 -12627 15205 -65388 75470 40666 58131 -92236 61998 -75229 76770 -85113 -90312 87726 81088 9464 -34504 -29998 68020 20640 -19418 64510 76907 -78896 32354 -96235 -30752 -64711 -88056 77723 -59634 -58872 -48945 -95960 -17154 47764 24973 -9758 19718 -34675 -43691 13436 45560 71044 96846 -50917 31400 25875 -871 -9764 17788 -5649 90754 -6354 -9024 -63619 -13004 33412 8429 46132 -15124 709 41717 -5604 -93585 89981 11726 99808 799 -29909 31325 25031 37664 -56011 72450 5083 -18766 33733 23988 -70753 -41236 -88213 -86559 -85909 -53927 -9978 -7633 -31529 6224 68054 -30526 -10721 -34640 -37434 -25101 16582 62977 33619 -8479 -64287 53346 -30399 66576 64280 33359 -24985 -24547 19308 -98413 -24857 -68997 80731 83278 -18376 -2514 -90765 -13770 74682 95347 1093 -44423 -48665 26454 -89416 12041 58167 -12217 70069 -72237 -82784 36990 -72619 54807 3259 69957 -68378 -48141 40200 69067 15573 -4586 71693 61702 -8706 -14621 47810 -26754 -57131 -53295 50698 37493 -72948 74371 -49942 -35473 69788 -60217 -24289 -79931 61481 75043 61100 20656 21116 88430 -77161 -78771 36264 -98477 -71702 87126 81809 -1059 15734 82751 20792 -22795 -49228 -642 -86472 -30791 43001 63505 -99337 55485 36254 -13009 58234 -59302 14948 -73952 -32289 -41449 79425 8954 50325 -28879 23294 -33705 58455 -46130 66689 -19845 25820 2351 82778 35471 39779 52648 -44363 87520 32552 9554 -78636 2489 65637 93282 -76228 83661 38005 74406 25964 20431 428 -19488 90625 -17060 37234 76658 -85381 41471 -23214 -50441 -78689 62087 8596 66325 -16620 -57384 90221 -82346 81994 17185 47951 92953 -90489 67823 -92739 -15776 -49218 73868 -83016 -64829 10080 -94799 -2873 -16492 82692 28475 -21568 -83716 -63315 64684 39336 97264 -20834 -11916 62837 -3700 40969 99890 15822 11008 50268 -15852 -1871 48185 -75339 67873 -55286 8990 35228 -76284 -40454 -90892 30023 35904 -36621 18233 -45027 -71375 36372 82171 80824 -36621 -8628 52443 -19508 -71396 -55160 93090 -38149 94923 -31407 -14073 52831 87906 -54799 -47093 -53747 -3064 81676 35354 -85373 96384 -52519 -24246 -8897 -16309 31057 -79667 -73359 457 -53039 83358 21958 -29223 -45562 -12721 -73081 -25814 56482 -67085 34827 7913 -47266 -64925 29976 83720 -85658 -59666 -46120 -73881 21811 -32777 66186 -91271 -65996 37538 94933 -80531 -88342 -296 -99245 65498 27034 1678 -39073 -22208 -28226 -45516 -45571 -26642 78186 8821 -99460 -52431 70277 95903 -1601 -45458 -35607 89940 -3887 4355 -27194 -80644 86215 5765 67332 -53016 55299 43467 74056 29846 -90109 -55158 -13289 -60482 -75191 -5631 89031 89283 -76894 -29487 77737 67728 90718 -40293 -7986 -75012 24479 -65736 70295 -48097 75257 -37 32996 -4093 -88581 -30993 91424 95151 72782 -18213 40506 -4667 -55573 1833 -86554 66069 96914 -62851 89379 -35561 -12495 -24684 71741 23361 -59691 -55839 -32767 -90685 -16230 89865 -5577 -37830 -88083 6328 -79851 -69611 -40837 60644 -95542 -98881 -30180 -4167 71973 39154 58418 -64556 24066 -4634 66346 -56712 -48535 -29756 -86498 32798 28927 -90625 97135 -1945 9794 47433 74229 -40895 -42607 -12321 -4059 -6228 5342 -37121 33463 -2840 54683 45442 -83404 37840 -59671 45895 -31676 -44977 60570 47805 15019 -22120 38904 2118 52004 46944 -88900 -88519 -9498 87845 -5740 28014 86500 -45342 -46931 37528 -99135 20809 63512 92516 -67029 6446 65063 1795 -99745 51521 76632 -24256 -97367 -20312 -33974 19525 -2935 -93124 -73106 19271 -17520 -95931 -12667 8102 78103 2677 -9033 -15264 35221 56043 60418 66156 95980 -89799 69221 4262 -15307 40223 4047 54862 30243 96275 86582 86797 -65116 -57059 -47058 -55634 -24116 -52373 -88955 -33924 -37024 -95243 -83941 4674 -37327 80932 -83203 50511 -72464 -90253 12614 47772 23033 -73594 93722 -35447 87 98915 -36514 -10902 55120 -79412 99695 76071 -76168 -21036 88414 -61468 -87046 -59633 43547 4306 -71475 -64983 -62142 -43298 -58655 45169 7783 78082 99297 -68381 -29334 -99481 87636 -65501 66728 -24616 -13522 -21895 -64252 -61820 -31515 93527 55877 -59053 -55223 -24700 -37122 -94138 -61028 -39329 81233 -65527 84146 -85391 -96047 -92861 -74700 -50014 -66075 17334 38000 58231 -55094 42757 72830 76182 -57764 -30595 73617 -38187 -12729 -83911 67955 53630 28007 48682 -74864 87210 -38832 -12011 -39640 98950 -57585 58379 -15402 -219 -69440 66781 27060 7701 -51819 54242 -26422 93073 82540 36170 -27963 6929 92743 27977 -1472 -25059 -85318 40865 97557 56260 19094 20160 52050 -4867 -43499 -1443 -81881 -27891 -99088 44659 -50397 -99930 68281 21881 -89581 56609 -85908 2790 -35516 -37745 -1245 -85647 -66220 27181 -50798 -68023 89090 -12349 10906 23178 89802 -57043 10467 -81948 28420 95530 -48146 12545 -50974 54063 -61837 -23590 -15785 56820 75247 42924 49996 23390 85518 18089 19245 -48755 42578 90391 94313 -52209 81197 -21166 -49079 31715 -59053 -83215 -26766 13293 -56437 55716 -58062 -56548 -51222 -57895 38957 -41518 -48411 36851 88933 -78316 -48397 31099 -14690 -53704 89235 -57181 -42991 -11434 57651 -92673 869 -62107 27231 78687 -92815 52281 84912 -23645 -88893 88507 80209 -74861 -27150 -21541 -80493 -54971 -18342 -11292 -57951 -51365 54734 -59408 -34034 -3090 1678 16071 77040 -93110 36945 74416 69089 48715 -42193 50807 85135 -40573 82804 68851 -8655 -90928 -26719 8786 -59035 81965 60854 81291 -50409 -48458 68486 20346 -27036 -70394 -7616 -48422 -10345 44918 90686 -38582 -45677 87612 36915 17121 33291 68804 52702 -4262 63615 -79110 91723 59754 -94329 -10780 -36480 99871 -91540 51862 67513 95188 -29754 -10798 47166 26411 -5258 49523 -9411 -84482 33371 83321 -51459 -9464 25043 -66154 -41018 -52314 94264 83014 78496 -49907 -96327 -98511 26368 -98825 46685 10460 -81639 46160 14225 58074 -20439 31847 -21887 3237 78592 19638 -25255 22259 88507 65179 97455 -8228 -55910 94814 62470 -74316 -29515 43580 -34565 93973 -3863 69430 -169 -4826 -89163 45752 67255 -125 49783 -64249 74214 -63457 20082 73170 -99822 95633 -54724 -12721 -65872 77600 79090 -3273 66499 75110 85281 -30746 64077 -72919 -71014 95559 75098 -83720 96722 -3542 -6916 93689 7605 -53354 71271 -20496 -81202 -62556 10840 72940 6996 16837 10332 69045 33012 -93139 69703 49319 -30451 -87062 93717 -17929 49009 5460 -20775 26845 -90719 -34895 -47471 11227 -30102 -55297 -24224 -14827 99159 -47936 87472 -59136 -93849 12768 -16069 -29049 90440 92022 -41038 -63238 6949 66179 -82396 -22685 -42156 -21783 -84623 82319 74523 -45538 25425 -81336 -9500 -60846 86453 -30140 -50175 -68604 -88725 59567 -82971 -12142 77163 7810 39853 -35130 70537 -92093 62293 93242 -4276 -36883 90476 -79544 95937 -51153 -57130 -4723 -57156 93365 5343 -27743 53738 16449 -26147 14827 43924 21515 -83815 13998 14903 70532 64121 75109 -35 -23854 -26125 -57185 32714 8417 64432 -38984 -90297 22338 72765 93214 -92158 20640 37417 -79203 92556 -89568 91821 -81863 92195 -90389 -71390 -64556 -22844 -23979 37288 -97570 -2503 2690 58860 67817 -22061 -66224 -72531 -70516 93696 33502 26450 -19419 87816 53725 71157 -94823 -93310 -26739 -32844 53138 -81760 -85675 72463 89556 -83817 15166 -55553 83143 -49578 80280 -81286 91881 -23076 49427 -54652 -91934 -25753 49014 57536 -45473 -95733 86894 8593 -24197 -85163 -30558 -77560 -65897 -80762 -84534 20173 -89487 75963 -28042 79584 -45750 -80328 -92339 -8769 -2883 -97553 -43107 -76888 -4466 90826 36890 34628 19462 44084 -17032 -89803 1460 8857 -95957 12894 16621 -6224 69734 -69653 -29935 -69587 -30563 36941 -40245 -9412 -81132 -12933 5681 -94489 48586 -7940 -68427 -30312 88581 -65504 20017 24291 -86433 79648 -59084 -82950 -10147 -39619 41528 1786 -69890 -72548 -12193 -67975 -69202 -79219 85953 13883 -54343 90031 23440 -74777 -32876 -45524 96977 -3063 61570 -49456 -30991 -70675 -90625 2993 -72464 69649 10589 -14641 -97269 65624 -33217 82849 30786 -51038 -16743 -8836 -43520 -68153 83178 -90554 30228 -47553 30879 -80501 -51007 -61825 -98192 15006 -61980 -15613 92326 -91653 43063 69857 -19736 -15883 89952 95983 -53653 -21188 -94756 43863 35676 14546 88537 -90960 93906 59832 12333 76752 55447 -66359 -16742 -39645 -38451 6827 -89782 -74012 76201 -96085 52652 92777 71675 60721 50758 -37727 -80503 54870 -74208 84859 -29512 -84554 -93252 55998 60212 79047 32401 -70046 -56814 88443 63666 18403 85413 -71007 53940 -64422 73478 83712 68530 -51573 35358 36522 17301 -19809 92147 -79847 -12068 86117 54969 -32656 63217 -60672 -6691 -30613 66704 -49742 -21919 85518 -13288 -88478 -61032 6215 11772 -31685 69024 -54462 25621 -36338 39604 86079 13638 63933 56033 3210 14648 -27003 43840 -83602 -78239 -90162 -12371 -81631 -55157 48250 67915 91258 -64434 83197 22770 -61094 -28935 -50448 -94958 92920 11691 29161 23404 30466 61882 35438 -38768 73860 1034 19411 20265 33064 -82528 -96966 29282 -99201 33872 81185 -64675 -34085 -85894 31942 59824 -41519 65952 -6018 -78177 87658 82090 -42595 -49931 94616 99747 -74549 -6816 19120 51083 -53229 -85644 47306 -52737 76118 -34739 13318 1016 -78006 86248 1549 68541 -57014 -95765 -78413 16974 -60408 54569 -14700 92283 -69293 78051 -63188 -29 68929 5165 -84809 78777 47392 9701 53729 10958 -71071 -77079 -94783 45406 -28993 -99568 76530 -37250 63784 -92931 94586 48895 -52675 72567 71758 76059 25184 2520 26723 -43284 98551 8001 -94589 38578 9425 -40093 -45793 -42710 52887 56114 69915 -9183 -88454 2532 2510 84080 6012 68498 29297 12253 -97748 87697 -10774 -7143 -94809 37921 69238 -93050 70029 -90322 -10934 -87242 77938 59493 -86017 43760 -42822 -88714 9076 64033 63027 -51026 -5442 -87428 81363 86044 54807 99658 32385 -90654 -7860 -2804 13006 -22669 -18308 -79596 53365 50448 96296 -24522 -82297 -66759 -31515 -44639 9519 -82742 2876 -87371 -2534 -96631 83283 -52798 56298 66644 97026 53189 59914 -88908 15401 4577 -75827 52375 -69158 99839 65242 32319 -71279 94505 -18605 60249 40667 -44820 8281 29320 36807 -30917 59886 -96238 -37869 -64890 -75443 17944 15985 -26840 47716 82331 -75469 -68831 25367 14152 15052 -12747 -2652 -93894 81693 75082 -89345 -26841 -50644 29423 -11135 68215 -47813 93413 -72418 -12862 16858 -7092 68985 74279 -65325 -53505 62738 -15526 -86253 87745 41134 -35043 46525 3197 -90620 -48139 52893 -84562 -44187 11281 29946 -23680 45547 12551 15895 -5610 3714 23728 -3734 -46685 -14805 -80336 -17299 -34900 -32180 73381 83166 29448 -25431 -47062 56882 -64183 30147 -99727 35823 -72565 -55230 -85130 20113 43050 -88265 99899 87488 -93244 -45608 29127 41499 -76669 -99441 -69676 -99198 -34705 66203 -62432 -98552 31801 -60094 -37260 -32607 -74614 6173 -97475 56574 79663 61093 -93554 51206 21645 -8905 28206 84627 36382 40187 -7319 -70175 5002 4487 -77883 47458 -95156 30727 3873 -31650 -18098 -30306 57083 -87423 -26417 -41440 54660 -24258 95260 76002 85098 4512 88095 -80367 13816 69570 -62956 -67195 80739 -55723 22222 80832 16369 -65335 13123 -72565 -95109 -10745 -29596 69917 -90142 -55599 89837 25 -94933 95472 -52793 37160 70313 -20760 8074 -6755 89014 -13206 53283 -62745 -76139 85412 39042 54076 -16883 417 41802 32945 5044 -34418 63778 51030 -43057 -49674 75290 53352 17910 -28060 -7652 -50142 58988 -83382 39524 -88819 -53803 -38847 41845 -22920 45873 15578 7642 -77912 67510 -20379 -20397 -33148 -41317 91868 87722 -41124 75539 77171 15650 -39222 -977 68849 69333 -90301 62656 -83763 34242 -13679 14913 -11015 -41614 93505 22643 58034 -19794 16075 2852 97593 -43357 -72556 38577 87519 -42900 71423 -33172 -52887 86249 50059 -95795 -96584 -58463 -25155 55619 -56499 68371 27718 40829 -10374 -58825 -46873 -22561 4726 89909 72618 -79442 -16809 -81809 -58148 -70807 98049 11805 28959 5708 92715 -98812 37113 59524 7191 -88406 -76767 -94827 -884 11988 -16810 32560 62971 16859 31607 77649 -58039 84991 -18621 -66069 92689 -3132 10506 -5488 44800 -65712 98040 51162 -42712 45960 -13585 -34321 84143 67410 -89119 64615 72761 -21214 89242 -22777 64104 -11723 -95343 80727 -39035 50540 44320 4701 -49238 38152 -47967 95692 -33478 -1168 2251 57988 98048 -94058 37148 -68594 -32500 -22873 59164 39214 2578 -88583 -63969 58603 86421 6019 -13298 -40983 -51946 80180 45725 86038 -41559 -79886 -9677 73749 -47203 -94191 25665 -95634 22237 57529 -72630 61997 -88872 -23588 84934 38113 82459 30074 35368 11367 -94003 -80154 -5912 -83716 35166 86329 67059 -40783 -37413 -27346 -16447 -81534 -52984 58907 38364 -60949 58047 69239 95001 -34078 -9019 -28336 97545 -77203 33157 -45281 -47754 30069 46819 36545 -71675 -20224 70553 28832 97333 85725 -19373 -62066 -8234 -93804 20025 -19125 -41706 37983 -65166 -87987 -47571 55932 -6795 76507 -84384 70490 86382 -85450 16205 33265 12147 17241 17037 -12721 -12431 -99846 -90938 -15891 -50163 96583 -16458 26921 66995 65751 608 86904 -84363 71000 -42342 2882 18579 -45217 -43042 1988 -82184 -29450 -52613 -33624 23670 -26379 -77839 -6601 -75580 13915 92567 -41307 -60722 61434 -17165 14488 8985 85804 -83120 68104 -27844 33249 81012 -59036 83358 -30682 71071 -36540 9203 -20902 43046 -10340 -80288 16291 38280 -57542 82292 17861 78570 -5186 95188 29881 24276 -46793 -84225 99878 1404 -82091 -31729 2503 -92271 -79021 29133 75558 -33175 -77463 56098 -948 -19633 -93275 90238 -84220 -83903 90949 54186 -59345 -14173 8087 77368 33891 -46979 77435 -13479 57421 71646 11838 -66863 16945 36390 -34619 64069 45978 24222 25195 25447 251 -13889 -31657 -99961 -64855 -41171 -21969 23496 99730 -68173 -25781 -9678 -69989 -49336 18412 -28553 72673 -98293 -66520 39383 69737 -57171 9616 -6656 69049 13126 -10390 -52594 49441 -41606 75015 -1322 25483 -5118 1842 -53142 19086 -3050 99661 -33986 -10595 76741 -32246 -96362 -38562 -20058 53131 66172 33738 98178 50056 -35302 58612 17688 -5300 62576 -6144 -13692 -37907 4677 72151 -21776 64727 -55563 -52498 79789 -87130 51620 -31317 14829 -91185 -13048 -32618 -31851 29729 4260 -6139 32207 85783 83056 -47338 59996 73427 85577 -97071 -82157 47377 90987 71720 22816 950 81203 59038 -56909 16989 -83632 -28550 -37086 34072 41604 -13188 89450 -61531 36176 18160 -83543 -7414 80778 35714 -38830 -28849 70771 70028 -30135 -41093 -93537 -65540 52831 62497 80662 73606 22199 87907 -37069 43948 -16659 -18543 -29138 -53668 -26521 -84091 -59148 61295 -31964 40409 -98057 -20952 83208 11231 35152 37667 988 84185 89796 64584 62556 86449 46269 66795 63005 -87741 41365 86693 18327 5007 -47738 -33168 72274 -54361 27832 -56600 -19432 15133 21989 -72841 -70788 -7999 16768 44146 19565 -49267 25941 40776 -77697 -10509 6598 -67862 5817 -58880 -82966 94132 28133 -44523 -887 24182 -77507 -38514 94525 38292 89398 29826 -48229 -83470 -23515 -94743 83160 67722 -43507 -80242 49204 81100 -69232 4282 11454 8893 88305 -68467 11201 -55536 -18547 95752 76772 73278 4102 61830 89892 43011 37029 89525 51305 68572 91966 13137 25703 3098 -54834 93083 -80077 31651 -63662 -52772 -18205 21751 49291 64934 65150 -52460 -66980 -32462 29509 6121 70985 44716 11047 15333 -88881 80080 19498 -73130 2872 16162 -75882 67213 -29831 36004 74481 49627 -5809 20653 59826 -63052 -12448 19565 40713 -2848 81366 -54771 -49594 -17307 -60328 56672 31795 -85539 -93212 62590 -50426 -23371 98828 -81602 -41619 15731 -37301 -34166 -10577 -29382 -66294 -25039 25392 98211 -74864 -82833 -9334 -17506 35763 -51322 -52622 -82642 46112 -70305 48319 -12641 -77915 16554 -75862 58247 -99495 18214 -93181 13977 19593 23773 71222 12051 74973 58787 -48247 -69337 -45072 -74521 2550 -21950 -18023 -36092 45107 -48503 -49363 4923 -22408 -57702 -8569 -15486 -97872 -41567 -5433 -35820 -36279 82024 93392 95913 89908 -54168 92092 -76788 -91332 -73724 -57926 -11579 -21380 83005 5775 18268 -14146 56176 -81909 -23392 51867 54341 75250 58677 -6109 49643 98332 17704 23530 -88917 -39058 -75019 84257 25853 -99511 -5529 12354 39686 72477 90199 -66983 -3087 44667 -48573 -51081 -89222 -82443 -30334 -43271 -13557 -19622 -2771 1805 -49412 3823 23425 61502 33771 35166 79952 -39588 14544 31217 13661 -38324 9932 65861 -21278 75390 -18236 88575 -18885 51926 33106 -69310 -92041 73460 5856 -49147 97026 -65321 8138 17564 99586 -49436 47991 -63400 66137 -92890 -1169 86044 -93965 -27974 -63141 52192 -22791 -61511 61479 59863 -63263 98272 -79980 -76517 61011 -54145 -30176 17152 -31149 -44300 68375 99548 65333 -10556 -86857 12950 57825 73986 26699 41950 -55570 -84335 50956 51789 93427 -45723 31764 25864 -64770 -68892 -75253 -63718 -95144 -43499 34114 -60409 89608 55202 61269 32457 -49676 54016 98366 56189 -89268 -72513 -3247 -99323 74712 77620 -3648 62970 -8413 -21863 28470 11624 -79388 13922 46489 97128 -84032 89559 64645 1777 34443 -90972 -37744 -90006 -18641 90682 -91924 -98392 -14349 78823 82711 -29197 10109 36528 -95557 -79226 83695 -47422 -68934 -28118 -44629 -37020 9128 -99745 -6224 29395 -31320 -48611 -51302 -73167 92773 -71761 -68616 -9813 -30252 50554 -12870 62386 65507 93762 71870 69509 63399 -65907 51500 -78503 98857 79149 24251 56038 92783 -71750 56321 -666 62937 72478 -87628 57881 -82577 -38411 -575 -23246 -82760 28479 68675 9130 -16901 83333 49156 -66227 -95263 -3369 50457 -20667 42091 66325 -46526 4313 -93431 49428 -92844 -80463 10244 36274 -96436 -71841 98266 -78469 -10785 73444 -43196 94484 9145 -95269 63596 926 -23456 -44894 59506 -21518 -4600 65588 -48721 71763 -30072 59321 29212 -45585 -66943 -84580 -99218 52933 8542 -91251 -69450 -2583 -48502 -12242 -47188 65337 -92404 -5939 -42213 -53058 -9851 13259 95303 -54704 -19190 77514 46956 43338 94536 47227 69572 80470 41427 -95428 -21243 56222 29881 -88672 -30602 7952 -27576 44538 83760 -13371 -15405 -6604 -74501 79085 6044 49467 91947 -44866 -57274 88087 -25861 -91718 -12704 67412 18088 98370 76218 -24186 -73853 -78883 67824 48307 -46299 -3110 -47826 48585 -74271 64304 -99614 -38541 34505 68807 51824 -80707 81827 3927 4957 30447 15503 80152 -93038 63702 77762 -5557 -59322 -80993 33002 -12897 77328 32197 -717 39105 87734 -88769 -31538 82201 -50419 58888 -31730 -62145 54643 -96327 -91425 34946 77445 73098 39222 53871 -62532 -14393 41514 66312 -14945 26896 34722 -47598 59578 87448 42693 -88181 -49739 25373 -93785 -43808 18541 23599 -45958 97008 -78360 -59785 -86435 -3472 44646 45482 7352 48602 68417 80297 -19819 36148 -6997 -46194 81379 -83865 19777 -33937 36447 20260 44499 -79646 -50489 -32800 -94122 89480 55328 -8492 81237 71398 -69173 -28224 -96262 -16265 -84980 94937 -81152 45111 -73529 -36363 86232 85988 1264 -80348 29570 -91223 -99382 -90247 -27608 34927 -6201 -20198 90882 72274 -71385 89723 94255 -64567 78788 -49588 74442 -34244 32734 -72859 -97799 90090 52743 -25440 77835 -14709 -56637 -16552 -14323 -34724 83427 49995 975 -61698 -15277 -5328 13080 -79469 -28810 -29501 -73489 -59271 73845 87829 81504 92295 47845 42101 16772 -83944 -83573 -84649 60473 -49994 73367 -66130 -68239 -12620 -61818 54354 -32957 -71722 30090 13068 -71271 -70985 -74771 -19284 35033 -38610 -58699 -34334 96644 84395 -90095 57002 6489 96466 -10140 98478 -64473 77410 7827 -79973 -65471 -67638 1715 8248 87264 47739 -21731 35336 -76920 84208 67016 -84180 -99516 -79810 -83149 -56825 86020 -45727 -42524 82452 -93988 -67870
2 -5